p_val	avg_log2FC	pct.1	pct.2	p_val_adj	cluster	gene
0	0.506297532140454	0.322	0.082	0	pLOF	FABP7
0	0.458447440945991	0.368	0.099	0	pLOF	NEFL
0	0.43466835199822	0.504	0.197	0	pLOF	C8orf74
0	0.400242723173074	0.562	0.258	0	pLOF	AC025263.3
0	0.393160342136697	0.47	0.18	0	pLOF	THEMIS2
0	0.368024209259867	0.71	0.386	0	pLOF	HRH2
0	0.342804995961661	0.562	0.265	0	pLOF	WNT9A
0	0.312504830192053	0.715	0.462	0	pLOF	CDYL2
0	0.302600242559235	0.742	0.506	0	pLOF	MYRFL
0	0.298544722914589	0.735	0.459	0	pLOF	GAS6
0	0.27712140513097	0.804	0.582	0	pLOF	SH3TC2
0	0.272983525326431	0.837	0.614	0	pLOF	UBR4
0	0.271610615203802	0.779	0.569	0	pLOF	RASGEF1A
0	0.261858390984394	0.827	0.632	0	pLOF	HAVCR1
0	0.255492937925898	0.784	0.541	0	pLOF	BACE2
0	0.249941029386942	0.8	0.616	0	pLOF	UBAC2
0	0.236199244622199	0.943	0.84	0	pLOF	RBPMS
0	0.234826110559802	0.816	0.657	0	pLOF	PGBD5
0	0.224336067134436	0.828	0.623	0	pLOF	CRTAC1
0	0.224135350506457	0.813	0.564	0	pLOF	FABP6
0	0.22190484374202	0.86	0.71	0	pLOF	ABLIM2
0	0.216089961201267	0.939	0.789	0	pLOF	SYNPO
0	0.208601450971693	0.935	0.823	0	pLOF	PRELID2
0	0.202869568816857	0.966	0.89	0	pLOF	TNIP1
0	0.202062413775434	0.876	0.725	0	pLOF	PLXDC2
0	0.201718193313456	0.889	0.786	0	pLOF	DPYSL2
0	0.196998574297049	0.982	0.961	0	pLOF	COL23A1
0	0.18992663901732	0.902	0.818	0	pLOF	NHS
0	0.1882610043686	0.901	0.77	0	pLOF	PHLDB2
0	0.186874851971008	0.92	0.803	0	pLOF	AHDC1
0	0.185223760133486	0.9	0.778	0	pLOF	RP11-507K12.1
0	0.175906353027174	0.908	0.822	0	pLOF	BNIP3L
0	0.148472450404415	0.955	0.908	0	pLOF	AFF1
0	0.102657544075609	0.988	0.973	0	pLOF	ARHGAP26
3.45845952088873e-323	0.17089836773868	0.923	0.841	6.78100158260652e-319	pLOF	ABTB2
7.01961211786906e-316	0.150274464965243	0.938	0.878	1.37633534795059e-311	pLOF	ZNF395
9.0839408749487e-315	0.186097557745314	0.853	0.69	1.78108828735119e-310	pLOF	PTPRF
3.35560169305422e-311	0.233611597313782	0.767	0.55	6.5793282395714e-307	pLOF	HNF4G
2.67496593189897e-309	0.154444435579817	0.942	0.874	5.24480570267432e-305	pLOF	TRABD2B
4.98715509813403e-305	0.242496276586941	0.734	0.522	9.77831500091139e-301	pLOF	BCAS1
2.00811416932636e-299	0.231958146258332	0.695	0.433	3.93730945179819e-295	pLOF	CRISPLD2
2.77067740539415e-296	0.398432056059247	0.41	0.147	5.4324671887563e-292	pLOF	S100A14
5.55831706378983e-296	0.187566308861387	0.9	0.781	1.08981922669727e-291	pLOF	ALPK2
3.63131818056199e-295	0.265960270880851	0.701	0.471	7.11992555662789e-291	pLOF	KCNN3
4.25198136907929e-294	0.212572130111424	0.806	0.642	8.33685987035377e-290	pLOF	DCDC2
3.60489545539824e-293	0.315170964069627	0.607	0.327	7.06811851939934e-289	pLOF	RP1L1
2.51086456365184e-287	0.228489457488786	0.724	0.504	4.92305214995215e-283	pLOF	MINOS1-NBL1
3.17272359050475e-287	0.161990926872525	0.961	0.893	6.22075914390266e-283	pLOF	BICC1
7.32441914226108e-286	0.249899451399071	0.724	0.473	1.43609886122313e-281	pLOF	ADAM19
1.10592444481077e-285	0.182669965786123	0.84	0.684	2.16838605894048e-281	pLOF	STK40
6.30469386104551e-285	0.334919758977308	0.368	0.134	1.23616132533519e-280	pLOF	CDX1
5.17800138477637e-283	0.199895000439206	0.822	0.689	1.0152507315131e-278	pLOF	EZR
4.433318853167e-280	0.168759943347507	0.902	0.811	8.69240827540454e-276	pLOF	CNKSR3
1.58750441014514e-279	0.205234560982044	0.788	0.598	3.11261989697158e-275	pLOF	PTK2B
9.40359141484143e-276	0.163622749483144	0.887	0.774	1.84376216870796e-271	pLOF	FAT1
1.20877322739215e-271	0.166488424739565	0.896	0.803	2.37004166694779e-267	pLOF	COL4A2
6.0968685542904e-269	0.124068456425847	0.937	0.867	1.19541301743972e-264	pLOF	DIAPH1
7.19321450484313e-264	0.125687811813019	0.956	0.915	1.41037356796459e-259	pLOF	FBXO16
5.48202626743809e-259	0.0822230586988734	0.99	0.971	1.07486089025659e-254	pLOF	ERGIC1
2.45022433884655e-256	0.115748610165021	0.951	0.911	4.80415486117644e-252	pLOF	WWC1
2.86428527938543e-256	0.173456772380058	0.672	0.514	5.61600414729102e-252	pLOF	NEURL1B
6.3446164476411e-252	0.195699044700802	0.788	0.636	1.24398894688899e-247	pLOF	GPX3
3.39602197621444e-250	0.180077004811477	0.792	0.601	6.65858028876366e-246	pLOF	CCNJL
7.944175936274e-249	0.172671960027813	0.863	0.703	1.55761457582524e-244	pLOF	DPP9
8.0244746882528e-245	0.230107704656547	0.695	0.498	1.57335875212573e-240	pLOF	KLHL25
4.56189773836189e-242	0.16613248594469	0.838	0.691	8.94451289560616e-238	pLOF	PLEKHA2
9.54623050294195e-242	0.329565077835122	0.36	0.154	1.87172941471183e-237	pLOF	VNN1
1.16456333409857e-241	0.275484135613405	0.576	0.304	2.28335932916706e-237	pLOF	EHF
1.62657960971142e-241	0.177041572308845	0.865	0.719	3.18923464076118e-237	pLOF	PAX2
3.08584740755672e-239	0.2056608680086	0.756	0.584	6.05042101199645e-235	pLOF	NDST1
4.22360881227873e-239	0.100709618414973	0.977	0.95	8.28122979823491e-235	pLOF	CMIP
4.56172843820019e-237	0.226028265808052	0.683	0.47	8.94418094877912e-233	pLOF	ELAVL1
5.43345598673268e-237	0.282898570842401	0.4	0.213	1.06533771531868e-232	pLOF	FAM167A
3.76904789647461e-236	0.247958147294567	0.604	0.371	7.38997221061777e-232	pLOF	CA2
1.28908681386558e-235	0.131084921497174	0.885	0.799	2.52751251594625e-231	pLOF	DLG5
2.20955159114794e-235	0.351317941145377	0.219	0.051	4.33226780476377e-231	pLOF	HLA-G
5.24701403667811e-235	0.224010430873115	0.684	0.488	1.02878204217148e-230	pLOF	SNX33
2.15081381665181e-234	0.233173566663775	0.694	0.513	4.2171006503092e-230	pLOF	TMEM72
8.21102002808218e-230	0.14387540436507	0.893	0.81	1.60993469690607e-225	pLOF	PTPN14
5.02374788094989e-229	0.137739261603231	0.927	0.863	9.85006247017845e-225	pLOF	CCNY
1.07959740729315e-228	0.179621031970321	0.802	0.663	2.11676663647967e-224	pLOF	TRAF3IP2
8.03358452775398e-228	0.171875496414746	0.837	0.754	1.57514491835672e-223	pLOF	INTS3
8.89783195838241e-227	0.150163692877376	0.86	0.718	1.74459791208004e-222	pLOF	NCK2
4.24463291960091e-226	0.199531160804647	0.686	0.465	8.3224517654615e-222	pLOF	ALOX5
4.40966636742367e-226	0.272789083350114	0.486	0.269	8.64603284660759e-222	pLOF	TIMD4
1.01089816727021e-225	0.120320602536664	0.926	0.858	1.9820680365667e-221	pLOF	PFKP
1.29110075049871e-225	0.298043349469349	0.492	0.25	2.53146124150283e-221	pLOF	SLC27A3
1.959854569494e-225	0.252098801289752	0.62	0.383	3.84268685440689e-221	pLOF	TRIM35
4.80485488497056e-225	0.183182830536241	0.778	0.615	9.42087897296178e-221	pLOF	CARS
5.70831948958774e-225	0.221803321122427	0.654	0.417	1.11923020232347e-220	pLOF	KIAA1522
3.00690156145601e-222	0.15476926695016	0.853	0.733	5.8956318915468e-218	pLOF	PLCXD2
5.90238766004874e-221	0.150595745006647	0.853	0.751	1.15728114850576e-216	pLOF	CPEB4
1.13438548221655e-215	0.161200493032975	0.838	0.711	2.22418961498199e-211	pLOF	HERC3
2.01938057152966e-215	0.184392422257046	0.737	0.551	3.9593994865982e-211	pLOF	TBC1D7
1.23171972254868e-214	0.145191689967805	0.876	0.773	2.41503286000119e-210	pLOF	CYFIP2
3.12000399205748e-211	0.235316885090743	0.677	0.439	6.11739182722709e-207	pLOF	SLC1A2
1.02163192189744e-210	0.149939009167376	0.883	0.749	2.00311370926431e-206	pLOF	ACOXL
1.45341541669661e-209	0.235771739011288	0.553	0.319	2.84971160751705e-205	pLOF	LMO1
3.09810225406885e-209	0.143083694248988	0.901	0.809	6.07444908955279e-205	pLOF	ARHGEF10L
8.40250006646925e-209	0.281603307142673	0.447	0.208	1.64747818803263e-204	pLOF	MFSD2A
3.25507398918785e-208	0.233387601515509	0.653	0.438	6.38222357060062e-204	pLOF	PINX1
2.45250707441133e-207	0.167813776580385	0.834	0.727	4.80863062079829e-203	pLOF	GRAMD3
2.53443769787265e-207	0.162854224464519	0.818	0.684	4.96927199421891e-203	pLOF	SLC22A5
3.74582917622556e-207	0.156476882040726	0.845	0.723	7.34444726582546e-203	pLOF	PHC2
6.50597478139204e-206	0.306514375172143	0.407	0.169	1.27562647538754e-201	pLOF	GPR153
5.79652137275043e-205	0.191191011979877	0.796	0.619	1.13652394555518e-200	pLOF	DTNA
1.46901234660803e-204	0.135351341752329	0.895	0.761	2.88029250799436e-200	pLOF	KCNIP1
4.89993849783057e-203	0.23568394767821	0.645	0.42	9.60730941269639e-199	pLOF	AGPAT4
2.84832526983189e-202	0.264262114383421	0.565	0.349	5.58471135655939e-198	pLOF	S100A13
5.34350727229895e-202	0.214886283140145	0.651	0.432	1.04770147087966e-197	pLOF	GFRA2
2.38960213514009e-201	0.160286764469483	0.822	0.677	4.68529290636918e-197	pLOF	DHRS3
2.71335767097411e-201	0.243656193613783	0.552	0.31	5.32008038547894e-197	pLOF	NBL1
1.21998329649185e-200	0.167679980413101	0.844	0.69	2.39202124943157e-196	pLOF	EVC
5.85675226562465e-200	0.209646442931694	0.691	0.535	1.14833341672103e-195	pLOF	DUSP10
1.19516207435136e-199	0.280135719570861	0.528	0.301	2.34335427918071e-195	pLOF	VASH2
2.35854355376042e-198	0.216136606029442	0.653	0.425	4.62439634585805e-194	pLOF	SLCO2A1
2.97687579839509e-198	0.203395767116491	0.726	0.545	5.83676037791325e-194	pLOF	RP13-279N23.2
3.04418741790465e-197	0.274507638855355	0.53	0.311	5.96873827028564e-193	pLOF	S100A1
3.9323850978601e-196	0.158495271227279	0.802	0.638	7.7102274613743e-192	pLOF	SEL1L3
4.48103410334676e-196	0.219735485580989	0.658	0.465	8.785963566432e-192	pLOF	PPP2CB
4.38626861499225e-195	0.297135859440837	0.428	0.206	8.6001568734153e-191	pLOF	RNF186
2.09196458186348e-194	0.214524867953719	0.687	0.473	4.10171495565972e-190	pLOF	TSPAN15
2.27746434460582e-194	0.181792645500033	0.793	0.657	4.46542434046863e-190	pLOF	TPM1
9.3414293964555e-194	0.145796840654188	0.816	0.618	1.83157406176303e-189	pLOF	ADAMTS2
4.31631322207898e-192	0.164725967607636	0.803	0.656	8.46299533453026e-188	pLOF	HK2
3.84589276321722e-191	0.164165327527347	0.77	0.629	7.54064194084e-187	pLOF	C10orf10
1.80051358584741e-190	0.120906613728809	0.907	0.827	3.53026698777101e-186	pLOF	CYSTM1
7.97367021569117e-190	0.13760736904674	0.897	0.817	1.56339751919057e-185	pLOF	SOD2
8.51524496291419e-190	0.168650141803892	0.794	0.652	1.66958407987858e-185	pLOF	TTC39A
5.87976141302413e-189	0.351219865703888	0.292	0.1	1.15284482025164e-184	pLOF	SLC30A2
7.73564018018531e-189	0.159802603164448	0.852	0.704	1.51672697012893e-184	pLOF	ZBTB7C
2.61783626444154e-187	0.139055924229234	0.883	0.804	5.13279156369052e-183	pLOF	MYLK
3.92957671238781e-187	0.23847391319425	0.602	0.383	7.70472105997878e-183	pLOF	C5orf67
1.53778469467459e-186	0.151316680385795	0.896	0.806	3.01513445084848e-182	pLOF	LIPC
2.11696964338355e-186	0.237207436746159	0.494	0.271	4.15074237978214e-182	pLOF	KNDC1
1.14185960384199e-185	0.195603936377334	0.671	0.463	2.23884412525299e-181	pLOF	CD99
1.83468195811542e-185	0.258111185049648	0.532	0.289	3.59726091527691e-181	pLOF	NOD2
8.17356356136905e-184	0.153794900565492	0.596	0.434	1.60259060747763e-179	pLOF	ST6GAL1
9.20927155110649e-183	0.208836774053645	0.653	0.454	1.80566187302545e-178	pLOF	PLSCR1
1.84358215034901e-182	0.151513549239524	0.838	0.713	3.6147115221893e-178	pLOF	TMEM51
4.39315015086034e-182	0.229207146392143	0.584	0.361	8.61364950079186e-178	pLOF	SGK223
8.91424370663796e-182	0.193335455806937	0.738	0.538	1.7478157635605e-177	pLOF	DAPK2
1.94198984541555e-180	0.140323813145039	0.859	0.785	3.80765948990626e-176	pLOF	SORBS2
4.11899106996698e-180	0.166678383279452	0.834	0.685	8.07610579088426e-176	pLOF	KCNJ15
1.88122738820336e-179	0.187431583021414	0.669	0.43	3.68852254005033e-175	pLOF	GFPT2
4.82461171625549e-178	0.110768484659738	0.914	0.88	9.45961619206214e-174	pLOF	RASSF4
9.87490272860151e-178	0.195553733639752	0.582	0.366	1.9361721779969e-173	pLOF	PADI1
1.80364319104273e-176	0.137096691476001	0.85	0.752	3.53640320467748e-172	pLOF	SH3TC1
1.53311071249626e-175	0.168133717491429	0.791	0.64	3.00597017399143e-171	pLOF	APBB1IP
2.34433720069384e-175	0.13191819886613	0.854	0.74	4.59654194940041e-171	pLOF	SH3PXD2B
8.20083305060634e-175	0.332531012632577	0.326	0.128	1.60793733623238e-170	pLOF	SLFNL1
1.77631947493846e-174	0.300462261557392	0.363	0.146	3.48282959451185e-170	pLOF	AL513523.2
2.05942264474781e-174	0.10969773269162	0.88	0.791	4.03790997955702e-170	pLOF	ATOX1
4.51887350431522e-173	0.203222478911362	0.628	0.394	8.86015527991086e-169	pLOF	AC027682.1
5.3293881266957e-173	0.225037965408388	0.632	0.427	1.04493313000123e-168	pLOF	CHI3L2
1.0866863913003e-172	0.229518112044875	0.6	0.345	2.1306660074225e-168	pLOF	TGFBI
1.23265090552296e-172	0.333600149013884	0.236	0.063	2.41685863045887e-168	pLOF	ARX
1.26241445539716e-171	0.22231575879123	0.565	0.357	2.47521602269721e-167	pLOF	PKP1
6.78265343522158e-171	0.205788487022931	0.679	0.484	1.3298748590439e-166	pLOF	CTD-2135J3.4
7.76783276199041e-171	0.269411093275793	0.427	0.199	1.52303896964346e-166	pLOF	SPHK1
3.58447537523128e-169	0.111309170530648	0.934	0.864	7.02808086821597e-165	pLOF	CUBN
7.2030172333538e-169	0.114083231804299	0.902	0.831	1.41229558894368e-164	pLOF	ABLIM3
1.66494819742143e-168	0.211270831974335	0.646	0.458	3.26446393068419e-164	pLOF	ALDH4A1
3.81933562353606e-168	0.128447068529301	0.87	0.78	7.48857135706715e-164	pLOF	PEBP4
6.61484411369291e-168	0.223594987248393	0.567	0.345	1.29697248537177e-163	pLOF	IL10RB
2.35680187671814e-166	0.140396068350272	0.85	0.755	4.62098143968127e-162	pLOF	SCMH1
1.76095444408858e-165	0.170476160058824	0.721	0.549	3.45270337852447e-161	pLOF	QSOX1
2.64966192603751e-165	0.236478722097422	0.429	0.222	5.19519213838174e-161	pLOF	N4BP3
2.90804317751507e-165	0.223103619854543	0.539	0.317	5.7018002581538e-161	pLOF	COL16A1
2.39485821881142e-164	0.142943454267866	0.872	0.768	4.69559850962354e-160	pLOF	B4GALT5
1.05856676057229e-163	0.174057232595027	0.735	0.551	2.07553184745409e-159	pLOF	IFNGR2
1.55694670581615e-163	0.130433865239168	0.766	0.642	3.05270540609373e-159	pLOF	FBXW11
1.13734188559467e-162	0.181509110349221	0.711	0.529	2.22998623508547e-158	pLOF	NFKB1
1.23176231314853e-162	0.235747397175112	0.572	0.36	2.41511636739032e-158	pLOF	VSTM4
1.70607606922612e-162	0.205707170475255	0.607	0.396	3.34510334893166e-158	pLOF	CST3
4.78855273048153e-162	0.113794697261376	0.926	0.86	9.38891533865514e-158	pLOF	SHB
1.20827881806469e-161	0.221089272174091	0.551	0.319	2.36907227857944e-157	pLOF	FAM84A
2.85503260667833e-161	0.139677378066807	0.831	0.716	5.59786243191421e-157	pLOF	PDLIM5
3.70470690493596e-161	0.139669151164381	0.857	0.76	7.26381882850794e-157	pLOF	MBNL1
1.50780379132216e-160	0.161841456218382	0.771	0.572	2.95635089364536e-156	pLOF	CHST15
2.83096885189308e-159	0.140061615453868	0.861	0.762	5.55068062790677e-155	pLOF	ENPEP
4.46598818374748e-159	0.222227121935656	0.554	0.36	8.75646303187369e-155	pLOF	KIAA1524
9.51765290653676e-159	0.343275867808472	0.272	0.084	1.86612620538466e-154	pLOF	TPSG1
2.26326907339281e-158	0.155743913320903	0.712	0.543	4.43759167220127e-154	pLOF	PHYKPL
5.7469686110125e-158	0.118418444165697	0.837	0.7	1.12680813556122e-153	pLOF	DUSP1
6.71434500758555e-158	0.167624190655324	0.739	0.581	1.3164816256373e-153	pLOF	CLN8
1.42757808901998e-157	0.245439057912902	0.527	0.306	2.79905235914148e-153	pLOF	C1orf168
3.12563908867409e-157	0.204584087386056	0.613	0.411	6.12844056116328e-153	pLOF	MFN2
9.61866675276006e-157	0.126099847417069	0.868	0.76	1.88593199021367e-152	pLOF	TMCO4
5.27370060274382e-155	0.252462805681518	0.548	0.342	1.03401447717998e-150	pLOF	MAL
1.19787577288821e-154	0.280758237002088	0.405	0.194	2.34867502790192e-150	pLOF	DUSP4
1.27626972445359e-154	0.116452910539049	0.853	0.737	2.50238204873616e-150	pLOF	STK10
1.47628169620812e-154	0.125270655095413	0.9	0.835	2.89454552175526e-150	pLOF	CELSR1
2.73457743500448e-154	0.140578854893747	0.825	0.703	5.36168597681329e-150	pLOF	RAP1GAP
1.45328178011118e-153	0.170999168483974	0.819	0.652	2.84944958626398e-149	pLOF	BTBD11
2.4668032430063e-153	0.183613563840383	0.635	0.421	4.83666111856246e-149	pLOF	IL20RB
2.80068898130755e-153	0.199106019768399	0.627	0.417	5.49131088564972e-149	pLOF	TBX15
1.47888902626338e-152	0.148309387945791	0.807	0.675	2.89965771379462e-148	pLOF	BRD4
1.5983835491614e-152	0.153190846556196	0.785	0.654	3.13395062484077e-148	pLOF	ACOT11
2.59713919565972e-152	0.163746088699516	0.695	0.512	5.09221082093001e-148	pLOF	MEGF6
3.21591296395962e-151	0.145699970297233	0.879	0.773	6.30544054843563e-147	pLOF	MYO5B
5.88373142234124e-150	0.130724507536579	0.874	0.758	1.15362321997845e-145	pLOF	APP
1.42644197479528e-149	0.103472210679203	0.891	0.819	2.7968247799811e-145	pLOF	SQSTM1
1.05369183788371e-147	0.174376249759032	0.706	0.518	2.06597358653859e-143	pLOF	IFFO2
5.07333974165379e-147	0.143418834199267	0.788	0.659	9.94729723146058e-143	pLOF	CLCN3
7.15795043376545e-147	0.279387789379977	0.384	0.173	1.40345934154839e-142	pLOF	KY
3.92645650347853e-146	0.183084696072788	0.711	0.541	7.69860326637034e-142	pLOF	PKD2
4.03868910911549e-146	0.151697384307534	0.749	0.587	7.91865773624274e-142	pLOF	AK2
8.61392507320581e-146	0.106239124605733	0.893	0.81	1.68893228910346e-141	pLOF	LARP1
1.39531066180162e-145	0.233203649648705	0.461	0.282	2.73578561459444e-141	pLOF	SIMC1
3.53388616703993e-145	0.2376049816099	0.35	0.155	6.92889060771519e-141	pLOF	PRSS8
7.00974200699697e-144	0.20388109453828	0.563	0.362	1.3744001153119e-139	pLOF	XXbac-BPG246D15.9
8.59391853915709e-144	0.265774219731105	0.457	0.24	1.68500960797253e-139	pLOF	C10orf128
1.73515480614201e-142	0.132238038644627	0.76	0.623	3.40211802840264e-138	pLOF	RNF44
1.98427317194427e-141	0.137192407475869	0.849	0.751	3.89056440823113e-137	pLOF	RP11-192H23.4
1.32633080262786e-140	0.20641620139204	0.537	0.334	2.60053680471245e-136	pLOF	DSP
1.57910238158982e-140	0.12325025971233	0.894	0.813	3.09614603958315e-136	pLOF	BCL2L1
5.56370356612341e-140	0.169875495595444	0.697	0.528	1.09087535820982e-135	pLOF	MFHAS1
5.59593761289264e-140	0.135757215376578	0.808	0.678	1.09719548775986e-135	pLOF	DNMT3A
1.80864606601233e-139	0.199783233891533	0.502	0.313	3.54621234163038e-135	pLOF	ARSI
1.81742409326262e-139	0.221959668715585	0.53	0.326	3.56342341966001e-135	pLOF	CNDP1
2.34754534459742e-139	0.195907965500702	0.672	0.462	4.60283215715215e-135	pLOF	NOX4
7.21863359852867e-139	0.169721059789469	0.713	0.55	1.41535748966352e-134	pLOF	PISD
7.39815404263043e-139	0.151920909171665	0.784	0.667	1.45055606313855e-134	pLOF	ABHD2
1.05931369314276e-137	0.236469713553809	0.445	0.239	2.07699635814501e-133	pLOF	LRRN4
1.73288871764331e-137	0.159568977635785	0.71	0.552	3.39767490868323e-133	pLOF	PSAP
2.1457223492357e-137	0.140816135716216	0.866	0.771	4.20711781014644e-133	pLOF	CFLAR
2.26591662060339e-137	0.150368825555251	0.734	0.583	4.44278271801706e-133	pLOF	STOML1
3.8942495492793e-137	0.158796070635515	0.791	0.657	7.63545509127192e-133	pLOF	VPS13D
1.14861557991296e-136	0.163555608403561	0.694	0.533	2.25209056753535e-132	pLOF	GSR
2.04087502766544e-136	0.12825064149494	0.853	0.733	4.00154366674362e-132	pLOF	ZBTB38
4.53865415500409e-136	0.140797658141231	0.733	0.566	8.89893920171652e-132	pLOF	VASN
1.52318089154044e-135	0.151951152933741	0.785	0.66	2.98650077404335e-131	pLOF	PLIN2
4.69594477235272e-135	0.232620483913588	0.42	0.233	9.20733891515198e-131	pLOF	SPINK13
5.08144217251446e-135	0.205172377682636	0.608	0.406	9.9631836676491e-131	pLOF	LAMB3
2.6740670209547e-134	0.173060750124305	0.708	0.532	5.24304320798589e-130	pLOF	NHSL2
2.72744615334638e-134	0.271633339694313	0.332	0.147	5.34770367286624e-130	pLOF	POPDC2
3.81359551879766e-134	0.174764501344081	0.617	0.413	7.47731673370657e-130	pLOF	CNGB1
1.729656004881e-133	0.126524884349306	0.906	0.816	3.39133652877018e-129	pLOF	SPATS2L
3.99951845110179e-133	0.178024268377611	0.708	0.545	7.84185582707528e-129	pLOF	AKAP12
2.17600454680627e-132	0.137017144690259	0.795	0.66	4.26649211492305e-128	pLOF	MFAP3
2.99291976885373e-132	0.229788998716419	0.424	0.223	5.86821779079151e-128	pLOF	SULT4A1
5.56138052826781e-131	0.194692977951825	0.567	0.368	1.09041988017747e-126	pLOF	RRAD
3.92100450893596e-130	0.15350325280102	0.79	0.663	7.68791354067074e-126	pLOF	MSN
9.47912308663313e-130	0.226372552340028	0.355	0.182	1.85857166359616e-125	pLOF	CD200
1.7944257689728e-129	0.144302743223166	0.745	0.6	3.51833060522497e-125	pLOF	GUCY1A3
3.70791684579549e-129	0.317699045069094	0.151	0.038	7.27011255955122e-125	pLOF	IL13
1.70105539206305e-128	0.221602085732323	0.478	0.285	3.33525930721803e-124	pLOF	IRF8
2.02185764911336e-128	0.211357739111252	0.524	0.327	3.96425629261657e-124	pLOF	PNCK
5.00804390097225e-128	0.160366326424482	0.653	0.476	9.81927167663629e-124	pLOF	H2AFY
6.93256455022391e-128	0.155158573817658	0.704	0.546	1.3592679313624e-123	pLOF	SCARB2
1.12646468571156e-127	0.287399245845737	0.3	0.116	2.20865930927465e-123	pLOF	S100A3
1.65792588409868e-127	0.218034444401545	0.453	0.233	3.25069528095229e-123	pLOF	LOXL4
8.65402888701931e-127	0.23582676611065	0.49	0.288	1.69679544387788e-122	pLOF	LINC01420
1.59658087448468e-126	0.22102203255039	0.465	0.302	3.13041612060211e-122	pLOF	SH3GL2
1.86723859522197e-126	0.258639033956458	0.44	0.225	3.66109471365172e-122	pLOF	ADRA1A
1.1171963780657e-125	0.166451930727246	0.606	0.425	2.19048693847343e-121	pLOF	IL15RA
1.33797717060659e-125	0.162916753101735	0.58	0.38	2.62337183840835e-121	pLOF	GTPBP6
2.15708354032136e-125	0.229396224290003	0.364	0.175	4.22939369750808e-121	pLOF	PMAIP1
2.16276092997811e-125	0.179274589879394	0.599	0.399	4.24052535540808e-121	pLOF	IFI16
4.02469587802128e-125	0.163964797240339	0.669	0.508	7.89122120803632e-121	pLOF	CTPS1
4.37260370442997e-125	0.219921570853889	0.514	0.322	8.57336408327585e-121	pLOF	SLC45A3
1.08628551776411e-124	0.185861290838005	0.678	0.497	2.12988001468008e-120	pLOF	SPSB1
3.49290363629466e-123	0.208436533397597	0.53	0.333	6.84853615968295e-119	pLOF	DOK7
3.66785321188481e-123	0.131639888909584	0.887	0.784	7.19155979254254e-119	pLOF	LRCH1
9.97684331946949e-123	0.177680069117978	0.672	0.486	1.95615966964838e-118	pLOF	TMEM266
1.15260264810233e-122	0.246223406729728	0.42	0.218	2.25990801213423e-118	pLOF	MRTO4
1.9623831729926e-122	0.124381049223683	0.867	0.728	3.8476446872866e-118	pLOF	FSTL4
2.98699455314355e-122	0.264030681402972	0.301	0.136	5.85660022034855e-118	pLOF	HSPB7
4.02212218553479e-122	0.0902911189199849	0.956	0.928	7.88617496917806e-118	pLOF	KIAA1671
8.84522506873219e-122	0.126769056621841	0.813	0.684	1.73428327922632e-117	pLOF	NCEH1
3.7280195914206e-121	0.100067392144987	0.888	0.8	7.30952801289837e-117	pLOF	ADCY5
5.964618289937e-121	0.106037581480864	0.879	0.784	1.16948270810795e-116	pLOF	RP11-439C15.6
6.41878590485859e-121	0.237935941623745	0.242	0.101	1.25853135236562e-116	pLOF	MSX2
2.12725930774501e-120	0.178570808871546	0.673	0.493	4.17091732469563e-116	pLOF	CLU
3.84352397966056e-120	0.211259180853393	0.583	0.384	7.53599746692047e-116	pLOF	SV2B
4.01111942266189e-120	0.16776120650849	0.593	0.412	7.86460185201317e-116	pLOF	TPST2
1.83819299056696e-119	0.266174624449176	0.292	0.13	3.60414499660463e-115	pLOF	LTF
2.59971557652792e-119	0.194655001526947	0.548	0.358	5.09726233089829e-115	pLOF	PECAM1
8.71909972183612e-119	0.144646444592407	0.707	0.532	1.70955388246041e-114	pLOF	DPF3
9.89734318577441e-119	0.141092913242826	0.807	0.684	1.94057207843479e-114	pLOF	SMAD7
1.04816382822924e-118	0.294823748056221	0.253	0.098	2.05513481800907e-114	pLOF	NIPAL4
1.63350593821932e-118	0.141711173498533	0.767	0.651	3.20281509306663e-114	pLOF	UGT2B7
1.81477075133282e-118	0.141899316458038	0.722	0.592	3.55822101213826e-114	pLOF	SYNJ2
1.86728064434978e-118	0.23550092094607	0.339	0.155	3.66117715937661e-114	pLOF	S100A6
3.44622793331351e-118	0.0998164383611826	0.931	0.865	6.7570191088478e-114	pLOF	SIPA1L3
4.79058674677624e-118	0.191361123644496	0.57	0.369	9.39290343440418e-114	pLOF	TUBB6
1.14922892341402e-117	0.225859643017266	0.413	0.218	2.25329315013787e-113	pLOF	WISP2
2.2119137683181e-117	0.106867283617504	0.846	0.776	4.3368993255413e-113	pLOF	SLC22A4
4.98396019779525e-117	0.14208336456508	0.696	0.531	9.77205075981714e-113	pLOF	TRAPPC3
7.38239524147041e-117	0.10526416613962	0.795	0.675	1.4474662349951e-112	pLOF	G3BP1
1.10539807884879e-116	0.143206739523415	0.686	0.516	2.16735401319882e-112	pLOF	ZC3H12A
1.11514324671342e-116	0.140811075555464	0.786	0.675	2.18646136383101e-112	pLOF	DERA
1.17322178653558e-116	0.176823862036675	0.608	0.424	2.30033595686032e-112	pLOF	PPP1R3B
3.21606009532947e-116	0.230978082649014	0.399	0.197	6.30572902891248e-112	pLOF	COL6A2
5.05715607541948e-116	0.151050385197471	0.665	0.493	9.91556591707497e-112	pLOF	FA2H
6.67471530351067e-116	0.109243658119233	0.887	0.841	1.30871142955934e-111	pLOF	IL6R
1.23279798417668e-115	0.16069181973917	0.723	0.57	2.41714700757521e-111	pLOF	PUM3
1.41499846176266e-115	0.169305940492358	0.684	0.519	2.77438748397806e-111	pLOF	ITGB3
2.82750620854077e-115	0.115638217625215	0.815	0.702	5.54389142308588e-111	pLOF	TNKS1BP1
4.28612137704822e-115	0.129239025596852	0.844	0.738	8.40379818397845e-111	pLOF	MYO1E
4.39538159803057e-115	0.212387838729229	0.512	0.301	8.61802469925855e-111	pLOF	ETV7
8.88255017707386e-115	0.213927614480989	0.508	0.313	1.74160161321887e-110	pLOF	C2orf82
9.58146622159079e-115	0.196215086261446	0.453	0.256	1.87863808206731e-110	pLOF	CLIC6
1.64953449334919e-114	0.220095586366557	0.46	0.253	3.23424228110975e-110	pLOF	S100A4
1.89740834224851e-114	0.224612506499981	0.494	0.299	3.72024853664664e-110	pLOF	DPT
6.8617378883661e-114	0.237923169172957	0.399	0.205	1.34538094777194e-109	pLOF	PDGFB
8.77505280020593e-114	0.138145809630073	0.783	0.687	1.72052460253638e-109	pLOF	ENPP3
2.44583813013951e-113	0.105513297747186	0.893	0.825	4.79555482176453e-109	pLOF	WWTR1
2.97156288089345e-113	0.183751514334772	0.565	0.367	5.82634334056778e-109	pLOF	SLC9A1
6.29734280306298e-112	0.243069490130757	0.221	0.084	1.23472000339656e-107	pLOF	SLITRK2
8.55692335862179e-112	0.17811574448222	0.669	0.5	1.67775596292497e-107	pLOF	SYT13
8.8153179224429e-112	0.113003715085939	0.834	0.774	1.72841938505338e-107	pLOF	ATP1B1
1.22634592125012e-111	0.11825829062553	0.83	0.72	2.40449644779511e-107	pLOF	LAMA3
2.2145517731418e-111	0.185357802121984	0.645	0.506	4.34207166159912e-107	pLOF	ST14
3.1179946113309e-111	0.0891064605721095	0.917	0.886	6.11345203443649e-107	pLOF	SSPN
3.97088418081439e-111	0.122649270800876	0.798	0.664	7.78571261332276e-107	pLOF	ZPLD1
6.38244430338225e-111	0.0840895516363422	0.933	0.885	1.25140585456416e-106	pLOF	NFIC
7.49176743919614e-111	0.240876346875548	0.333	0.169	1.46891084180319e-106	pLOF	UNC93A
1.13191110257196e-110	0.197435076597424	0.509	0.313	2.21933809881284e-106	pLOF	MINOS1
1.44680071649079e-110	0.107657094298184	0.902	0.82	2.83674216482349e-106	pLOF	CIT
2.22092867497803e-110	0.239286832911321	0.328	0.154	4.35457485302943e-106	pLOF	LAPTM5
2.837226705826e-110	0.224163154419985	0.244	0.116	5.56295040211305e-106	pLOF	ZNF727
3.1658606500282e-110	0.23560562485698	0.432	0.237	6.20730297651028e-106	pLOF	PARM1
4.50283445124114e-110	0.0749655513230055	0.918	0.858	8.82870750854849e-106	pLOF	PDIA5
8.1018306227911e-110	0.243447521523398	0.284	0.144	1.58852593021065e-105	pLOF	LGALS4
9.18783902174535e-110	0.24260543225329	0.332	0.157	1.80145959699361e-105	pLOF	MDK
1.13142023552515e-109	0.15346213139221	0.578	0.401	2.21837565579416e-105	pLOF	UNC5B
2.16494640500444e-109	0.1928131254706	0.603	0.415	4.24481041629221e-105	pLOF	DENND2D
2.31159239402884e-109	0.116362886048186	0.871	0.775	4.53233920697234e-105	pLOF	MBP
2.44811184468677e-109	0.223305051449454	0.406	0.211	4.80001289387736e-105	pLOF	RBPMS2
3.64078846003561e-109	0.180538704569252	0.561	0.372	7.13849393359183e-105	pLOF	FAM207A
8.64896399332987e-109	0.175669119366095	0.638	0.456	1.69580237017219e-104	pLOF	SERINC2
9.52897440444609e-109	0.148238048536742	0.668	0.518	1.86834601147975e-104	pLOF	ANXA6
2.17352554835082e-108	0.0976323040450594	0.881	0.812	4.26163154265146e-104	pLOF	CXXC5
2.4771836599979e-108	0.133983397029807	0.771	0.63	4.85701400215788e-104	pLOF	ERI1
4.21663636001092e-108	0.138239506512751	0.761	0.617	8.2675589110734e-104	pLOF	ECE1
4.61198365822163e-108	0.161510811560894	0.635	0.469	9.04271635867515e-104	pLOF	S100A2
6.7353298943181e-108	0.111195931673352	0.779	0.655	1.32059613237895e-103	pLOF	LAMA5
1.00593943988174e-107	0.0886963728437969	0.937	0.882	1.97234545977613e-103	pLOF	DNM2
1.51458637879811e-107	0.238752140475805	0.281	0.126	2.96964951290945e-103	pLOF	ERFE
1.85938012830505e-107	0.30464502145127	0.304	0.131	3.64568661756772e-103	pLOF	TRIM63
4.97671714908114e-107	0.196032997024904	0.345	0.176	9.7578493142034e-103	pLOF	HS3ST3B1
1.80627388301293e-106	0.133207184372328	0.861	0.747	3.54156120242345e-102	pLOF	DCLK1
3.89275839821816e-106	0.135331704996197	0.783	0.656	7.63253139138634e-102	pLOF	BCR
6.27759621348843e-106	0.190223740277336	0.475	0.28	1.23084828957868e-101	pLOF	KNOP1
1.02120223272773e-105	0.212092949097696	0.577	0.418	2.00227121770927e-101	pLOF	SLC36A1
1.39678052797962e-105	0.146092265944851	0.626	0.468	2.73866758120963e-101	pLOF	CAMKK1
4.22433184755033e-105	0.10926020753809	0.835	0.74	8.28264745349193e-101	pLOF	SLC2A1
6.06945636631391e-105	0.216021311891816	0.517	0.316	1.19003830974317e-100	pLOF	MAB21L3
7.71634574901633e-105	0.192060558772695	0.603	0.414	1.51294391100963e-100	pLOF	CCBE1
1.18569718454441e-104	0.185128483695607	0.575	0.435	2.32479646973622e-100	pLOF	IGSF9B
1.18887037563036e-104	0.280141159743531	0.305	0.128	2.33101814549845e-100	pLOF	FAM151A
2.87837581358733e-104	0.194792565082092	0.558	0.368	5.64363145770068e-100	pLOF	RAB27B
7.4116649079157e-104	0.150705630775004	0.64	0.47	1.45320513849503e-99	pLOF	SLC20A2
9.7924956943637e-104	0.199068915119357	0.549	0.387	1.92001463079389e-99	pLOF	RGSL1
1.3797132796502e-103	0.146686913432888	0.693	0.529	2.70520382741015e-99	pLOF	PUM1
5.53377161958813e-103	0.241351072551949	0.256	0.113	1.08500660145264e-98	pLOF	POU3F2
6.27018743120176e-103	0.300495963699473	0.268	0.104	1.22939564963573e-98	pLOF	NPHS2
7.21119402199731e-103	0.146290319664918	0.752	0.613	1.41389881189301e-98	pLOF	RUSC2
8.84289180556892e-103	0.10228716521928	0.841	0.748	1.7338257963179e-98	pLOF	PPARGC1B
1.49358567603784e-102	0.122001470140453	0.83	0.708	2.9284734350074e-98	pLOF	MYO10
1.94002422543752e-102	0.16816458894876	0.621	0.445	3.80380549881535e-98	pLOF	C4orf45
3.36141062565528e-102	0.0810199342766665	0.966	0.931	6.59071781372231e-98	pLOF	RP11-613M10.9
1.42876502109012e-101	0.164839148662067	0.588	0.42	2.8013795768514e-97	pLOF	NIT2
2.51406836505146e-101	0.137198705688803	0.704	0.548	4.92933384335639e-97	pLOF	PDP1
2.88251860005091e-101	0.188423678424177	0.532	0.331	5.65175421911982e-97	pLOF	ITPRIP
3.1129104487814e-101	0.203667947272423	0.461	0.28	6.1034835169257e-97	pLOF	TDO2
3.31587427409761e-101	0.279057727777222	0.253	0.1	6.50143468922318e-97	pLOF	KRT78
5.65736335244328e-101	0.135050688409809	0.757	0.616	1.10923923251355e-96	pLOF	PEX14
5.98904137625977e-101	0.148469590076371	0.673	0.509	1.17427134264325e-96	pLOF	STPG1
1.08747174138275e-100	0.149525999826928	0.658	0.491	2.13220584332916e-96	pLOF	EPHA2
5.45047064444796e-100	0.243883224702828	0.433	0.257	1.06867377925691e-95	pLOF	ADAMTS15
6.71687521129655e-100	0.176792049689255	0.29	0.187	1.31697772267891e-95	pLOF	PTGS1
1.18863094809402e-99	0.191481209996669	0.459	0.274	2.33054869992795e-95	pLOF	APOBEC3A
1.84388853534555e-99	0.181693629396606	0.567	0.369	3.61531225125202e-95	pLOF	UMODL1
2.86341659035217e-99	0.0946720279850509	0.936	0.891	5.6143009087035e-95	pLOF	SPTBN1
3.2971932676609e-99	0.0859841636877187	0.925	0.893	6.46480683990274e-95	pLOF	MACF1
4.79119495510849e-99	0.16340974155542	0.615	0.437	9.39409594848121e-95	pLOF	MB
5.21109722145322e-99	0.211483145438918	0.462	0.274	1.02173983221033e-94	pLOF	ZKSCAN3
7.42774192364498e-99	0.174016089174664	0.647	0.469	1.45635735896907e-94	pLOF	ADTRP
1.02246916945165e-98	0.165185270922732	0.581	0.405	2.00475530054385e-94	pLOF	RHOBTB2
1.17536060089108e-98	0.194092595614391	0.458	0.271	2.30452953016714e-94	pLOF	GOLGA7B
1.48975663363218e-98	0.118270241404437	0.771	0.662	2.92096583156261e-94	pLOF	ADAM9
1.73250460127848e-98	0.246686211800565	0.157	0.047	3.39692177172672e-94	pLOF	SHISA3
1.99876290728912e-98	0.159396080823413	0.64	0.471	3.91897443232177e-94	pLOF	MAMLD1
2.24469657793518e-98	0.162434707951727	0.615	0.447	4.40117658035751e-94	pLOF	AQP3
3.54355537249063e-98	0.2152251580723	0.443	0.248	6.94784901884238e-94	pLOF	SH3BGRL3
4.69127798932917e-98	0.0928214106825471	0.891	0.787	9.19818875367771e-94	pLOF	NCOA2
6.24021442130526e-98	0.272923327052324	0.203	0.076	1.22351884158532e-93	pLOF	LRRC38
6.73888487275318e-98	0.108216089204093	0.85	0.761	1.32129315700072e-93	pLOF	DLGAP4
9.7280616855619e-98	0.159254190035276	0.61	0.436	1.90738105468812e-93	pLOF	THNSL2
3.2903026688169e-97	0.0745401313764585	0.977	0.94	6.4512964427493e-93	pLOF	TNS1
3.44919154514317e-97	0.0845964725350355	0.903	0.841	6.76282986256221e-93	pLOF	RAI1
4.02957860999528e-97	0.144288922608244	0.655	0.479	7.90079478061774e-93	pLOF	WASF2
7.3904719950214e-97	0.187365539763681	0.531	0.341	1.44904984406385e-92	pLOF	S100A16
1.54061772874519e-96	0.228639767887881	0.458	0.278	3.0206891807507e-92	pLOF	MTMR11
1.71111110863356e-96	0.087379209703229	0.925	0.873	3.35497555069783e-92	pLOF	CLEC16A
1.81187216017132e-96	0.163208853223317	0.533	0.334	3.55253774444791e-92	pLOF	PLXNA1
2.26851198809072e-96	0.116886022220739	0.688	0.559	4.44787145504947e-92	pLOF	CD74
3.17506925754961e-96	0.212897729970623	0.388	0.222	6.22535829327752e-92	pLOF	GABRP
9.20340061947874e-96	0.134719199165193	0.674	0.529	1.8045107594612e-91	pLOF	RAB3IP
1.25191386305976e-95	0.123467936291018	0.772	0.633	2.45462751130127e-91	pLOF	CAPZB
1.34195523449145e-95	0.11134208153674	0.728	0.589	2.63117162826738e-91	pLOF	MOB3A
1.37451742232263e-95	0.148139734867455	0.708	0.551	2.69501630994798e-91	pLOF	FHL1
1.88230599155312e-95	0.120549361186103	0.811	0.685	3.69063735763821e-91	pLOF	WDFY3
2.38621621405649e-95	0.127672394009551	0.795	0.651	4.67865413090056e-91	pLOF	FAM110B
2.59498866075325e-95	0.201707302338905	0.503	0.308	5.0879942671389e-91	pLOF	MOCOS
4.87074307307706e-95	0.226203029862121	0.293	0.134	9.55006594338219e-91	pLOF	KRT19
5.1251341724733e-95	0.0764345505582641	0.872	0.814	1.00488505719684e-90	pLOF	MGLL
5.21190878355057e-95	0.182546311815479	0.455	0.281	1.02189895519076e-90	pLOF	MINA
5.5025014151214e-95	0.108345137318016	0.838	0.732	1.07887545246285e-90	pLOF	COL27A1
5.88681839765386e-95	0.111420319097374	0.798	0.689	1.15422848322799e-90	pLOF	MTHFR
6.95392295226172e-95	0.110330590620256	0.719	0.568	1.36345567324996e-90	pLOF	GSN
7.65247673143229e-95	0.202970891132328	0.377	0.19	1.50042111273193e-90	pLOF	TMEM265
2.34915398619335e-94	0.125385354159369	0.793	0.689	4.6059862207293e-90	pLOF	ANKRD55
2.4671669754397e-94	0.138427411918889	0.696	0.547	4.83737428874462e-90	pLOF	MALT1
2.63723833215835e-94	0.129303137640656	0.773	0.65	5.17083319786287e-90	pLOF	EPB41
6.92792277941396e-94	0.264996343010582	0.212	0.085	1.3583578193597e-89	pLOF	C2orf54
8.5076071682682e-94	0.164605017867842	0.643	0.475	1.66808653748235e-89	pLOF	PARP4
1.5442607600385e-93	0.108294794806466	0.799	0.703	3.02783207220748e-89	pLOF	PTPRE
3.20639895868233e-93	0.21301472713818	0.236	0.095	6.28678643828844e-89	pLOF	SCX
9.1369275268025e-93	0.126467812267664	0.822	0.69	1.79147738018017e-88	pLOF	DHRSX
1.09812037413269e-92	0.109095937067645	0.863	0.79	2.15308461756197e-88	pLOF	JAK1
1.14985225760939e-92	0.134775203809071	0.63	0.478	2.25451532149474e-88	pLOF	ATP6V1A
2.24712946636143e-92	0.244198788590721	0.248	0.1	4.40594674469485e-88	pLOF	MYCL
9.44790038797796e-92	0.145049488536094	0.779	0.666	1.85244982907084e-87	pLOF	PPARGC1A
1.11629833084936e-91	0.0983097800361217	0.919	0.87	2.18872613729634e-87	pLOF	ABLIM1
1.62979031020283e-91	0.115079789737651	0.87	0.787	3.1955298612147e-87	pLOF	SH3BP2
1.89150120829174e-91	0.168469328186549	0.521	0.327	3.70866641909762e-87	pLOF	ADGRB2
2.25826531826251e-91	0.186866460159296	0.513	0.328	4.42778080951731e-87	pLOF	RNF122
3.68750399609478e-91	0.157366185290459	0.567	0.388	7.23008908514304e-87	pLOF	CMYA5
3.85616723771581e-91	0.142883717088491	0.575	0.415	7.56078710298938e-87	pLOF	SCD5
4.35130962840527e-91	0.145697787510538	0.654	0.481	8.53161278841421e-87	pLOF	DEC1
1.97249415040633e-90	0.0851374384368628	0.916	0.877	3.86746928070168e-86	pLOF	SLC4A4
4.03693595585941e-90	0.0898168462108281	0.885	0.806	7.91522032865355e-86	pLOF	SLC39A14
9.21420476571407e-90	0.165975515975332	0.445	0.265	1.80662912841356e-85	pLOF	PRR36
1.53719075273907e-89	0.223800532614687	0.322	0.154	3.0139699088955e-85	pLOF	LPAR2
2.177193841922e-89	0.127435865248266	0.748	0.617	4.26882396585646e-85	pLOF	FAM65A
2.55167845961294e-89	0.174034033460483	0.608	0.441	5.00307595576308e-85	pLOF	PDZK1
7.74086362462931e-89	0.129449595864056	0.726	0.579	1.51775113088107e-84	pLOF	ENO1
9.66526577008136e-89	0.0986121835341351	0.925	0.882	1.89506865953985e-84	pLOF	PLEKHA7
2.64729060380128e-88	0.222431544628401	0.363	0.199	5.19054268687316e-84	pLOF	LYG1
2.71732623416138e-88	0.0857525258311054	0.905	0.854	5.32786154732022e-84	pLOF	PACSIN2
8.12931779411442e-88	0.162864419329769	0.514	0.335	1.59391533989201e-83	pLOF	NKD1
1.17030696716417e-87	0.14571842412288	0.692	0.54	2.2946208705188e-83	pLOF	CCDC33
1.29179671081014e-87	0.128687495069316	0.784	0.674	2.53282581088544e-83	pLOF	KCNK5
2.04292801372462e-87	0.129962097652288	0.755	0.622	4.00556895650987e-83	pLOF	RAB20
3.46903369849424e-87	0.198862961353518	0.404	0.221	6.80173437263765e-83	pLOF	RAI2
3.48716115107608e-87	0.17855858371194	0.55	0.37	6.83727686891487e-83	pLOF	ATP6V1B2
6.20481999265125e-87	0.111296875745439	0.861	0.758	1.21657905595913e-82	pLOF	FRYL
7.59140519118582e-87	0.168165950619105	0.592	0.406	1.4884468158358e-82	pLOF	EIF4EBP1
8.13630109233001e-87	0.151390521325485	0.606	0.438	1.59528455517315e-82	pLOF	ISG15
9.02052548993289e-87	0.101986204509528	0.804	0.703	1.76865443281114e-82	pLOF	UBE2D3
1.18187301781627e-86	0.105354397665283	0.775	0.673	2.31729842603236e-82	pLOF	RP11-403P17.5
1.67209242155337e-86	0.164387656744413	0.507	0.331	3.27847161093969e-82	pLOF	UFSP2
1.98865288759964e-86	0.203757176086575	0.399	0.212	3.89915171671661e-82	pLOF	TMEM200B
3.33751829851487e-86	0.113631986933279	0.806	0.696	6.5438721278981e-82	pLOF	LATS2
3.959474018042e-86	0.188709235977232	0.498	0.317	7.76334070717496e-82	pLOF	FYCO1
6.96779574156532e-86	0.183711765325658	0.498	0.326	1.36617571104871e-81	pLOF	SCG5
1.26040843905107e-85	0.144149832678042	0.552	0.391	2.47128282644743e-81	pLOF	TCERG1L
1.75294055177048e-85	0.0866582651764335	0.929	0.886	3.43699053985638e-81	pLOF	PAX8
1.86451165774053e-85	0.261078061209356	0.191	0.069	3.65574800733186e-81	pLOF	ARL13A
3.01384918656003e-85	0.160602681402078	0.544	0.351	5.90925410008825e-81	pLOF	ADAMTS10
7.67520239174613e-85	0.181600367079233	0.55	0.379	1.50487693294966e-80	pLOF	SPINT1
2.09981406115116e-84	0.13892661965015	0.721	0.559	4.11710542969908e-80	pLOF	CRMP1
2.72865704490036e-84	0.211930794866713	0.325	0.165	5.35007786793613e-80	pLOF	APOBEC3B
3.2262766405838e-84	0.233492250891245	0.16	0.056	6.32576060919265e-80	pLOF	HLA-DOB
4.68666668246383e-84	0.209230152031348	0.332	0.168	9.18914736430684e-80	pLOF	GSTM2
6.40496656175459e-84	0.0723833435657242	0.884	0.814	1.25582179376322e-79	pLOF	ANKHD1-EIF4EBP3
7.65594352093599e-84	0.129221157194587	0.768	0.655	1.50110084614992e-79	pLOF	PEX26
9.45918923977548e-84	0.0811751668307134	0.963	0.916	1.85466323424278e-79	pLOF	NEDD4L
1.94066799083501e-83	0.163475637288747	0.598	0.441	3.80506772963021e-79	pLOF	EMX2
2.06085564166488e-83	0.127390464640044	0.751	0.621	4.04071965661234e-79	pLOF	MYEOV
2.22605454129975e-83	0.131200063398942	0.738	0.6	4.36462513912643e-79	pLOF	TASP1
3.00697137528873e-83	0.1688926984842	0.549	0.364	5.89576877552862e-79	pLOF	CTB-102L5.4
4.96372229835253e-83	0.107768821675602	0.638	0.484	9.7323703103798e-79	pLOF	C16orf74
5.16130981688543e-83	0.199371936624461	0.524	0.344	1.01197801579673e-78	pLOF	TMPRSS2
6.98188428886144e-83	0.116528285730576	0.804	0.678	1.36893805251706e-78	pLOF	ZNF83
7.25906523515055e-83	0.162819271205975	0.565	0.387	1.42328492065597e-78	pLOF	CISD2
8.11926938762417e-83	0.150306940744364	0.565	0.392	1.59194514883147e-78	pLOF	TMEM165
1.3115348242716e-82	0.200787211029381	0.428	0.242	2.57152632994932e-78	pLOF	KIF25
2.48625337578302e-82	0.111078994165726	0.728	0.596	4.87479699389777e-78	pLOF	CDCA2
3.89058416195474e-82	0.0846201992710082	0.884	0.814	7.62826836634465e-78	pLOF	FGD6
4.33322010596507e-82	0.157378560610927	0.633	0.449	8.49614466176571e-78	pLOF	ACSBG1
1.79324693097472e-81	0.17550848229617	0.46	0.285	3.51601925756214e-77	pLOF	MEX3B
2.06272218098631e-81	0.0979761929822459	0.825	0.748	4.04437938025986e-77	pLOF	C5orf56
3.32960779933208e-81	0.116944117043912	0.682	0.535	6.5283620121504e-77	pLOF	TCEA3
3.41219149164624e-81	0.0853715302894029	0.933	0.863	6.69028385767079e-77	pLOF	ANXA4
7.70118661405198e-81	0.169386053750629	0.47	0.291	1.50997165941717e-76	pLOF	RAB6B
8.15636383219361e-81	0.103548663441664	0.832	0.739	1.5992182565782e-76	pLOF	ARHGAP22
9.73228590354346e-81	0.163696593101773	0.562	0.392	1.90820929710777e-76	pLOF	PLEKHF1
1.04297085397614e-80	0.147549821974588	0.576	0.435	2.04495295339102e-76	pLOF	KLF15
1.78697389942463e-80	0.259363599784034	0.197	0.077	3.50371972460187e-76	pLOF	GSTM1
2.02050920441333e-80	0.087555238597352	0.814	0.724	3.96161239709322e-76	pLOF	MAML1
2.06334797247812e-80	0.0951496777027967	0.732	0.614	4.04560636963785e-76	pLOF	FAXDC2
2.93994118382264e-80	0.121379688347693	0.588	0.429	5.76434267912105e-76	pLOF	AL513122.1
3.01828183625444e-80	0.0818915521358945	0.962	0.918	5.91794519634409e-76	pLOF	MAML2
7.93658071476077e-80	0.137935340046565	0.697	0.552	1.55612538074314e-75	pLOF	ACOX3
9.32073926121577e-80	0.196703326572887	0.499	0.314	1.82751734694658e-75	pLOF	AJAP1
1.06007835651846e-79	0.18199158111366	0.309	0.15	2.07849563362575e-75	pLOF	ZNF761
1.52340765979356e-79	0.219618574022691	0.345	0.175	2.98694539855723e-75	pLOF	TMEM98
1.56743958043987e-79	0.14225700760553	0.536	0.356	3.07327878536845e-75	pLOF	B3GALT5
1.79806134173859e-79	0.148627485475011	0.642	0.492	3.52545887274686e-75	pLOF	KBTBD11
3.54001876597913e-79	0.146723172095175	0.543	0.381	6.94091479445528e-75	pLOF	LNP1
8.09226492833896e-79	0.102167840352578	0.79	0.676	1.58665038449942e-74	pLOF	KLF6
1.55956606047931e-78	0.106745233091087	0.804	0.692	3.05784117478178e-74	pLOF	SKI
1.8110371456782e-78	0.175765628978054	0.464	0.297	3.55090053153124e-74	pLOF	AP000295.9
4.83278858613471e-78	0.133320336608369	0.695	0.567	9.47564858083432e-74	pLOF	S100A10
5.70750727198714e-78	0.10811446168547	0.753	0.624	1.11907095081852e-73	pLOF	HK1
6.935784587996e-78	0.108933785092946	0.721	0.594	1.35989928416838e-73	pLOF	JUN
7.33400759439917e-78	0.0842229057692728	0.781	0.679	1.43797886903385e-73	pLOF	MGAT1
9.50685660170616e-78	0.18586073335551	0.44	0.262	1.86400937389653e-73	pLOF	CSPG4
1.17517966373458e-77	0.136660882012991	0.577	0.415	2.30417476668438e-73	pLOF	DTX4
1.20790684477719e-77	0.157102033664209	0.558	0.413	2.36834295055465e-73	pLOF	MAP2K4
1.50477799132715e-77	0.0857825477430882	0.881	0.807	2.95041820759515e-73	pLOF	TACC2
1.6797548243957e-77	0.151875445812812	0.634	0.473	3.29349528419265e-73	pLOF	ZNF43
1.77991635510839e-77	0.0819792638684287	0.899	0.848	3.48988199746103e-73	pLOF	EPS8L2
2.69889231381412e-77	0.17537412713738	0.517	0.32	5.29171815969535e-73	pLOF	ZBTB17
3.6927370916618e-77	0.143047274294363	0.548	0.389	7.2403496156213e-73	pLOF	CTC-441N14.4
3.85442138561817e-77	0.160450649862986	0.507	0.337	7.55736401078155e-73	pLOF	C17orf99
4.39539527811199e-77	0.109580530824542	0.794	0.685	8.61805152179418e-73	pLOF	CAMK2D
4.47466004582781e-77	0.190325441243436	0.371	0.199	8.77346595185458e-73	pLOF	PLEKHN1
4.99011478496933e-77	0.195640898870577	0.384	0.215	9.78411805888936e-73	pLOF	SERPINF1
5.05341670533725e-77	0.161846755839175	0.55	0.361	9.90823413415474e-73	pLOF	MARCH10
5.43484840906875e-77	0.114111337122945	0.803	0.706	1.06561072756611e-72	pLOF	EVA1C
6.23572313698737e-77	0.166029725074535	0.451	0.268	1.22263823546911e-72	pLOF	HLA-DQB1
6.53665665495416e-77	0.156292092433347	0.556	0.381	1.28164227033686e-72	pLOF	COL15A1
1.0066096079542e-76	0.0753406691240119	0.918	0.845	1.9736594583158e-72	pLOF	ZNF608
1.3377182628458e-76	0.17301267327989	0.407	0.242	2.62286419796176e-72	pLOF	FGF2
1.82691989650286e-76	0.107377107585498	0.817	0.726	3.58204184107316e-72	pLOF	ZNF827
2.01155135920257e-76	0.175692420592456	0.4	0.237	3.94404874998849e-72	pLOF	PGGHG
3.045684727398e-76	0.168502370859387	0.41	0.235	5.97167404500926e-72	pLOF	CPA5
3.5925105285604e-76	0.230362791661296	0.229	0.098	7.04383539334838e-72	pLOF	F10
4.44439808048669e-76	0.109871915625967	0.899	0.803	8.71413131641025e-72	pLOF	PTH2R
7.19296626250232e-76	0.138429191965097	0.726	0.583	1.41032489508883e-71	pLOF	RASGRP1
7.66233427839265e-76	0.145464669209121	0.425	0.275	1.50235388196445e-71	pLOF	PCYOX1L
1.35850818670738e-75	0.104952223819854	0.809	0.743	2.66362700167715e-71	pLOF	MAPKAPK2
1.4385164241854e-75	0.14558275113737	0.601	0.447	2.82049915290031e-71	pLOF	EYA3
1.76434415947574e-75	0.178053566292462	0.564	0.399	3.45934959348408e-71	pLOF	PBX4
1.93452732728438e-75	0.169967095859925	0.523	0.347	3.79302773060649e-71	pLOF	SCARA5
1.98212076558378e-75	0.148228920563283	0.641	0.487	3.88634418508012e-71	pLOF	SRC
2.43216249330679e-75	0.11629785668105	0.684	0.534	4.76874100062662e-71	pLOF	AGRN
2.7723321798888e-75	0.149901832851468	0.19	0.078	5.43571170510797e-71	pLOF	CLEC11A
9.16381765944331e-75	0.129875077847183	0.653	0.5	1.79674972848705e-70	pLOF	ACTR3C
9.3119052765195e-75	0.182317376982079	0.476	0.312	1.82578526756718e-70	pLOF	PDGFRA
1.13280752543945e-74	0.143664812148193	0.617	0.462	2.22109571512913e-70	pLOF	CEP85
1.38115399503514e-74	0.142679307718424	0.552	0.391	2.70802863806539e-70	pLOF	TOMM70
1.39590719184924e-74	0.194920122811748	0.463	0.291	2.7369552310588e-70	pLOF	TMEM109
3.39537204192813e-74	0.0771166800097366	0.907	0.847	6.65730596260849e-70	pLOF	MET
3.4657266674439e-74	0.109390576403848	0.679	0.527	6.79525027685726e-70	pLOF	KCNB1
4.34073337516024e-74	0.11678881788349	0.802	0.706	8.51087592867668e-70	pLOF	GATM
4.71536460473877e-74	0.145165413424371	0.674	0.512	9.24541538051131e-70	pLOF	DDX60L
5.70334427694692e-74	0.10754427597285	0.816	0.714	1.11825471238098e-69	pLOF	NAV1
5.83405427275976e-74	0.0939591220584326	0.878	0.788	1.14388302126001e-69	pLOF	CTIF
8.4369224278054e-74	0.146489417880678	0.475	0.297	1.65422738041981e-69	pLOF	LENG9
8.99540306621536e-74	0.123345874639079	0.734	0.622	1.76372867919285e-69	pLOF	ATP2B4
9.27570960837464e-74	0.205621435430255	0.532	0.363	1.81868838291401e-69	pLOF	VCAM1
1.16898480577175e-73	0.13733298514339	0.748	0.594	2.29202850867668e-69	pLOF	SH3RF2
1.24521492702509e-73	0.178319228671639	0.445	0.278	2.4414929074181e-69	pLOF	PNOC
1.63438315016546e-73	0.0742990757484993	0.87	0.787	3.20453504252941e-69	pLOF	SEMA5B
2.25509424669604e-73	0.155472876101564	0.6	0.446	4.42156328949692e-69	pLOF	CXCL14
2.97582312904976e-73	0.126099983029313	0.805	0.692	5.83469640912786e-69	pLOF	SHISA9
5.40654309005741e-73	0.172167054582626	0.43	0.25	1.06006090366756e-68	pLOF	FAM160B2
5.40679724829228e-73	0.0791067525349392	0.959	0.923	1.06011073647267e-68	pLOF	MICAL3
5.90579988622407e-73	0.123304927472281	0.677	0.536	1.15795018369195e-68	pLOF	C4orf51
5.96681421781561e-73	0.182685875553482	0.453	0.275	1.16991326368711e-68	pLOF	DCST1
7.20572210431312e-73	0.193195874900312	0.3	0.156	1.41282593299267e-68	pLOF	NOV
1.06877016312336e-72	0.130628838366974	0.659	0.512	2.09553765883596e-68	pLOF	CTSB
1.28223887832036e-72	0.1913263727391	0.422	0.245	2.51408576872273e-68	pLOF	AXIN2
2.59860931448322e-72	0.182873318655825	0.366	0.209	5.09509328290725e-68	pLOF	HABP2
3.35253497251647e-72	0.12365501454571	0.393	0.26	6.57331532061304e-68	pLOF	ARHGAP45
3.75577278094654e-72	0.121559517819567	0.793	0.646	7.36394369160188e-68	pLOF	DYSF
3.77616174466069e-72	0.0771119946163148	0.77	0.676	7.40392033275621e-68	pLOF	PWWP2A
4.05616677833168e-72	0.176213690752192	0.274	0.153	7.95292620227493e-68	pLOF	GPR35
4.06397464589907e-72	0.0888185820256129	0.889	0.821	7.9682350882143e-68	pLOF	ACTN4
4.13815459173683e-72	0.112486127917723	0.838	0.736	8.1136797080184e-68	pLOF	PPFIBP2
5.62637856595129e-72	0.146647708897362	0.531	0.373	1.10316404542607e-67	pLOF	CEP104
5.95248206458482e-72	0.123454049089047	0.662	0.525	1.16710315840314e-67	pLOF	DUSP8
8.79271180105076e-72	0.222654625529467	0.307	0.151	1.72398700283202e-67	pLOF	SCARA3
8.79962339481215e-72	0.145207266812495	0.569	0.402	1.72534215902082e-67	pLOF	FGFR1
1.39069698964595e-71	0.111926773824716	0.822	0.731	2.72673958759881e-67	pLOF	ME3
1.72699350066664e-71	0.0895325012594828	0.844	0.764	3.38611615675709e-67	pLOF	MPRIP
2.69895272542152e-71	0.166639536094198	0.534	0.357	5.29183660873398e-67	pLOF	TSPAN1
4.18322115604408e-71	0.123186225031561	0.726	0.591	8.20204172065563e-67	pLOF	RBKS
4.96910872197195e-71	0.131868527058248	0.634	0.486	9.74293147117039e-67	pLOF	MZT2A
5.15571569934056e-71	0.140825206527986	0.549	0.384	1.0108811771697e-66	pLOF	ISG20
6.33506812577002e-71	0.127837142268897	0.593	0.475	1.24211680741973e-66	pLOF	CCDC50
1.18968913179888e-70	0.181078123993126	0.481	0.304	2.33262348071807e-66	pLOF	TNFRSF10A
1.72411661685801e-70	0.101361837079769	0.757	0.664	3.38047545067349e-66	pLOF	BTBD16
2.1633833362262e-70	0.139308594833787	0.603	0.443	4.2417457073387e-66	pLOF	TNFRSF10B
2.31045187280223e-70	0.124340329000231	0.737	0.606	4.53010298700334e-66	pLOF	UQCC1
2.69183601378036e-70	0.152412285549001	0.645	0.479	5.27788287221916e-66	pLOF	RFTN1
2.79231687886564e-70	0.256250458145571	0.129	0.039	5.47489570439186e-66	pLOF	SPINK6
3.91812164150552e-70	0.119717212459208	0.694	0.565	7.68226110249988e-66	pLOF	SIAH2
5.13072530673635e-70	0.127339879845133	0.711	0.588	1.0059813108918e-65	pLOF	TTC21B
5.92439545386311e-70	0.0696888579480175	0.942	0.902	1.16159621663894e-65	pLOF	CTBP2
6.94646666882822e-70	0.206282544084278	0.113	0.036	1.36199371975715e-65	pLOF	PNMA3
7.94742803221228e-70	0.135300626345795	0.615	0.464	1.55825221427586e-65	pLOF	TNFAIP3
1.7244145665711e-69	0.1963793783661	0.285	0.14	3.38105964067596e-65	pLOF	ABC13-47488600E17.1
2.76615976740582e-69	0.0769727436039124	0.808	0.713	5.42360945595258e-65	pLOF	ANKHD1
2.78890821217782e-69	0.104885528675767	0.752	0.624	5.46821233161706e-65	pLOF	SPEN
2.81667965510071e-69	0.100124489544302	0.82	0.774	5.52266379975597e-65	pLOF	RAP1GAP2
2.85056131837852e-69	0.148711683808586	0.536	0.363	5.58909557694476e-65	pLOF	GPR107
3.21613029036185e-69	0.10772135755511	0.757	0.644	6.30586666031247e-65	pLOF	AKAP8
6.50627919760828e-69	0.179052531767867	0.439	0.274	1.27568616227506e-64	pLOF	BEND6
9.35224130793361e-69	0.096697771986452	0.813	0.72	1.83369395324654e-64	pLOF	NQO2
1.37108993380971e-68	0.144892554072047	0.539	0.379	2.6882960332207e-64	pLOF	LTC4S
1.40378503001833e-68	0.152438091490897	0.558	0.404	2.75240130835694e-64	pLOF	FABP3
1.41073134083854e-68	0.198663760456787	0.407	0.241	2.76602093998212e-64	pLOF	STRA6
2.29614579760183e-68	0.148436503810841	0.446	0.297	4.50205306535791e-64	pLOF	ADRB2
2.41774598831804e-68	0.0682944137056478	0.887	0.829	4.74047455929518e-64	pLOF	JADE2
2.44650568115504e-68	0.110278319087895	0.642	0.451	4.79686368904068e-64	pLOF	CD9
2.76808219223855e-68	0.119633208729157	0.656	0.471	5.42737875432212e-64	pLOF	GRHL2
3.56948692299162e-68	0.111653971457155	0.648	0.495	6.99869300990967e-64	pLOF	KCTD9
5.01895617942553e-68	0.0895042879509244	0.809	0.717	9.84066738099964e-64	pLOF	TK2
5.89157445067302e-68	0.0745108067678759	0.875	0.807	1.15516100254346e-63	pLOF	CORO7
7.02192014671646e-68	0.156738736988662	0.436	0.274	1.3767878831667e-63	pLOF	NFKBID
9.35765505871148e-68	0.0938495242976236	0.812	0.697	1.83475542736156e-63	pLOF	ANK1
9.50359064036203e-68	0.178869374280138	0.376	0.203	1.86336901685578e-63	pLOF	NPTX2
9.96910705675704e-68	0.1850880644411	0.36	0.204	1.95464282061835e-63	pLOF	TLDC2
1.02118085376524e-67	0.116523019334157	0.743	0.618	2.00222929997751e-63	pLOF	RUFY3
1.09843487528946e-67	0.158410447060333	0.454	0.278	2.15370125998004e-63	pLOF	CHST3
1.13394394101076e-67	0.162939256291551	0.466	0.289	2.2233238851398e-63	pLOF	ATF7IP2
1.37311982077154e-67	0.135753489276783	0.671	0.524	2.69227603258676e-63	pLOF	SLC22A2
1.80152006892638e-67	0.13371808501776	0.656	0.516	3.53224039914396e-63	pLOF	BMF
2.15232854767047e-67	0.206467868479901	0.228	0.11	4.22007058341749e-63	pLOF	TTLL2
2.27206288764436e-67	0.161706843479698	0.523	0.347	4.45483370380431e-63	pLOF	PHLDA3
2.66812757203742e-67	0.0765773013627307	0.852	0.784	5.23139773049377e-63	pLOF	RELL1
5.82208776055977e-67	0.151910486481077	0.627	0.442	1.14153674721295e-62	pLOF	PARVB
6.44853047069653e-67	0.192418628143135	0.344	0.19	1.26436336938947e-62	pLOF	CYP26B1
1.39000465657028e-66	0.112005900190671	0.702	0.567	2.72538213013735e-62	pLOF	THRAP3
1.40846943261038e-66	0.103638122048194	0.798	0.703	2.76158601651917e-62	pLOF	CLIC4
1.5989871702549e-66	0.0854779008891721	0.792	0.684	3.13513414471878e-62	pLOF	ABR
2.13089439298093e-66	0.142792173693281	0.582	0.394	4.17804463631771e-62	pLOF	PTPRU
2.18098223522915e-66	0.0941306934282178	0.798	0.723	4.27625186861379e-62	pLOF	SLC12A7
2.25352954418082e-66	0.131660067169151	0.594	0.443	4.41849537727532e-62	pLOF	ATOH8
3.31770609778366e-66	0.177414885816053	0.447	0.271	6.50502634592442e-62	pLOF	SSU72
3.39044162529933e-66	0.102793698618775	0.81	0.709	6.64763889472439e-62	pLOF	FAM174B
4.17365234945466e-66	0.215170376639416	0.285	0.137	8.18328016157575e-62	pLOF	PRDM1
5.25154530161015e-66	0.119963959531686	0.745	0.632	1.0296704872867e-61	pLOF	SLC3A1
5.92486690447822e-66	0.132304114490259	0.602	0.445	1.16168865396105e-61	pLOF	SH3D21
6.76818251629983e-66	0.142557875307779	0.594	0.442	1.32703754597091e-61	pLOF	ELP2
1.28268050505734e-65	0.0985089214642664	0.778	0.676	2.51495166626593e-61	pLOF	SLC15A4
1.28678693770346e-65	0.154307621795245	0.474	0.315	2.52300314875518e-61	pLOF	EFEMP1
1.38102737213589e-65	0.129272787437755	0.686	0.547	2.70778036854683e-61	pLOF	DNAJB5
1.59828430238439e-65	0.156532381514107	0.575	0.415	3.13375603168508e-61	pLOF	SMAD4
2.52943568418445e-65	0.128621713983588	0.674	0.528	4.95946454598046e-61	pLOF	TTC3
2.77913387808483e-65	0.200050050875084	0.244	0.111	5.44904779476092e-61	pLOF	MYBPH
3.70007514507799e-65	0.180684683903696	0.495	0.353	7.25473733695441e-61	pLOF	ETNK2
3.71052808421405e-65	0.0890062330772058	0.815	0.769	7.27523241471848e-61	pLOF	ZBTB7B
4.01400725629938e-65	0.13180079123064	0.558	0.4	7.87026402742619e-61	pLOF	KIAA1211L
4.59262909873934e-65	0.182947203064225	0.373	0.214	9.00476787389822e-61	pLOF	C1orf116
4.7409593415789e-65	0.103550069678553	0.676	0.531	9.29559898103375e-61	pLOF	NFKBIZ
7.4108181503747e-65	0.198352546462447	0.315	0.161	1.45303911474397e-60	pLOF	FBXO6
8.25195043257184e-65	0.16404687094988	0.538	0.386	1.61795992131436e-60	pLOF	PAH
1.73843634367897e-64	0.186133423142155	0.164	0.067	3.40855213905135e-60	pLOF	BIRC7
2.30714523085464e-64	0.0875868357037336	0.891	0.832	4.52361965413669e-60	pLOF	SMAD3
4.13314447634088e-64	0.223354051517365	0.193	0.087	8.10385637476156e-60	pLOF	FNDC9
4.6010432631484e-64	0.205470106098117	0.273	0.135	9.02126552605507e-60	pLOF	CA4
6.5418407249521e-64	0.114084090499298	0.691	0.562	1.28265871094136e-59	pLOF	NFATC1
7.11445321829697e-64	0.113400844497922	0.701	0.568	1.39493084251149e-59	pLOF	ARHGEF38
9.56093955953065e-64	0.105212419064614	0.739	0.604	1.87461341943717e-59	pLOF	ATP10B
9.57400551164207e-64	0.15628078295888	0.535	0.366	1.87717526066766e-59	pLOF	TMEM187
9.86674695781128e-64	0.128008169657209	0.58	0.44	1.93457307601806e-59	pLOF	TTC1
1.52790455943422e-63	0.0969085136058164	0.79	0.706	2.99576246968268e-59	pLOF	ACOT7
2.01712664802507e-63	0.145957818955689	0.669	0.519	3.95498021878276e-59	pLOF	STX18
2.51089477059754e-63	0.0749576839411263	0.884	0.827	4.9231113767106e-59	pLOF	MYH9
2.77245933645624e-63	0.136573065846364	0.58	0.418	5.43596102098974e-59	pLOF	SZT2
3.2849233548316e-63	0.160153090772053	0.465	0.303	6.44074922181831e-59	pLOF	STBD1
3.40167122787768e-63	0.167432229984645	0.529	0.378	6.66965677649976e-59	pLOF	PDSS1
3.69257712620871e-63	0.199010320954496	0.374	0.212	7.24003597135741e-59	pLOF	ATP1A2
3.86611758146312e-63	0.163803905484211	0.505	0.324	7.58029674197473e-59	pLOF	MSC
5.45770366426215e-63	0.172995784402265	0.445	0.274	1.07009195745188e-58	pLOF	RCSD1
6.6222714959003e-63	0.0888563315494829	0.713	0.553	1.29842877220117e-58	pLOF	NDUFA4L2
6.88578536716984e-63	0.0756176821869816	0.887	0.825	1.35009593694099e-58	pLOF	ITSN1
7.58306927074848e-63	0.104313969202891	0.847	0.783	1.48681239191566e-58	pLOF	ZFHX3
8.15632228089342e-63	0.130547285578036	0.688	0.54	1.59921010961477e-58	pLOF	CCDC149
1.1687829777959e-62	0.117158820798444	0.544	0.389	2.29163278456442e-58	pLOF	MUC1
1.45922952169983e-62	0.0556087740450035	0.938	0.895	2.86111132319685e-58	pLOF	FAM13A
1.98521484683163e-62	0.118856720280826	0.611	0.476	3.89241075018279e-58	pLOF	SPON2
2.39380828161637e-62	0.12927452890879	0.574	0.406	4.69353989776521e-58	pLOF	KLHDC7A
2.78592871482376e-62	0.120833813810084	0.564	0.395	5.46237043115494e-58	pLOF	FAM131C
2.94657996591635e-62	0.120432243516894	0.655	0.526	5.77735933917219e-58	pLOF	TAGLN2
4.09041691691892e-62	0.152020376060681	0.59	0.449	8.02008044900292e-58	pLOF	SLC26A9
4.12660560388591e-62	0.120484253669633	0.563	0.404	8.0910356075391e-58	pLOF	RSRP1
6.2893108169808e-62	0.0862326581021783	0.893	0.848	1.23314517188543e-57	pLOF	AMPD3
6.42907263166379e-62	0.172760177962114	0.357	0.208	1.26054827089032e-57	pLOF	LGALS12
8.0893818444987e-62	0.0906187227965357	0.796	0.696	1.58608509825086e-57	pLOF	STAT3
8.23692380358989e-62	0.0824536808394244	0.859	0.796	1.61501365016987e-57	pLOF	MAP3K14
1.290713106571e-61	0.108675235364919	0.811	0.681	2.53070118805376e-57	pLOF	GLS
1.88575604962461e-61	0.163721132095818	0.352	0.194	3.69740188649897e-57	pLOF	FTCD
1.95651107683105e-61	0.172676315119909	0.461	0.293	3.83613126834264e-57	pLOF	ASB2
2.68957103198814e-61	0.140879675340994	0.614	0.481	5.27344192241914e-57	pLOF	F11R
3.35066288747733e-61	0.135493353349824	0.588	0.427	6.5696447234768e-57	pLOF	STX1B
3.357529116565e-61	0.13679667693261	0.497	0.327	6.58310733884899e-57	pLOF	PPIE
3.39489506689885e-61	0.0618011382682214	0.945	0.912	6.65637075766857e-57	pLOF	SIL1
3.43652036209028e-61	0.245296161258094	0.156	0.052	6.73798547395041e-57	pLOF	APOBEC3H
3.54366790970854e-61	0.215841836334602	0.171	0.067	6.94806967056554e-57	pLOF	S100A12
4.73756442843513e-61	0.158276745644111	0.4	0.231	9.28894257483275e-57	pLOF	MMP15
6.96586893978948e-61	0.102232466169392	0.661	0.537	1.36579792302452e-56	pLOF	HAVCR2
7.09975093019028e-61	0.15389708346366	0.487	0.331	1.39204816488241e-56	pLOF	AQP7
1.05726361345693e-60	0.19987347638936	0.263	0.137	2.072976766905e-56	pLOF	C11orf96
1.69192893696307e-60	0.112830920092705	0.725	0.607	3.3173650667035e-56	pLOF	VDR
2.35874858748407e-60	0.0941695497620055	0.743	0.617	4.62479835548001e-56	pLOF	AMOTL2
2.48873233580732e-60	0.146438255885965	0.465	0.312	4.87965749081741e-56	pLOF	RAB24
3.05847626975621e-60	0.112952254807024	0.778	0.644	5.99675442211101e-56	pLOF	WSCD1
3.35449730046114e-60	0.0922838591286158	0.779	0.679	6.57716285701416e-56	pLOF	NFE2L1
3.81880493259519e-60	0.0818035686012972	0.912	0.839	7.48753083133939e-56	pLOF	ABCC4
5.11894939525055e-60	0.149074237367463	0.498	0.335	1.00367240792677e-55	pLOF	CDK16
1.18400740733821e-59	0.0929493874755312	0.753	0.638	2.32148332356803e-55	pLOF	STK11
1.27083823016684e-59	0.150882583806396	0.513	0.32	2.49173251788813e-55	pLOF	MAL2
1.2996254500933e-59	0.144657963235889	0.565	0.403	2.54817561999793e-55	pLOF	CGN
1.3539844469665e-59	0.217282852879126	0.135	0.047	2.65475730516721e-55	pLOF	CYP4F2
1.46916918244796e-59	0.0889638900172764	0.815	0.737	2.88060001602571e-55	pLOF	ITGB5
2.26363054769841e-59	0.14142809076602	0.603	0.444	4.43830041487228e-55	pLOF	ZSCAN31
2.85650732630721e-59	0.19575268684922	0.342	0.187	5.60075391469055e-55	pLOF	AOC2
3.29842801128771e-59	0.20770873678037	0.152	0.059	6.46722780173182e-55	pLOF	AMTN
4.31886848869888e-59	0.176997603543268	0.473	0.307	8.46800544579189e-55	pLOF	TNIP2
5.20874547759536e-59	0.105720181749344	0.689	0.56	1.02127872579212e-54	pLOF	RACK1
5.97709753119598e-59	0.138904412975695	0.552	0.399	1.1719295129416e-54	pLOF	MFSD4A
6.97268561255225e-59	0.084599525627477	0.853	0.79	1.36713446805312e-54	pLOF	RBPJ
7.63208819072575e-59	0.156662033447329	0.511	0.359	1.4964235315556e-54	pLOF	GRHPR
7.63913679989105e-59	0.103163405490837	0.767	0.647	1.49780555235464e-54	pLOF	PPARD
8.75120415397668e-59	0.0736893609200051	0.887	0.839	1.71584859847021e-54	pLOF	COL18A1
1.10495405774448e-58	0.146204580488838	0.553	0.379	2.16648342101961e-54	pLOF	SLCO5A1
1.25229810970097e-58	0.106835682416417	0.799	0.706	2.45538090369069e-54	pLOF	SYTL3
2.23440000619877e-58	0.204540480495292	0.262	0.124	4.38098809215394e-54	pLOF	AOC3
2.27587641541774e-58	0.0879495341527905	0.855	0.785	4.46231088770957e-54	pLOF	MED15
3.62751878311079e-58	0.0941389379976633	0.702	0.578	7.11247607804532e-54	pLOF	PCDHGA10
3.7595044314736e-58	0.139464965098445	0.546	0.386	7.37126033879028e-54	pLOF	ZNF185
4.04382881375184e-58	0.106881779895257	0.834	0.754	7.92873515512323e-54	pLOF	CRYL1
4.76756462431711e-58	0.207643801690198	0.463	0.309	9.34776395889856e-54	pLOF	SULT1C2
5.62454204067497e-58	0.116272252665861	0.678	0.543	1.10280395791514e-53	pLOF	RPS9
6.94938475488821e-58	0.114848137809065	0.585	0.45	1.36256586889093e-53	pLOF	NUDCD2
7.81769193289383e-58	0.155525765779781	0.353	0.215	1.53281485728249e-53	pLOF	GLIPR2
8.48733895630227e-58	0.0930648140442557	0.784	0.639	1.66411254916219e-53	pLOF	SDK2
8.82214831278309e-58	0.157361890781183	0.391	0.239	1.72975861968738e-53	pLOF	XAB2
1.00709412588867e-57	0.130231673531808	0.563	0.43	1.97460945262992e-53	pLOF	BIRC3
1.05422388941768e-57	0.0986405627064878	0.815	0.757	2.06701677998124e-53	pLOF	MTR
1.68225864179764e-57	0.150300281293795	0.499	0.338	3.29840451897263e-53	pLOF	HLA-F
1.91780204595968e-57	0.0852582001134737	0.774	0.665	3.76023447151315e-53	pLOF	SLC43A2
2.05367667479346e-57	0.137902744867562	0.568	0.403	4.02664385626754e-53	pLOF	C5AR1
2.20406736734507e-57	0.1309524404432	0.636	0.489	4.32151488715348e-53	pLOF	SLC25A30
2.34475315634083e-57	0.145261149583652	0.527	0.378	4.59735751363746e-53	pLOF	SIAH3
2.48347889980964e-57	0.205548342024687	0.376	0.204	4.86935707885675e-53	pLOF	ART4
2.71089180862945e-57	0.082447507220744	0.788	0.68	5.31524556917976e-53	pLOF	SBNO2
2.80337157323051e-57	0.178114895238779	0.342	0.206	5.49657064363307e-53	pLOF	MYOCD
2.89904343979845e-57	0.0748337080177418	0.939	0.876	5.68415447241282e-53	pLOF	FHOD3
3.5966850216856e-57	0.154673059437578	0.435	0.269	7.05202032201895e-53	pLOF	KIF17
3.70161204362218e-57	0.123001076929477	0.589	0.45	7.25775073393001e-53	pLOF	HS6ST1
5.02946409257304e-57	0.181261191612429	0.438	0.283	9.86127024630796e-53	pLOF	DHRS9
5.04099198174216e-57	0.0907193452229172	0.891	0.8	9.88387297860184e-53	pLOF	MRPL33
7.07759204921137e-57	0.157921770817841	0.409	0.253	1.38770347308887e-52	pLOF	SIX2
7.61886039284874e-57	0.0920125000731374	0.799	0.68	1.49382995722585e-52	pLOF	NBN
1.08545334802809e-56	0.0636285685691964	0.888	0.815	2.12824837947867e-52	pLOF	KDM4B
1.51612777192586e-56	0.127245632698189	0.571	0.423	2.97267172241503e-52	pLOF	RAB33B
1.72691482682323e-56	0.240686692485922	0.175	0.071	3.38596190095231e-52	pLOF	ADIG
2.01046416861564e-56	0.185800592940035	0.237	0.115	3.94191709540469e-52	pLOF	ZBTB47
2.06535801813394e-56	0.115231199318508	0.612	0.468	4.04954746615522e-52	pLOF	SAP30
2.07273420288889e-56	0.147067867830613	0.475	0.304	4.06400995160425e-52	pLOF	MAFB
2.07845476064207e-56	0.19433320220121	0.294	0.154	4.0752262491909e-52	pLOF	PLA2G4D
3.19058796494715e-56	0.196822079135438	0.253	0.129	6.25578582287188e-52	pLOF	CSRP3
3.51412180492074e-56	0.189567486747496	0.249	0.118	6.8901386229081e-52	pLOF	AMIGO2
3.52370547714286e-56	0.0895152283537379	0.768	0.653	6.90892932903401e-52	pLOF	LNX1
4.2473608336743e-56	0.105393760453009	0.835	0.722	8.3278003865852e-52	pLOF	TSPAN18
4.9239517375765e-56	0.171036672638295	0.467	0.312	9.65439217186625e-52	pLOF	SLC17A1
5.62400212280072e-56	0.119270269241361	0.701	0.591	1.10269809621754e-51	pLOF	TUFT1
5.87865790904671e-56	0.176999138431132	0.337	0.195	1.15262845622679e-51	pLOF	PWWP2B
6.08774459302038e-56	0.15142481590844	0.453	0.292	1.19362408235351e-51	pLOF	EFHD2
1.00342526948693e-55	0.0938477876083651	0.696	0.573	1.96741592588303e-51	pLOF	PCDHGB7
1.04917471353845e-55	0.210637140995931	0.29	0.156	2.05711686083485e-51	pLOF	ACSM2A
1.07115849807112e-55	0.112844267304785	0.724	0.603	2.10022046716804e-51	pLOF	HNF1B
1.25362066530105e-55	0.101564634558781	0.726	0.602	2.45797403845578e-51	pLOF	NFATC2
1.25452937471135e-55	0.127892537536074	0.714	0.598	2.45975574499655e-51	pLOF	ELOVL6
1.45431524594574e-55	0.172465020347465	0.195	0.104	2.85147590272582e-51	pLOF	VNN2
1.65347031583139e-55	0.103985846476378	0.744	0.631	3.2419592482506e-51	pLOF	IGF2R
3.88598054044036e-55	0.146407266500155	0.529	0.377	7.61924204564141e-51	pLOF	LETM2
4.09583760561286e-55	0.110359801215497	0.687	0.554	8.03070879332514e-51	pLOF	C4orf36
4.48097085137523e-55	0.18360369501304	0.349	0.193	8.78583954829141e-51	pLOF	PNMA2
5.43433697359632e-55	0.080112470895508	0.836	0.748	1.06551045041303e-50	pLOF	PDXK
5.84186034339807e-55	0.123895154508428	0.582	0.422	1.14541355753006e-50	pLOF	ACAP3
6.28711678852876e-55	0.16808966882992	0.383	0.238	1.23271498872683e-50	pLOF	C8A
6.61867133390581e-55	0.101627844645979	0.827	0.734	1.29772288843891e-50	pLOF	MBNL2
6.62179752415975e-55	0.157096300626942	0.474	0.321	1.298335840562e-50	pLOF	UGT2A3
8.09220895249483e-55	0.100379781809832	0.842	0.758	1.58663940931566e-50	pLOF	MOB3B
8.27641817265533e-55	0.168111877620297	0.287	0.158	1.62275731111253e-50	pLOF	CLCNKA
8.96729836619659e-55	0.0697501240831326	0.895	0.833	1.75821819066017e-50	pLOF	PXYLP1
9.99196629227295e-55	0.141175576219056	0.432	0.278	1.95912483092596e-50	pLOF	ZNF274
1.54827759625722e-54	0.0927833726207499	0.775	0.69	3.03570788298152e-50	pLOF	SHC1
1.64878066662282e-54	0.122550814586156	0.663	0.523	3.23276425304736e-50	pLOF	MYOM3
3.37430871935136e-54	0.120868327508231	0.648	0.484	6.6160071060322e-50	pLOF	NGEF
4.15781127947865e-54	0.153444790823882	0.417	0.256	8.15222057567379e-50	pLOF	TSPAN32
4.35103811848867e-54	0.134234280686736	0.58	0.423	8.53108043892074e-50	pLOF	HCFC1
5.55658098132492e-54	0.0978276100264056	0.808	0.719	1.08947883300838e-49	pLOF	PAM
5.85975581572195e-54	0.122121544393818	0.508	0.346	1.1489223227886e-49	pLOF	SLC25A6
6.37729062674369e-54	0.115031897108908	0.685	0.566	1.25039537318564e-49	pLOF	S100A11
7.37766448144231e-54	0.136254228551506	0.575	0.422	1.44653867487639e-49	pLOF	DDHD2
8.9904060260309e-54	0.0685789244390008	0.914	0.895	1.76274890952388e-49	pLOF	GALNT2
9.04851246179408e-54	0.165764217431252	0.49	0.315	1.77414183838397e-49	pLOF	IL34
9.64664733944301e-54	0.0922065314494853	0.807	0.704	1.89141814384459e-49	pLOF	CNDP2
1.2661917312947e-53	0.172394502317809	0.393	0.236	2.48262212754952e-49	pLOF	CTSO
1.41239563715775e-53	0.193503872957515	0.169	0.072	2.7692841257752e-49	pLOF	MARCKSL1
2.03307298133435e-53	0.0879258614117092	0.683	0.547	3.98624619450226e-49	pLOF	MATN1
2.2660229343456e-53	0.0853908908584565	0.904	0.852	4.44299116737142e-49	pLOF	GNG12
2.4910246428143e-53	0.108397552928752	0.656	0.54	4.884152017166e-49	pLOF	ELK4
2.92433046026574e-53	0.218025077679322	0.145	0.054	5.73373473344303e-49	pLOF	UGT2B17
3.03946676376931e-53	0.117172228482424	0.648	0.517	5.95948248372248e-49	pLOF	LIMK2
3.38475398301138e-53	0.190735941997246	0.266	0.135	6.63648713449041e-49	pLOF	SP5
3.47415101532677e-53	0.190806793953605	0.352	0.206	6.8117678957512e-49	pLOF	DEFB1
4.8593722108789e-53	0.163961354375822	0.435	0.275	9.52777109387026e-49	pLOF	AIMP1
5.25909318816564e-53	0.071285710085488	0.856	0.78	1.03115040140364e-48	pLOF	WWC2
5.51240816447492e-53	0.10473760260295	0.77	0.659	1.0808178688086e-48	pLOF	NCOR1
5.61799843193267e-53	0.183265780541199	0.255	0.128	1.10152095254904e-48	pLOF	KRT32
7.17246504816379e-53	0.135761759486265	0.366	0.228	1.40630522199347e-48	pLOF	DNAAF3
7.69347479475183e-53	0.205980796509398	0.233	0.114	1.50845960300699e-48	pLOF	UBD
1.2373485709386e-52	0.136429652772346	0.412	0.254	2.42606934303931e-48	pLOF	SERTAD4
1.3260814116635e-52	0.0710482240152452	0.903	0.825	2.60004782384863e-48	pLOF	SLC28A1
1.37909962830556e-52	0.12436907957189	0.616	0.482	2.70400064121871e-48	pLOF	PANX1
1.49339414007945e-52	0.102249160634511	0.651	0.52	2.92809789045378e-48	pLOF	PCDHGC3
1.93785238387586e-52	0.0633312147168165	0.873	0.808	3.79954716906539e-48	pLOF	CORO7-PAM16
2.01047233538335e-52	0.106929445786886	0.7	0.577	3.94193310798613e-48	pLOF	KIF13B
2.25501659880278e-52	0.179013141908167	0.232	0.12	4.42141104527262e-48	pLOF	HLA-DQA1
2.51793144826219e-52	0.131097314128223	0.624	0.482	4.93690819060768e-48	pLOF	BMP2K
3.00636759129454e-52	0.0802639673899467	0.838	0.766	5.8945849362512e-48	pLOF	CELF4
3.0579408905519e-52	0.109302265164011	0.675	0.561	5.9957047041051e-48	pLOF	ADIRF
3.38147602782731e-52	0.152358075853264	0.481	0.32	6.63006004776101e-48	pLOF	ATP6V1C1
4.51288705618275e-52	0.0885887937285188	0.704	0.586	8.84841765105751e-48	pLOF	PCDHGB6
4.83706401711612e-52	0.0799143027778596	0.742	0.629	9.48403141835957e-48	pLOF	ZFPM1
5.79120262794721e-52	0.162514569398559	0.41	0.248	1.13548109926161e-47	pLOF	AGTRAP
7.84293026510401e-52	0.172580182482113	0.414	0.249	1.53776333707894e-47	pLOF	HS3ST3A1
8.09547350683057e-52	0.104460527559132	0.646	0.51	1.58727949048427e-47	pLOF	PXDC1
9.37361422184765e-52	0.145441274950507	0.462	0.313	1.83788454047767e-47	pLOF	TGM3
9.91144731359978e-52	0.138450372953351	0.487	0.329	1.94333747477751e-47	pLOF	CFAP45
9.9271360260519e-52	0.118692966844117	0.596	0.446	1.946413560628e-47	pLOF	ANXA5
1.02506694117043e-51	0.186253868569235	0.142	0.057	2.00984875155286e-47	pLOF	RAET1L
1.2282805866204e-51	0.141056279829721	0.45	0.306	2.40828974618661e-47	pLOF	DZIP3
2.66976111588719e-51	0.131981622330635	0.619	0.478	5.23460061992002e-47	pLOF	ZC3H12D
2.89588114475149e-51	0.0555784939141123	0.971	0.967	5.67795416051424e-47	pLOF	SEPT9
3.267048445766e-51	0.0648341317575615	0.952	0.903	6.40570188761339e-47	pLOF	SPATA13
3.52535854965829e-51	0.0870771383659998	0.712	0.594	6.91217050831502e-47	pLOF	PCDHGA9
4.53742310033487e-51	0.111012325740207	0.628	0.497	8.89652547282658e-47	pLOF	ASB13
4.94913764996887e-51	0.218158498236232	0.105	0.029	9.70377419029397e-47	pLOF	KRT35
7.32273098317096e-51	0.180679334442085	0.328	0.181	1.43576786387033e-46	pLOF	PROM2
8.57520272296726e-51	0.186497090971856	0.428	0.263	1.68133999789219e-46	pLOF	AQP9
1.00100413494505e-50	0.125691042730807	0.657	0.494	1.96266880738676e-46	pLOF	APBA2
1.17229298575415e-50	0.145542482923296	0.479	0.32	2.29851485716816e-46	pLOF	MRC2
1.6435006700459e-50	0.0704797305668707	0.865	0.801	3.222411763759e-46	pLOF	ACLY
1.65026360493286e-50	0.110678915126062	0.556	0.4	3.23567185019186e-46	pLOF	ANKRD37
1.79942460344034e-50	0.190739068061995	0.13	0.052	3.52813181996547e-46	pLOF	KRTAP29-1
1.85443458609683e-50	0.175599218223242	0.368	0.214	3.63598989296006e-46	pLOF	PLPP5
2.12177705538047e-50	0.141627741583898	0.409	0.27	4.16016827248449e-46	pLOF	PDGFRB
3.79203744923435e-50	0.161071893390464	0.242	0.13	7.43504782671378e-46	pLOF	B3GNT8
4.0310909197891e-50	0.136975452363131	0.527	0.362	7.90375996643049e-46	pLOF	CD70
4.40515233391427e-50	0.127742550204657	0.49	0.332	8.63718218110571e-46	pLOF	RBBP4
6.20619036787695e-50	0.117101720241383	0.675	0.548	1.21684774542963e-45	pLOF	MYO6
7.90997969385648e-50	0.151076211695842	0.307	0.171	1.55090971857444e-45	pLOF	MAP1LC3A
7.91956638951059e-50	0.095314418111509	0.586	0.459	1.55278938199134e-45	pLOF	HNRNPAB
7.96247038045566e-50	0.117646336951396	0.549	0.412	1.56120156749594e-45	pLOF	BOD1
8.56095927688777e-50	0.0735941207178543	0.854	0.789	1.67854728541939e-45	pLOF	VAC14
9.39837791257432e-50	0.158065598389372	0.263	0.148	1.84273995731845e-45	pLOF	PERM1
1.01580202769294e-49	0.13789320850452	0.506	0.341	1.99168303569755e-45	pLOF	UBXN11
1.06858480396464e-49	0.101239687916388	0.549	0.413	2.09517422513348e-45	pLOF	CPLX2
1.23718933454947e-49	0.238337181689847	0.207	0.09	2.42575712825114e-45	pLOF	SMLR1
1.35035404210912e-49	0.0898845878060002	0.729	0.599	2.64763917036336e-45	pLOF	SLC38A1
1.38253497227486e-49	0.117800659700853	0.689	0.567	2.71073632013931e-45	pLOF	ANKRD6
1.48439542767184e-49	0.0936802133281295	0.725	0.61	2.91045411503619e-45	pLOF	SAP30BP
1.49423836795549e-49	0.115860357637493	0.586	0.447	2.92975316805033e-45	pLOF	PFDN1
1.64947846305451e-49	0.0808704261597838	0.778	0.645	3.23413242251098e-45	pLOF	PRDM16
1.76655330488078e-49	0.119611333303948	0.587	0.419	3.46368106487975e-45	pLOF	SYNPO2
2.28616858739475e-49	0.17856265586998	0.268	0.131	4.48249074930489e-45	pLOF	SHISA4
2.29069886552819e-49	0.206914100156928	0.144	0.058	4.49137326564112e-45	pLOF	CCRL2
2.69719195989444e-49	0.1814036506095	0.208	0.1	5.28838427576504e-45	pLOF	CBLN4
3.29381758434461e-49	0.0974023192492867	0.69	0.555	6.45818813762447e-45	pLOF	TFDP2
3.43469029998923e-49	0.125607942322141	0.598	0.458	6.73439727118888e-45	pLOF	PPP2R2A
4.58776155344497e-49	0.103873603165986	0.657	0.534	8.99522407783956e-45	pLOF	PPCDC
5.48956826151338e-49	0.105223399574121	0.753	0.615	1.07633964903493e-44	pLOF	FAM49B
6.01748272300424e-49	0.121335377762184	0.539	0.391	1.17984783749944e-44	pLOF	SORBS3
6.10235817652937e-49	0.196250440012324	0.269	0.134	1.19648936767211e-44	pLOF	ADAMTS4
6.55793735906121e-49	0.0581638558036809	0.931	0.9	1.28581477799113e-44	pLOF	AP000304.12
6.65376480859628e-49	0.104320884320475	0.571	0.438	1.30460366602147e-44	pLOF	SLC35A4
9.22283584409387e-49	0.0632971694992572	0.953	0.905	1.80832142395149e-44	pLOF	RP11-307N16.6
9.5638753862199e-49	0.0912857476063155	0.677	0.554	1.87518904697614e-44	pLOF	PRR7
1.01382145574246e-48	0.0975161878116407	0.77	0.652	1.98779972827424e-44	pLOF	RNF19A
1.02999749542142e-48	0.122669036717979	0.454	0.299	2.01951608927278e-44	pLOF	ITGA5
1.19810875975606e-48	0.0812786610362635	0.895	0.828	2.34913184525372e-44	pLOF	THADA
1.33400870282695e-48	0.145192819122575	0.444	0.288	2.61559086363279e-44	pLOF	STUM
1.42700196509894e-48	0.0846350734057265	0.628	0.496	2.79792275296948e-44	pLOF	ASMTL
1.71802266455288e-48	0.0652799332008188	0.931	0.885	3.36852703838882e-44	pLOF	NDRG1
1.81643318594844e-48	0.181346608204803	0.18	0.078	3.56148054768911e-44	pLOF	ULBP1
2.60971289451965e-48	0.0963361873020719	0.739	0.615	5.11686407228467e-44	pLOF	KCNIP3
3.85400290149092e-48	0.119837761595454	0.68	0.537	7.55654348895325e-44	pLOF	BIVM
4.45880531695117e-48	0.0711009475695507	0.856	0.785	8.74237958494616e-44	pLOF	NR3C1
4.68186396725052e-48	0.20817853133205	0.237	0.113	9.1797306805881e-44	pLOF	FST
4.94666350858291e-48	0.165027434894578	0.133	0.05	9.69892314127851e-44	pLOF	NEFM
5.23687204429104e-48	0.129903951839079	0.539	0.394	1.02679350172414e-43	pLOF	NELFA
6.08740815896424e-48	0.106997727076932	0.701	0.592	1.19355811772812e-43	pLOF	TBC1D10A
6.1863209779263e-48	0.0745021506963387	0.795	0.719	1.21295195414201e-43	pLOF	CTD-2410N18.5
9.61149646501101e-48	0.0955266985487641	0.668	0.531	1.88452611189471e-43	pLOF	PSORS1C1
1.08547198478943e-47	0.132490604156921	0.428	0.281	2.12828492057664e-43	pLOF	HBEGF
1.3400634081282e-47	0.141416936121937	0.345	0.228	2.62746232431696e-43	pLOF	GPM6B
1.41448904503469e-47	0.0613733144735059	0.861	0.759	2.77338867059952e-43	pLOF	DOCK2
2.06646710735023e-47	0.125823236619482	0.18	0.112	4.0517220573816e-43	pLOF	GPR148
2.18303294653159e-47	0.147119479372742	0.391	0.244	4.28027269826448e-43	pLOF	C4orf47
2.23426114321061e-47	0.166364520542862	0.388	0.234	4.38071582349304e-43	pLOF	PHLDA2
2.32204800155867e-47	0.193671284421677	0.151	0.056	4.55283951665608e-43	pLOF	COX6A2
2.3751592139098e-47	0.108732363216455	0.683	0.56	4.65697467071295e-43	pLOF	USP12
3.34540232883063e-47	0.0832678188816895	0.818	0.734	6.55933034613821e-43	pLOF	AFAP1
3.35727530568164e-47	0.0957745335927307	0.756	0.651	6.58260969184999e-43	pLOF	RAPGEF2
4.22104510638992e-47	0.136081567027579	0.609	0.469	8.27620314009871e-43	pLOF	ARSJ
6.28923934792421e-47	0.14179526459982	0.331	0.197	1.2331311589475e-42	pLOF	APOBEC3D
7.05530914788513e-47	0.12270058222289	0.584	0.427	1.38333446462584e-42	pLOF	USP48
7.31934417473133e-47	0.112286341734447	0.686	0.556	1.43510381233957e-42	pLOF	CX3CL1
7.78727954822526e-47	0.10568978399248	0.641	0.514	1.52685190102053e-42	pLOF	BCAS4
8.45222016476005e-47	0.196017506108627	0.277	0.156	1.6572268077045e-42	pLOF	ACSM2B
9.03101831466591e-47	0.12497006825827	0.485	0.336	1.77071176095654e-42	pLOF	PANK4
1.03279602962449e-46	0.106840395301573	0.69	0.564	2.02500317528473e-42	pLOF	H6PD
1.03832576736742e-46	0.0970498193344117	0.718	0.606	2.03584533207729e-42	pLOF	SPINT2
1.12467962229123e-46	0.148134014384349	0.346	0.2	2.20515933542642e-42	pLOF	METRNL
1.36555045087979e-46	0.160676940449264	0.336	0.197	2.67743476904e-42	pLOF	MAP7D3
1.39166665652488e-46	0.0673974861858756	0.869	0.808	2.72864081344834e-42	pLOF	BCAR1
1.48690697857944e-46	0.170769165669671	0.602	0.434	2.9153785129007e-42	pLOF	SLC13A3
1.5216036137478e-46	0.091893384206058	0.727	0.602	2.98340820547531e-42	pLOF	CTD-3088G3.8
1.55722016615828e-46	0.0950594393404476	0.803	0.708	3.05324157978654e-42	pLOF	CACNA1E
1.63226287371263e-46	0.114221829218488	0.673	0.555	3.20037781648835e-42	pLOF	RP1-66C13.4
2.06002690896997e-46	0.117031543869856	0.553	0.419	4.03909476041741e-42	pLOF	DUSP5
2.10029388186327e-46	0.102937710763888	0.697	0.567	4.11804621416932e-42	pLOF	BDH1
2.66712883888563e-46	0.177749521517446	0.303	0.163	5.22943951440306e-42	pLOF	C19orf33
3.01733540416682e-46	0.145302175816227	0.255	0.162	5.91608952694989e-42	pLOF	AC015688.3
3.17109990124798e-46	0.112519949505268	0.589	0.448	6.21757557637692e-42	pLOF	UGT8
3.58406433252474e-46	0.0874063855745381	0.686	0.566	7.02727493678126e-42	pLOF	PCDHGA11
3.75292230744645e-46	0.107197261966418	0.584	0.444	7.35835476821024e-42	pLOF	MAPK9
3.81942169663209e-46	0.075204335046847	0.892	0.811	7.48874012058654e-42	pLOF	ITPR1
4.43057204306862e-46	0.0960404606787281	0.649	0.523	8.68702260484464e-42	pLOF	RAP2B
4.7919269364155e-46	0.135516974806292	0.553	0.4	9.39553114422987e-42	pLOF	UPF3A
5.21688128433772e-46	0.199156663391775	0.213	0.101	1.0228739134201e-41	pLOF	IL22RA2
5.54761328016587e-46	0.0683538132269054	0.943	0.905	1.08772053584212e-41	pLOF	FARP1
6.28942083077983e-46	0.154697277895972	0.427	0.275	1.233166742291e-41	pLOF	ILDR1
6.41055253724049e-46	0.147353548780802	0.432	0.286	1.25691703597674e-41	pLOF	TM4SF4
9.05145830669203e-46	0.148571867670518	0.447	0.293	1.77471943019311e-41	pLOF	ARSD
9.28780001555985e-46	0.0765457466949767	0.798	0.707	1.82105894905082e-41	pLOF	ITGB8
9.87157419296179e-46	0.131822337252042	0.512	0.355	1.93551955201402e-41	pLOF	TNFRSF14
1.76004223659022e-45	0.135802684801104	0.535	0.381	3.45091481328244e-41	pLOF	TP53I11
1.79600708301451e-45	0.11227331065266	0.585	0.442	3.52143108766656e-41	pLOF	HEMK1
1.92347484759575e-45	0.170654361362342	0.208	0.105	3.77135713368098e-41	pLOF	CA6
2.57654106277588e-45	0.163426225190135	0.369	0.215	5.05182406178466e-41	pLOF	SLC34A2
2.63822921962692e-45	0.139092531806506	0.518	0.362	5.1727760309225e-41	pLOF	TATDN1
3.08354310558908e-45	0.0936695017288377	0.688	0.566	6.0459029671285e-41	pLOF	WDR1
3.71757224929983e-45	0.091099317298746	0.721	0.623	7.28904390920218e-41	pLOF	ENSA
4.0388058999325e-45	0.146919097582965	0.404	0.252	7.91888672799765e-41	pLOF	SH2D5
4.231697129519e-45	0.138246962990932	0.419	0.275	8.2970885618479e-41	pLOF	NTHL1
4.63799303476876e-45	0.169892257886319	0.343	0.199	9.0937129432711e-41	pLOF	PSG8
4.74434911812253e-45	0.0826232445993451	0.828	0.748	9.30224531590285e-41	pLOF	KANSL1
5.39827386008454e-45	0.145663870842337	0.382	0.227	1.05843955574678e-40	pLOF	CCR7
5.56930139625968e-45	0.113513360102726	0.633	0.495	1.09197292476463e-40	pLOF	DNAJC7
6.41642039971004e-45	0.0941518664700594	0.821	0.777	1.25806754777115e-40	pLOF	BCOR
6.45921762347086e-45	0.120745153764686	0.632	0.481	1.26645879943393e-40	pLOF	MAP3K7CL
9.36855430690846e-45	0.0902588956994932	0.75	0.639	1.83689244295554e-40	pLOF	C4orf19
1.24184698307087e-44	0.109778014767889	0.642	0.51	2.43488937970706e-40	pLOF	CTSD
1.24684481754957e-44	0.175858856349057	0.177	0.086	2.44468863376944e-40	pLOF	C6orf222
1.29513954655671e-44	0.0795272411935648	0.768	0.676	2.53938010893374e-40	pLOF	SREBF1
1.65021064614778e-44	0.0925138817818656	0.751	0.631	3.23556801390195e-40	pLOF	ZC3H4
1.68444987498916e-44	0.122073351605169	0.528	0.369	3.30270086989125e-40	pLOF	NUDC
1.90167263564001e-44	0.190768645728883	0.201	0.089	3.72860953669937e-40	pLOF	TMEM35B
1.9762547764664e-44	0.0805292520043417	0.789	0.709	3.87484274021768e-40	pLOF	ALDH2
2.98473223025275e-44	0.157626670031099	0.34	0.197	5.85216448385656e-40	pLOF	RSG1
3.51180169547093e-44	0.13297615899169	0.589	0.448	6.88558958430986e-40	pLOF	MMP20
4.47563163468059e-44	0.113173659302614	0.645	0.519	8.77537094611823e-40	pLOF	RNF144B
5.77604704720998e-44	0.0851929183534634	0.822	0.721	1.13250954454646e-39	pLOF	RP11-111H13.1
6.0939282634791e-44	0.1866583133885	0.371	0.214	1.19483651462035e-39	pLOF	FAM198B
6.34288767657172e-44	0.119341263158144	0.551	0.402	1.24364998674542e-39	pLOF	YARS
6.81129226600655e-44	0.0951716313033232	0.667	0.553	1.3354900745959e-39	pLOF	NFYC
6.98527144920122e-44	0.123657074440126	0.579	0.431	1.36960217304488e-39	pLOF	PRPSAP1
7.16217361977921e-44	0.113917618562614	0.62	0.488	1.40428738163011e-39	pLOF	IMP3
7.28713469245694e-44	0.178854897712523	0.147	0.064	1.42878849915003e-39	pLOF	S100A5
7.42477621874378e-44	0.0897824304340753	0.898	0.852	1.45577587320909e-39	pLOF	GALNT18
8.25993578892674e-44	0.096295747769655	0.714	0.593	1.61952561013487e-39	pLOF	PDZK1IP1
8.76555131946891e-44	0.143418861606227	0.474	0.315	1.71866164720827e-39	pLOF	UBE2J2
8.8789466056396e-44	0.124163035530528	0.485	0.33	1.74089506096776e-39	pLOF	TCTEX1D4
9.79381580285222e-44	0.206843873662264	0.276	0.14	1.92027346446524e-39	pLOF	LRCOL1
1.05134932879364e-43	0.127858260143657	0.595	0.449	2.0613806289657e-39	pLOF	SYNM
1.07727923384023e-43	0.0774371837732299	0.727	0.617	2.11222139379053e-39	pLOF	PCDHGB3
1.36747435832323e-43	0.174611482376146	0.306	0.172	2.68120697436436e-39	pLOF	FOXN1
1.39260222220295e-43	0.201387958461396	0.246	0.122	2.73047517707332e-39	pLOF	LHFPL1
1.44590979667808e-43	0.15061470143456	0.437	0.273	2.83499533834671e-39	pLOF	IKBKE
1.791253883134e-43	0.100220863293894	0.763	0.662	3.51211148866083e-39	pLOF	TLE3
1.81199203129618e-43	0.107578097425739	0.525	0.387	3.55277277576243e-39	pLOF	DOC2A
1.94108692512813e-43	0.134805822301321	0.396	0.243	3.80588913409873e-39	pLOF	TNFRSF6B
2.1369545301519e-43	0.140596555148466	0.463	0.309	4.18992674726883e-39	pLOF	DDX3X
2.17124891153506e-43	0.087177161347102	0.764	0.647	4.2571677408468e-39	pLOF	DNAJC16
2.17817344619082e-43	0.138364882401449	0.532	0.392	4.27074467594635e-39	pLOF	CLRN3
2.22729504976571e-43	0.126922792809821	0.352	0.216	4.36705740407563e-39	pLOF	MT1F
2.31189718366675e-43	0.120015474191046	0.49	0.351	4.53293680801539e-39	pLOF	PCDHGC4
2.43658116344122e-43	0.101954764742474	0.673	0.554	4.77740468715919e-39	pLOF	CKS1B
2.76551470338495e-43	0.0866898288665257	0.775	0.678	5.42234467892687e-39	pLOF	AFG3L2
2.77754423924298e-43	0.129663372777249	0.615	0.468	5.44593098988371e-39	pLOF	TRIM38
2.86738730467581e-43	0.0966614382752105	0.634	0.506	5.62208628827786e-39	pLOF	NAA15
3.32686434733638e-43	0.164702028486977	0.372	0.225	6.52298292582244e-39	pLOF	PRDM8
3.58573456284469e-43	0.141853579612801	0.546	0.409	7.03054975736959e-39	pLOF	DCPS
3.85133857716011e-43	0.104880552930096	0.712	0.559	7.55131954823782e-39	pLOF	GLI2
4.56409701223211e-43	0.107619987230666	0.696	0.555	8.94882501188349e-39	pLOF	NRP2
5.18023877831775e-43	0.204529397894074	0.167	0.067	1.01568941726476e-38	pLOF	GPRASP1
5.24672511792544e-43	0.20953147985878	0.157	0.064	1.02872539387164e-38	pLOF	CXCR6
5.51384147765315e-43	0.122961461432355	0.555	0.421	1.08109889852345e-38	pLOF	PARP14
5.58956697041189e-43	0.0772861438435419	0.725	0.615	1.09594639588866e-38	pLOF	PCDHGA6
5.91793930835224e-43	0.122865601579811	0.587	0.441	1.16033036018862e-38	pLOF	WDR18
6.25260034662595e-43	0.0933970345036702	0.741	0.638	1.22594734996295e-38	pLOF	ARID1A
6.38945153696394e-43	0.195201571698704	0.134	0.053	1.25277976285252e-38	pLOF	EVI2A
7.02180439065858e-43	0.140409001141312	0.47	0.32	1.37676518687643e-38	pLOF	GYG1
8.11343561625581e-43	0.157392220991668	0.436	0.278	1.59080132127928e-38	pLOF	LRRN2
1.05875718617922e-42	0.130379949089807	0.435	0.284	2.07590521494159e-38	pLOF	EDN2
1.3173487797521e-42	0.185727353942267	0.317	0.177	2.58292575245994e-38	pLOF	ARSE
1.36665510425486e-42	0.0778843832019951	0.732	0.643	2.6796006629125e-38	pLOF	ENKUR
1.49599497490017e-42	0.0760796218529864	0.729	0.619	2.93319734728677e-38	pLOF	PCDHGA5
1.58312118978175e-42	0.109318845453079	0.646	0.528	3.10402571680508e-38	pLOF	RP11-544M22.13
1.6394692927239e-42	0.104924230916655	0.767	0.662	3.21450744224374e-38	pLOF	LRRC28
1.70854918512764e-42	0.0985786129076548	0.648	0.521	3.34995238727975e-38	pLOF	SMYD4
1.72665469759134e-42	0.0837948668037231	0.743	0.645	3.38545186556735e-38	pLOF	FAM117A
2.07018861255753e-42	0.108408350858202	0.593	0.469	4.05901881264155e-38	pLOF	HGD
2.34158722137626e-42	0.123793605175438	0.61	0.474	4.59115006495242e-38	pLOF	SPG20
2.50235892885461e-42	0.117764165575259	0.556	0.418	4.90637515180523e-38	pLOF	UBXN6
2.68829496071689e-42	0.0788772028798739	0.713	0.603	5.27093992947761e-38	pLOF	PCDHGB5
2.95167332188488e-42	0.0980463004501784	0.725	0.597	5.78734588221968e-38	pLOF	RAPGEF4
3.09108912704203e-42	0.0817014452739526	0.677	0.557	6.06069845139131e-38	pLOF	TRIM41
3.10334616373718e-42	0.107996833822453	0.631	0.507	6.08473082323949e-38	pLOF	RP4-533D7.6
3.54569046108165e-42	0.0798765866279963	0.907	0.843	6.95203528704279e-38	pLOF	GAREM1
3.81677667313796e-42	0.122100579573088	0.649	0.516	7.4835540230216e-38	pLOF	FOXP4
3.93632132404833e-42	0.150791775096132	0.308	0.178	7.71794522006156e-38	pLOF	CCDC80
4.1746106210203e-42	0.0700732699381236	0.749	0.623	8.1851590446345e-38	pLOF	CASP9
4.90295967987156e-42	0.105046734037123	0.727	0.643	9.61323304432417e-38	pLOF	RP11-290H9.2
5.21132418325701e-42	0.154304402074675	0.539	0.375	1.0217843326112e-37	pLOF	GCNT3
5.98273660514932e-42	0.121486664495536	0.579	0.431	1.17303516617163e-37	pLOF	HGSNAT
6.52461651647888e-42	0.181222909602597	0.13	0.055	1.27928156038601e-37	pLOF	ANKRD1
7.10684606655595e-42	0.161765539580646	0.316	0.184	1.39343930826963e-37	pLOF	TNFRSF1B
7.59088036360572e-42	0.0961910780918528	0.571	0.444	1.48834391289217e-37	pLOF	APBB3
7.61503184217732e-42	0.134484506933296	0.534	0.389	1.49307929329571e-37	pLOF	PATL2
8.25384104264285e-42	0.0973350689332047	0.65	0.523	1.61833061323098e-37	pLOF	CLSTN1
9.26822129747983e-42	0.143241904403582	0.472	0.327	1.81722014979687e-37	pLOF	SFT2D3
9.46417066788864e-42	0.107202829895717	0.605	0.476	1.85563994285293e-37	pLOF	SMPD4
1.04628758533178e-41	0.188397157577488	0.153	0.066	2.05145606856002e-37	pLOF	CTD-2370N5.3
1.08224620008178e-41	0.131258951594999	0.537	0.405	2.12196012450035e-37	pLOF	SHISA6
1.14849877935244e-41	0.0917513275999211	0.89	0.823	2.25186155667633e-37	pLOF	BCL2
1.421687600542e-41	0.115077757329343	0.594	0.455	2.7875028783827e-37	pLOF	RIDA
1.44038676427676e-41	0.0949155083163199	0.753	0.639	2.82416632871744e-37	pLOF	POLR1A
1.56919535014098e-41	0.111395489184644	0.515	0.369	3.07672132302141e-37	pLOF	SESN2
1.60692693796728e-41	0.0745563818200388	0.732	0.622	3.15070164727244e-37	pLOF	PCDHGB2
1.70366911504451e-41	0.154758122694833	0.331	0.19	3.34038403386777e-37	pLOF	NDUFS5
1.79412385433144e-41	0.133938563836546	0.43	0.283	3.51773864118765e-37	pLOF	SMIM19
1.85865692772887e-41	0.12390890201707	0.469	0.315	3.64426863819799e-37	pLOF	PRIMA1
1.89055961648099e-41	0.0775114119812149	0.716	0.607	3.70682024003429e-37	pLOF	PCDHGA8
1.89673450492954e-41	0.102473145111952	0.577	0.437	3.71892734381535e-37	pLOF	HMGB2
1.95640459823171e-41	0.132261081041704	0.43	0.275	3.83592249575291e-37	pLOF	SEMA4C
2.43129630754827e-41	0.110670560685041	0.595	0.458	4.76704267020989e-37	pLOF	C6orf89
2.50290759377032e-41	0.107995187749409	0.601	0.459	4.90745091910547e-37	pLOF	SRSF4
2.77707476772424e-41	0.118071782913526	0.621	0.486	5.44501049707692e-37	pLOF	N4BP1
2.89844079050645e-41	0.0765595923398101	0.719	0.61	5.68297285794599e-37	pLOF	PCDHGA7
3.29279991368264e-41	0.108722566681918	0.586	0.453	6.45619279075755e-37	pLOF	FAM47E-STBD1
3.94734420157441e-41	0.160947451298507	0.252	0.134	7.73955777602695e-37	pLOF	EEF1A2
3.98132129395007e-41	0.0894398729724183	0.718	0.608	7.80617666104791e-37	pLOF	SOGA1
4.10154449245875e-41	0.0879100033059026	0.695	0.579	8.04189828636387e-37	pLOF	KLHL21
4.19637910921817e-41	0.122188967012242	0.591	0.446	8.22784051944408e-37	pLOF	ADORA1
4.81834511920067e-41	0.131145460975922	0.519	0.379	9.44732927521675e-37	pLOF	EPHX2
5.14245772555477e-41	0.0769511134689893	0.716	0.607	1.00828168624952e-36	pLOF	PCDHGB4
6.41432974658945e-41	0.128072613066402	0.576	0.43	1.25765763341379e-36	pLOF	CLIC5
6.60550007695369e-41	0.10385462553041	0.579	0.451	1.29514040008831e-36	pLOF	PPP1R18
9.39988928310646e-41	0.125234133795878	0.439	0.291	1.84303629173868e-36	pLOF	LENG1
1.1906164637321e-40	0.111868370369186	0.609	0.45	2.33444170043953e-36	pLOF	EPHB2
1.21963429550306e-40	0.143977663647362	0.439	0.283	2.39133696319285e-36	pLOF	EXTL1
1.44280595584175e-40	0.105305208220177	0.63	0.514	2.82890963761891e-36	pLOF	SLC34A1
2.51890265894902e-40	0.0975085367161715	0.596	0.459	4.93881244340135e-36	pLOF	ASAP3
2.67315377735458e-40	0.177528227787635	0.268	0.15	5.24125261125912e-36	pLOF	OVGP1
3.07367264028131e-40	0.131009875807145	0.398	0.262	6.02654994579956e-36	pLOF	EPPK1
3.3687431303904e-40	0.0992305946814964	0.732	0.639	6.60509465575645e-36	pLOF	ANXA2
3.56720906767777e-40	0.077450950258803	0.861	0.816	6.9942268189958e-36	pLOF	RAB11FIP3
3.71024307483616e-40	0.141446997406533	0.405	0.255	7.27467359683125e-36	pLOF	TNC
4.48163249402761e-40	0.119896627397009	0.596	0.447	8.78713683103993e-36	pLOF	LBH
4.51363402873583e-40	0.111138620766329	0.604	0.46	8.84988224014234e-36	pLOF	KIAA0319L
4.68875143705601e-40	0.127804155272906	0.559	0.409	9.19323494263573e-36	pLOF	RP11-697E2.12
5.20961157245084e-40	0.182209676402309	0.279	0.157	1.02144854101044e-35	pLOF	FAM159A
6.35207785060475e-40	0.0957360455341757	0.663	0.548	1.24545190416807e-35	pLOF	DHCR24
6.7180256492291e-40	0.0727419979838091	0.733	0.625	1.31720328904435e-35	pLOF	PCDHGA4
6.76265887919895e-40	0.126822294616711	0.534	0.394	1.32595452644454e-35	pLOF	NKAIN4
6.83333591301559e-40	0.154067743369164	0.276	0.163	1.33981217246497e-35	pLOF	KLHL30
7.76054393293358e-40	0.162941213289753	0.304	0.173	1.52160984893029e-35	pLOF	SEPT4
9.12995044319665e-40	0.0786571057230303	0.699	0.587	1.79010938339757e-35	pLOF	CSNK1A1
9.18866282206571e-40	0.147744889152496	0.445	0.293	1.80162111952242e-35	pLOF	MED20
1.01029227031894e-39	0.0541905500722201	0.873	0.812	1.98088005441435e-35	pLOF	CROCC
1.03265025144745e-39	0.0899383441333976	0.812	0.675	2.02471734801302e-35	pLOF	PALLD
1.22485228588731e-39	0.113154437072965	0.452	0.325	2.40156787693925e-35	pLOF	BNIP1
1.26264899235501e-39	0.127307706342538	0.381	0.243	2.47567587931048e-35	pLOF	PEF1
1.34919815380049e-39	0.150020055971943	0.436	0.292	2.64537282015662e-35	pLOF	KIAA0040
1.40314397395024e-39	0.152170527048556	0.339	0.204	2.75114438972423e-35	pLOF	SYF2
1.55710434870203e-39	0.0840226850354406	0.212	0.179	3.05301449650007e-35	pLOF	UTY
1.86939443746402e-39	0.0748766519198613	0.812	0.731	3.66532167353571e-35	pLOF	SH3RF1
1.95590530926457e-39	0.0868766217316609	0.69	0.572	3.83494353987505e-35	pLOF	SERP1
1.95998914085995e-39	0.170911453642274	0.289	0.165	3.8429507084841e-35	pLOF	FAM189A2
1.98115737165098e-39	0.0789558527357697	0.748	0.655	3.88445525859607e-35	pLOF	ITGA3
2.07125020133752e-39	0.0963736125071065	0.754	0.637	4.06110026976248e-35	pLOF	OR9Q1
2.08971923460858e-39	0.155313301421815	0.353	0.205	4.09731250329705e-35	pLOF	KCNMB4
2.39031466729148e-39	0.157383738630236	0.054	0.014	4.6866899681584e-35	pLOF	MFSD6L
2.44203726401987e-39	0.113273389324482	0.532	0.373	4.78810246356375e-35	pLOF	PIK3CD
2.54801630154506e-39	0.151961427034962	0.39	0.245	4.99589556243939e-35	pLOF	EXOSC7
2.57706410177167e-39	0.118840423817427	0.584	0.444	5.05284958434372e-35	pLOF	PI4KB
2.875505244732e-39	0.0898148398903487	0.723	0.607	5.63800313334603e-35	pLOF	C16orf62
3.38234763156829e-39	0.0739941200964426	0.751	0.647	6.63176900121594e-35	pLOF	ITPR3
3.63840165721961e-39	0.122377858455501	0.492	0.345	7.13381412931048e-35	pLOF	ADAMTSL4
3.77673711629533e-39	0.0945132708164497	0.62	0.501	7.40504846392025e-35	pLOF	PCIF1
4.0774922682501e-39	0.134810232930341	0.427	0.29	7.99473909035797e-35	pLOF	NPHS1
4.28876172589723e-39	0.114181016149939	0.585	0.451	8.4089751159667e-35	pLOF	HIST2H2BE
4.36333647835671e-39	0.13805226095541	0.516	0.376	8.55519383311399e-35	pLOF	OGFRL1
5.39323289333664e-39	0.114347743645516	0.651	0.521	1.05745117339652e-34	pLOF	RP11-729L2.2
5.71188903250859e-39	0.107343982441189	0.69	0.581	1.11993008260396e-34	pLOF	CRTC3
6.09614100045535e-39	0.188154684305078	0.206	0.093	1.19527036595928e-34	pLOF	HLA-DRB5
6.87246108285014e-39	0.119829343961243	0.622	0.499	1.34748344451443e-34	pLOF	PQLC1
7.06963341567496e-39	0.13473814480131	0.546	0.418	1.38614302381139e-34	pLOF	C1orf105
7.56543066367421e-39	0.143827293914774	0.396	0.266	1.4833539902266e-34	pLOF	SMAD9
8.05656481262579e-39	0.0895266488577697	0.732	0.64	1.57965066281154e-34	pLOF	TMEM80
9.70704837809612e-39	0.0799546889728155	0.78	0.72	1.90326097549331e-34	pLOF	PLXNB2
9.79845521304379e-39	0.0954606070567064	0.67	0.531	1.9211831136215e-34	pLOF	ERI3
1.00523308747666e-38	0.07516166393963	0.79	0.712	1.97096051461549e-34	pLOF	LEPROTL1
1.20936660326516e-38	0.121095537706793	0.47	0.332	2.371205099022e-34	pLOF	PCDHGC5
1.24350256566956e-38	0.142151386154797	0.381	0.242	2.4381354805083e-34	pLOF	SLC15A1
1.33691170452878e-38	0.114239746089772	0.623	0.481	2.62128277906959e-34	pLOF	TNKS
1.45185970482421e-38	0.0959902597329316	0.623	0.497	2.84666132324882e-34	pLOF	NDUFC1
1.62260303210101e-38	0.0546974234463972	0.88	0.828	3.18143776504045e-34	pLOF	SSBP3
1.63083940012176e-38	0.133222175834361	0.45	0.295	3.19758681181873e-34	pLOF	BIN3
1.75576588190363e-38	0.136789613408509	0.448	0.3	3.44253016464844e-34	pLOF	ILF2
1.77002545967518e-38	0.118442910056365	0.712	0.639	3.47048891878513e-34	pLOF	DDR2
2.01862846793321e-38	0.110390388969574	0.662	0.554	3.95792483707664e-34	pLOF	ERBB2
2.02196486994112e-38	0.120097905577162	0.456	0.319	3.96446652049356e-34	pLOF	PRELID1
2.03420895707839e-38	0.0876082399431253	0.609	0.492	3.98847350214361e-34	pLOF	SMOX
2.2726558698626e-38	0.104483245415035	0.633	0.513	4.4559963640396e-34	pLOF	OTULIN
2.28291118452867e-38	0.180120910082828	0.193	0.093	4.47610395950535e-34	pLOF	GBP4
2.3417654749879e-38	0.100328750276512	0.671	0.566	4.59149956680878e-34	pLOF	MME
2.60428192086199e-38	0.148289327390102	0.415	0.265	5.10621556223411e-34	pLOF	PIGV
2.69649994967216e-38	0.174379150685448	0.322	0.194	5.28702745132221e-34	pLOF	RTCB
2.71521461328309e-38	0.101339443559324	0.677	0.559	5.32372129226415e-34	pLOF	DYNLRB1
2.95483757708934e-38	0.164955739237994	0.313	0.179	5.79355003739906e-34	pLOF	SIRPB1
2.98876694559064e-38	0.153936114965671	0.361	0.22	5.86007535021956e-34	pLOF	SLC25A34
3.25257942684707e-38	0.186946789860619	0.179	0.086	6.37733248221904e-34	pLOF	CSF2RB
3.38989350496694e-38	0.157006711415399	0.372	0.234	6.64656419518869e-34	pLOF	NYX
3.67334388745125e-38	0.101932025319415	0.407	0.27	7.20232536012566e-34	pLOF	PITX2
3.75910236389991e-38	0.0960697144624825	0.514	0.368	7.37047200489855e-34	pLOF	RP11-566K11.2
4.08087683073646e-38	0.0705391180001408	0.795	0.708	8.00137520202497e-34	pLOF	RALGPS1
4.60443847991789e-38	0.0962713291889215	0.605	0.506	9.027922527575e-34	pLOF	HHLA2
5.00467141483802e-38	0.100852485969898	0.574	0.444	9.8126592430729e-34	pLOF	PTP4A3
5.38094317962169e-38	0.0956841430315956	0.708	0.6	1.05504152922842e-33	pLOF	DOCK5
6.81842267767115e-38	0.09935375469688	0.555	0.42	1.33688813441098e-33	pLOF	TM2D2
7.10760763759527e-38	0.0988317091307414	0.718	0.612	1.3935886295033e-33	pLOF	MEF2A
7.33234467042945e-38	0.0673493509133587	0.908	0.863	1.4376528195311e-33	pLOF	ARID1B
7.60101624412519e-38	0.133881983794679	0.485	0.335	1.49033125498563e-33	pLOF	ZDHHC18
8.2386724450639e-38	0.171026855947823	0.246	0.125	1.61535650630368e-33	pLOF	ZIC2
8.86592177033302e-38	0.118991411109612	0.42	0.277	1.7383412815092e-33	pLOF	KCNQ4
8.99871803380716e-38	0.155689984635697	0.115	0.053	1.76437864488857e-33	pLOF	GJB4
9.16948776480419e-38	0.140289019631092	0.397	0.249	1.79786146604516e-33	pLOF	FHDC1
1.06949892513416e-37	0.0848256404937604	0.836	0.744	2.09696654251055e-33	pLOF	AFDN
1.09675374545214e-37	0.0998571547506314	0.788	0.67	2.150405068708e-33	pLOF	DOCK8
1.27340400547214e-37	0.137386260852756	0.416	0.273	2.49676323352922e-33	pLOF	C15orf48
1.28295382553196e-37	0.126266448953883	0.466	0.327	2.51548756572051e-33	pLOF	SLFN5
1.30116832807636e-37	0.155598343122149	0.462	0.311	2.55120074085932e-33	pLOF	NIT1
1.4472950479888e-37	0.107589571800569	0.727	0.593	2.83771140059164e-33	pLOF	KCNJ6
1.48739681476774e-37	0.151267984553901	0.317	0.186	2.9163389347151e-33	pLOF	ADPRHL2
1.65523855817713e-37	0.086303164086995	0.787	0.695	3.24542624101791e-33	pLOF	PPP2R3A
2.03374015706699e-37	0.14986306049534	0.331	0.194	3.98755432596124e-33	pLOF	RASD2
2.20450989663941e-37	0.0953952034352549	0.736	0.628	4.32238255434089e-33	pLOF	ACO2
2.47036084114889e-37	0.116264192989366	0.499	0.355	4.84363650124063e-33	pLOF	HSPH1
2.64203072386281e-37	0.126349212364794	0.611	0.528	5.18022964027782e-33	pLOF	TMEM63A
3.44382223774304e-37	0.0539101965293123	0.934	0.905	6.75230226154277e-33	pLOF	TTC7A
3.64116964460642e-37	0.127084583608133	0.468	0.32	7.13924132217981e-33	pLOF	RUNX3
3.91949346845558e-37	0.0950425454338653	0.643	0.516	7.68495084360085e-33	pLOF	ALPK1
3.98713670011178e-37	0.137046636706594	0.385	0.239	7.81757892790916e-33	pLOF	ID3
4.02470863477512e-37	0.1068048903413	0.642	0.514	7.89124622020358e-33	pLOF	ITGAV
4.25454095387546e-37	0.131901764307002	0.463	0.311	8.34187844826361e-33	pLOF	MTX1
6.33447812712036e-37	0.0983655101969043	0.441	0.328	1.24200112638449e-32	pLOF	LMAN2
6.40362402171316e-37	0.0714412437641423	0.797	0.713	1.2555585619373e-32	pLOF	FAM20C
6.58054622858068e-37	0.179858986547643	0.235	0.118	1.29024769903781e-32	pLOF	LRRC32
7.04256551328352e-37	0.11472423493109	0.491	0.336	1.3808358201895e-32	pLOF	RP11-2C24.9
7.47870424265416e-37	0.162253300136142	0.112	0.047	1.4663495408572e-32	pLOF	GUCA2B
7.86573869678782e-37	0.151976242760775	0.351	0.215	1.54223538627919e-32	pLOF	PEA15
8.29584589187802e-37	0.159852954943994	0.338	0.189	1.62656650402052e-32	pLOF	MYL9
8.62953456665027e-37	0.157054672789016	0.354	0.215	1.69199284248312e-32	pLOF	LSM6
8.97761723085532e-37	0.151928034265069	0.442	0.291	1.7602414104538e-32	pLOF	BOD1L1
9.89021704697683e-37	0.0882556951881185	0.756	0.644	1.93917485640075e-32	pLOF	C6orf106
1.01009434269841e-36	0.161501906121157	0.053	0.013	1.98049197772878e-32	pLOF	AL136097.1
1.02621047954844e-36	0.109398779166942	0.59	0.452	2.01209088725063e-32	pLOF	NOCT
1.43318621484923e-36	0.0761500471174795	0.807	0.719	2.81004821145489e-32	pLOF	CPEB2
1.62473861137654e-36	0.142517338916499	0.219	0.128	3.18562499532598e-32	pLOF	PADI3
1.78243859455373e-36	0.0562715371564273	0.832	0.767	3.4948273523415e-32	pLOF	VAV2
2.56461635246087e-36	0.101885176460836	0.71	0.577	5.02844328227002e-32	pLOF	SULF2
2.60015467765572e-36	0.126511552756432	0.426	0.284	5.09812327647957e-32	pLOF	IKBKB
3.21975580526529e-36	0.175444563781494	0.319	0.186	6.31297520738365e-32	pLOF	KAAG1
3.83543626721682e-36	0.109372339075052	0.665	0.532	7.52013988913203e-32	pLOF	TBCK
3.89911846194675e-36	0.0809851561402902	0.673	0.558	7.64500156833898e-32	pLOF	PCDHGA12
4.25460686693235e-36	0.122213221629683	0.507	0.367	8.34200768399427e-32	pLOF	CD164
4.29568737751187e-36	0.15642421293277	0.197	0.103	8.42255424108752e-32	pLOF	CDSN
4.45603761271925e-36	0.192416491917709	0.175	0.086	8.73695294725864e-32	pLOF	NEU4
4.60340705469943e-36	0.0945441462865318	0.578	0.447	9.02590021214917e-32	pLOF	ZNF436
5.22098686386681e-36	0.0905403027606285	0.609	0.481	1.02367889439837e-31	pLOF	KCND3
5.77048049740101e-36	0.129952248328177	0.514	0.373	1.13141811112542e-31	pLOF	SUB1
6.57014750754425e-36	0.179267796036488	0.1	0.038	1.2882088218042e-31	pLOF	REG1A
6.59779334578487e-36	0.090625501116787	0.71	0.6	1.29362934130804e-31	pLOF	BBC3
7.20340838379738e-36	0.144019626065466	0.335	0.204	1.41237228181115e-31	pLOF	GRHL3
7.85512410645557e-36	0.154346121899957	0.29	0.174	1.54015418355274e-31	pLOF	TGM5
8.00658751236506e-36	0.146285293861635	0.299	0.182	1.56985161354942e-31	pLOF	MAT1A
8.5479528640652e-36	0.0739418047495535	0.861	0.773	1.67599711805726e-31	pLOF	ABCC1
9.25391582459188e-36	0.067904571548167	0.702	0.594	1.81441527572773e-31	pLOF	CBLB
1.09268518471125e-35	0.145162306732256	0.233	0.145	2.14242784166335e-31	pLOF	LHCGR
1.18000776615551e-35	0.0933862020064338	0.771	0.665	2.31364122710111e-31	pLOF	NEO1
1.23868382952008e-35	0.166847846317653	0.243	0.125	2.42868738454002e-31	pLOF	CLEC3B
1.26330943443339e-35	0.100526446254716	0.586	0.463	2.47697080809355e-31	pLOF	MGAT4B
1.26502206144267e-35	0.0857958961360739	0.698	0.587	2.48032875587064e-31	pLOF	DGKZ
1.29541056553479e-35	0.066833116038386	0.881	0.824	2.53991149584407e-31	pLOF	MTHFD1L
1.33253472247149e-35	0.155678039755368	0.348	0.211	2.61270083034985e-31	pLOF	FAM9B
1.44238219050164e-35	0.120904364287618	0.506	0.362	2.82807876091656e-31	pLOF	NDUFS2
1.52635384472477e-35	0.0839201567908505	0.81	0.715	2.99272198335186e-31	pLOF	ARHGAP35
1.64598546961484e-35	0.101071685770464	0.528	0.4	3.22728371027381e-31	pLOF	NAA50
1.87385856032666e-35	0.0923556368810399	0.741	0.625	3.67407447923248e-31	pLOF	EEF1E1-BLOC1S5
1.9258411603729e-35	0.0778661504919034	0.765	0.672	3.77599676314315e-31	pLOF	FAH
1.96686193508325e-35	0.157801750523917	0.25	0.141	3.85642619611773e-31	pLOF	CD22
2.05284436521594e-35	0.12572413950636	0.392	0.256	4.02501194687889e-31	pLOF	CFB
2.18555403656683e-35	0.112633561793088	0.511	0.351	4.28521579949658e-31	pLOF	ID4
2.24732762681672e-35	0.145367674432869	0.421	0.271	4.40633527789955e-31	pLOF	RNASEL
2.56589010348283e-35	0.0899488073916193	0.603	0.488	5.03094072589878e-31	pLOF	HMMR
2.69111816441231e-35	0.128807227339449	0.414	0.275	5.27647538496321e-31	pLOF	FBXO25
2.80413279181951e-35	0.107475694098282	0.489	0.34	5.49806316492051e-31	pLOF	CCDC94
3.16293327103054e-35	0.146607505781507	0.222	0.129	6.20156326450958e-31	pLOF	VANGL2
4.08336036358826e-35	0.130748433573211	0.348	0.216	8.0062446648875e-31	pLOF	NUDT18
4.20384735434396e-35	0.0921748588723845	0.664	0.53	8.24248350766221e-31	pLOF	HIST1H2BD
4.66513485858433e-35	0.150765690169034	0.308	0.18	9.14692991722629e-31	pLOF	UNC119
4.78739795995365e-35	0.174073202846537	0.129	0.055	9.38665118008113e-31	pLOF	IL2
4.93801816180044e-35	0.158191718082124	0.354	0.22	9.68197220984212e-31	pLOF	KCNA2
5.37157018127931e-35	0.133269188872336	0.41	0.273	1.05320376544343e-30	pLOF	LZTS1
5.51267172487983e-35	0.0550681774131271	0.896	0.831	1.08086954509719e-30	pLOF	RPTOR
5.53086974089663e-35	0.10089713243759	0.65	0.5	1.0844376300976e-30	pLOF	RNF144A
5.87475228493751e-35	0.0872700046972703	0.691	0.58	1.1518626805077e-30	pLOF	CDKN1A
7.48834434398097e-35	0.121370808469525	0.6	0.453	1.46823967552435e-30	pLOF	REEP1
7.6493962003756e-35	0.170574367735618	0.234	0.133	1.49981711300764e-30	pLOF	LEAP2
8.76508205971192e-35	0.128795945340421	0.424	0.286	1.71856963944772e-30	pLOF	SLC6A8
9.57156973979994e-35	0.0821095266261977	0.739	0.643	1.87669767888258e-30	pLOF	ADAMTS3
1.08776293117899e-34	0.100749728949846	0.645	0.515	2.13277677916264e-30	pLOF	USP24
1.26518458276342e-34	0.102299024407645	0.453	0.312	2.48064741142424e-30	pLOF	TUBB3
1.49958561168355e-34	0.0823176637974039	0.855	0.781	2.94023750882794e-30	pLOF	PLPP3
1.71823785235453e-34	0.116113446997617	0.483	0.329	3.36894895711152e-30	pLOF	TMEM39B
1.80067328708459e-34	0.0776615836745459	0.747	0.661	3.53058011398676e-30	pLOF	CAPN15
1.98662478011962e-34	0.118504134330105	0.533	0.396	3.89517520638054e-30	pLOF	MYPN
2.0104009548084e-34	0.103793858601671	0.644	0.511	3.94179315209283e-30	pLOF	MCPH1
2.52173104953973e-34	0.15302804480931	0.295	0.166	4.94435806883255e-30	pLOF	THBD
2.64841360359128e-34	0.170446014002536	0.308	0.171	5.19274455256142e-30	pLOF	CAMK1G
2.80569345236014e-34	0.117255224087844	0.406	0.272	5.50112315204253e-30	pLOF	UTP3
3.02058072310928e-34	0.0886728877858162	0.68	0.56	5.92245262380037e-30	pLOF	JUP
3.10268297964769e-34	0.16260210811675	0.504	0.368	6.08343051819523e-30	pLOF	SLC13A1
3.39595653472523e-34	0.150227844139959	0.266	0.145	6.65845197763576e-30	pLOF	ALS2CL
3.48041205825133e-34	0.172561060927023	0.179	0.09	6.82404392261338e-30	pLOF	GBP5
3.52311239345417e-34	0.133711024507598	0.392	0.249	6.90776646984559e-30	pLOF	SF3A3
4.10495813783661e-34	0.112640067646955	0.531	0.394	8.04859142085623e-30	pLOF	CHTOP
4.33346253876882e-34	0.0609173543544979	0.887	0.821	8.49661999976402e-30	pLOF	CTNNA1
4.58767999895848e-34	0.0922563073866092	0.538	0.413	8.99506417395788e-30	pLOF	KIAA0141
4.67616148390173e-34	0.128166556008365	0.49	0.364	9.16854982148612e-30	pLOF	SLC23A1
4.8621503467734e-34	0.100190206084005	0.584	0.452	9.53321818491861e-30	pLOF	PCM1
4.9362460479691e-34	0.0723384520923236	0.647	0.539	9.67849762625301e-30	pLOF	CNOT8
5.29730171885142e-34	0.177349367584477	0.314	0.182	1.0386419480152e-29	pLOF	IER3IP1
5.84016306246374e-34	0.0662758834978638	0.736	0.631	1.14508077165727e-29	pLOF	PCDHGB1
6.05434114603354e-34	0.0763542380794503	0.665	0.547	1.1870746685028e-29	pLOF	CD81
7.51660567969059e-34	0.0639770229725334	0.808	0.739	1.47378087561693e-29	pLOF	SIRPA
8.83898260925065e-34	0.147877198523707	0.33	0.197	1.73305932019577e-29	pLOF	NPR1
9.97114339054967e-34	0.0961352459600294	0.593	0.459	1.95504208458507e-29	pLOF	SLC6A9
1.18531716178223e-33	0.161837541480934	0.191	0.098	2.32405135910642e-29	pLOF	SFN
1.18953650464287e-33	0.0893525852899835	0.663	0.55	2.33232422465328e-29	pLOF	NFX1
1.3045123353945e-33	0.166093949109554	0.197	0.098	2.557757336008e-29	pLOF	RGAG4
1.54946646476886e-33	0.14053195928023	0.241	0.14	3.03803889747231e-29	pLOF	GUCA1C
1.82351209776176e-33	0.0687403427471797	0.874	0.816	3.57536017008149e-29	pLOF	RIN2
1.8294504218177e-33	0.0971830068298281	0.357	0.235	3.58700344205796e-29	pLOF	EPS8L1
1.91615071739767e-33	0.139179130538925	0.349	0.212	3.75699671160162e-29	pLOF	BTG3
2.02616045458294e-33	0.149870298507906	0.383	0.243	3.97269280330077e-29	pLOF	PLA2G4E
2.16384693532175e-33	0.0884902828018979	0.634	0.517	4.24265468608535e-29	pLOF	GTF3C1
2.414530870778e-33	0.128327791794357	0.389	0.257	4.73417067833442e-29	pLOF	IRF6
2.42045627099755e-33	0.0846336725935609	0.597	0.477	4.74578861054489e-29	pLOF	HIGD2A
2.43835377666e-33	0.0913370871120349	0.688	0.564	4.78088024989725e-29	pLOF	DERL1
2.67585303328872e-33	0.16870728625761	0.284	0.161	5.2465450423692e-29	pLOF	NAT1
3.01013017354334e-33	0.0614683798245306	0.739	0.638	5.90196223126643e-29	pLOF	IFT122
3.01318432083963e-33	0.147228404783229	0.259	0.136	5.90795049787026e-29	pLOF	POU3F1
3.14469911746519e-33	0.151725215766843	0.477	0.319	6.16581155961401e-29	pLOF	LINC01314
3.33471987655691e-33	0.126923355231543	0.45	0.307	6.53838526196513e-29	pLOF	TOMM40L
3.42650161430739e-33	0.153023681264035	0.287	0.163	6.71834171517251e-29	pLOF	DCDC2B
3.53021528192076e-33	0.109534449087679	0.575	0.44	6.92169310326203e-29	pLOF	B3GLCT
4.0354411816568e-33	0.064607943146373	0.743	0.64	7.9122895248745e-29	pLOF	PCDHGA1
4.38957103915708e-33	0.157644434685467	0.255	0.139	8.60663193647529e-29	pLOF	CCDC28B
4.43155546795143e-33	0.135606707832652	0.469	0.331	8.68895080601238e-29	pLOF	B2M
4.73885367473437e-33	0.0970053013121706	0.535	0.405	9.29147040005168e-29	pLOF	SARAF
4.90167089170919e-33	0.147551181982462	0.357	0.224	9.6107061173742e-29	pLOF	BTN2A2
5.03314843735379e-33	0.0967287889421383	0.573	0.44	9.86849414111957e-29	pLOF	CATSPERD
5.65124296361847e-33	0.0955360863887677	0.648	0.522	1.10803920787667e-28	pLOF	PHACTR4
5.77829841985499e-33	0.126636347249733	0.305	0.198	1.13295097118097e-28	pLOF	NUDT12
6.08762301833542e-33	0.098146618039809	0.721	0.628	1.19360024520503e-28	pLOF	RPRD2
7.33671034224608e-33	0.148024904258437	0.38	0.238	1.43850879680419e-28	pLOF	GAB3
7.36665539597867e-33	0.161693825616373	0.076	0.027	1.44438012348954e-28	pLOF	PNMA6A
7.58624512840367e-33	0.131271518844706	0.371	0.224	1.48743508232611e-28	pLOF	UNC13D
8.83334983003536e-33	0.0577377397867135	0.919	0.877	1.73195490117503e-28	pLOF	RERE
9.07297475268213e-33	0.140902586121956	0.316	0.195	1.77893815975839e-28	pLOF	CRB2
9.08106018798796e-33	0.152644635812903	0.371	0.235	1.7805234710588e-28	pLOF	DNAJC12
9.40027334471342e-33	0.135342889670566	0.47	0.328	1.84311159469796e-28	pLOF	TST
1.08738990035327e-32	0.104422316419662	0.58	0.443	2.13204537762265e-28	pLOF	PML
1.11971454822376e-32	0.0819795674168027	0.699	0.61	2.19542431470232e-28	pLOF	RP11-540D14.8
1.21173707867917e-32	0.10315218206433	0.683	0.596	2.37585289016624e-28	pLOF	SEPT11
1.27264485351157e-32	0.0550078057052154	0.839	0.794	2.49527476428014e-28	pLOF	OBSCN
1.30403431158432e-32	0.0647608893591717	0.737	0.633	2.55682007472337e-28	pLOF	PCDHGA3
1.30971091142049e-32	0.12336377188822	0.454	0.314	2.56795018402215e-28	pLOF	HSD3B7
1.31747667156833e-32	0.0764437415562345	0.621	0.501	2.58317650994403e-28	pLOF	NDUFA2
1.42468650953159e-32	0.167104665267753	0.228	0.116	2.79338283923858e-28	pLOF	RAB33A
1.58772158948903e-32	0.115211412748985	0.613	0.489	3.11304572051114e-28	pLOF	SRL
1.67912069140309e-32	0.102786788976147	0.44	0.317	3.29225193963403e-28	pLOF	PDE6A
1.74596234348444e-32	0.0916437814527369	0.141	0.11	3.42330836686994e-28	pLOF	ZFY
1.79159595392826e-32	0.0913601261371516	0.64	0.524	3.51278218686714e-28	pLOF	SMYD2
1.82135497464432e-32	0.171816518646725	0.351	0.207	3.57113069878512e-28	pLOF	RAB29
1.89408358826776e-32	0.112742865473771	0.489	0.341	3.7137296915166e-28	pLOF	MICALL1
1.94660874631201e-32	0.0923075260328947	0.633	0.497	3.81671576889396e-28	pLOF	LACTB2
2.80728252695684e-32	0.0967205902957441	0.536	0.404	5.50423885060427e-28	pLOF	MRPL18
2.83061431169191e-32	0.0747720320941323	0.772	0.706	5.54998548093432e-28	pLOF	TGM2
3.07606641219547e-32	0.0962036342091988	0.647	0.534	6.03124341439165e-28	pLOF	SLC39A1
3.339745378355e-32	0.142446629562106	0.392	0.245	6.54823876334064e-28	pLOF	BEND5
3.52545007257036e-32	0.0930185941271533	0.405	0.277	6.9123499572887e-28	pLOF	TMEM52
3.87480920145734e-32	0.0923448369277327	0.681	0.548	7.59733840129741e-28	pLOF	GNAO1
3.89594141262136e-32	0.111003159236178	0.573	0.454	7.63877232772671e-28	pLOF	TXNIP
4.00075868704621e-32	0.0968293654151181	0.552	0.423	7.84428755769151e-28	pLOF	COG7
4.17453157301869e-32	0.0819699603650172	0.765	0.675	8.18500405521775e-28	pLOF	HUNK
4.6531570768408e-32	0.0882199472186306	0.407	0.293	9.12344508056176e-28	pLOF	DBN1
4.65774520359601e-32	0.0735991042009271	0.723	0.61	9.13244102069069e-28	pLOF	DNAH9
6.81284251880094e-32	0.0941439541955273	0.672	0.56	1.3357940326613e-27	pLOF	RSPH9
7.12639857229256e-32	0.0790888817979901	0.733	0.584	1.3972729680694e-27	pLOF	MRPS22
7.17965388393243e-32	0.0711196288736742	0.745	0.634	1.40771473702263e-27	pLOF	ARHGEF10
7.71873785302429e-32	0.0634481646001666	0.739	0.636	1.51341293084247e-27	pLOF	PCDHGA2
8.64610258597319e-32	0.143245338564599	0.312	0.184	1.69524133403176e-27	pLOF	TMEM234
9.33573579557052e-32	0.0770224225727457	0.815	0.734	1.83045771743751e-27	pLOF	YPEL2
1.03312921588048e-31	0.0585419851863088	0.885	0.83	2.02565645357685e-27	pLOF	HSPA12A
1.14589032864154e-31	0.0926419942206081	0.639	0.524	2.24674716736747e-27	pLOF	PLLP
1.16593273495394e-31	0.141663357306084	0.378	0.235	2.2860443134242e-27	pLOF	HES2
1.20374626975506e-31	0.0576002879175712	0.897	0.89	2.36018531110874e-27	pLOF	NEDD9
1.23357319550754e-31	0.123383199961069	0.459	0.319	2.41866696443163e-27	pLOF	PNPO
1.40664622256205e-31	0.0600369124093444	0.921	0.867	2.75801124857741e-27	pLOF	FAM134B
1.65194363993423e-31	0.0769959041074585	0.569	0.443	3.23896589481904e-27	pLOF	PXDN
1.8324352140081e-31	0.0997941335892152	0.655	0.528	3.59285572410568e-27	pLOF	UNC5CL
1.83855171006043e-31	0.116124879720647	0.48	0.352	3.60484833791549e-27	pLOF	AKR1A1
1.85209220641285e-31	0.122278755672535	0.55	0.42	3.63139718911368e-27	pLOF	PMP22
1.87865747179791e-31	0.125296042619134	0.472	0.332	3.68348370495417e-27	pLOF	CYP4V2
2.13503151892254e-31	0.140623110800373	0.376	0.239	4.18615629915142e-27	pLOF	EVA1B
2.15273860000388e-31	0.130212644909516	0.386	0.247	4.22087457302761e-27	pLOF	XKR8
2.65185782637076e-31	0.10650883410588	0.559	0.428	5.19949764016514e-27	pLOF	CTBP1
2.70423859766406e-31	0.124115217228026	0.39	0.245	5.30220061843992e-27	pLOF	APOL3
2.73621322009033e-31	0.103537829913269	0.784	0.654	5.3648932606311e-27	pLOF	FRMD5
3.65660122628872e-31	0.162412032000638	0.169	0.087	7.1694980243843e-27	pLOF	SIGLEC15
3.97988576960291e-31	0.0634494168172602	0.861	0.832	7.80336202846043e-27	pLOF	FOXO3
4.20257176979819e-31	0.0873128157144085	0.637	0.512	8.2399824690433e-27	pLOF	PLEKHH2
4.20320217162108e-31	0.106599887895149	0.445	0.31	8.24121849789745e-27	pLOF	XXbac-BPG116M5.17
4.69440407027755e-31	0.113609336561849	0.609	0.474	9.20431806059319e-27	pLOF	DHRS12
4.91972146323696e-31	0.123662760967367	0.407	0.273	9.64609787296871e-27	pLOF	CNOT7
5.02859784401516e-31	0.0968185330044682	0.665	0.544	9.85957179276053e-27	pLOF	FHAD1
5.13125996461807e-31	0.08179292116367	0.634	0.523	1.00608614126266e-26	pLOF	INTS9
5.13452894565409e-31	0.133329536880769	0.463	0.322	1.0067270903744e-26	pLOF	TNFSF4
6.04320432360626e-31	0.0970727821818405	0.532	0.4	1.18489107172948e-26	pLOF	TCP1
6.38504100938954e-31	0.126305919031819	0.484	0.339	1.25191499071101e-26	pLOF	CTD-2535L24.2
6.74207613292316e-31	0.0958604993819209	0.465	0.318	1.32191886738224e-26	pLOF	TIMP2
7.00843849040323e-31	0.0843137830859292	0.637	0.517	1.37414453481336e-26	pLOF	KIAA0922
7.2804155813715e-31	0.0726557892276244	0.721	0.624	1.42747108303951e-26	pLOF	DDX46
7.485893304182e-31	0.133211166509688	0.498	0.363	1.46775910015096e-26	pLOF	KIAA1456
7.89293095775976e-31	0.0822161383220366	0.848	0.815	1.54756697288796e-26	pLOF	PLXNA2
7.95546919754395e-31	0.0804258605499334	0.779	0.718	1.55982884556244e-26	pLOF	LIFR
8.13293170371906e-31	0.160848300526848	0.07	0.024	1.5946239191482e-26	pLOF	CXCL10
9.03259205991956e-31	0.0998747818940756	0.752	0.65	1.77102032518843e-26	pLOF	COL4A1
9.50937851073545e-31	0.0948456683484126	0.76	0.666	1.8645038445999e-26	pLOF	FOXO1
9.53615341428846e-31	0.0931327938627277	0.532	0.402	1.86975359993954e-26	pLOF	MSMO1
9.57771838835518e-31	0.170148869482584	0.324	0.189	1.8779032444048e-26	pLOF	FAM3D
1.12239123926647e-30	0.116399608246473	0.387	0.247	2.20067250282977e-26	pLOF	CDC42BPG
1.14091883386978e-30	0.0690671319794319	0.832	0.766	2.23699955756847e-26	pLOF	FOSL2
1.15614730456014e-30	0.11172154377788	0.557	0.43	2.26685802005107e-26	pLOF	EDN1
1.28678812655731e-30	0.0731419648850304	0.713	0.618	2.52300547974092e-26	pLOF	SMIM20
1.68792327195815e-30	0.131597970245176	0.371	0.239	3.30951115932834e-26	pLOF	DKK3
1.73416128682753e-30	0.110337461324656	0.583	0.429	3.40017003508273e-26	pLOF	MYO5C
2.24122335924541e-30	0.106137231403633	0.572	0.44	4.39436664047247e-26	pLOF	ORAOV1
2.49969088489703e-30	0.0866913811566378	0.55	0.453	4.9011439180176e-26	pLOF	HTRA1
2.51272564701834e-30	0.104157042642036	0.653	0.526	4.92670117610885e-26	pLOF	IQCK
2.67698689499762e-30	0.0756934580688544	0.696	0.587	5.24876820502184e-26	pLOF	ABI3BP
2.87659307926824e-30	0.074516209806499	0.631	0.517	5.64013605052124e-26	pLOF	MXD3
2.96069459046454e-30	0.091571017152189	0.615	0.49	5.80503388352383e-26	pLOF	WDFY4
3.06395400992136e-30	0.118113214868373	0.482	0.35	6.0074946272528e-26	pLOF	KCNC4
3.1829856084603e-30	0.0933973978247992	0.636	0.522	6.24087988250811e-26	pLOF	ATPAF2
3.8379906852638e-30	0.174859894266363	0.162	0.076	7.52514833659673e-26	pLOF	ADAMDEC1
3.92588233805356e-30	0.180882260966818	0.115	0.046	7.69747750022162e-26	pLOF	CRNN
3.98088545838789e-30	0.101284425715931	0.514	0.371	7.80532211826113e-26	pLOF	ZBTB8OS
4.17747769599326e-30	0.0925280327414098	0.572	0.443	8.19078051853398e-26	pLOF	CAMK2G
4.2088011513088e-30	0.10340721741258	0.476	0.351	8.25219641737117e-26	pLOF	THG1L
4.62329289691768e-30	0.0858113816277613	0.717	0.624	9.06489038298649e-26	pLOF	FAM149A
4.64694379874645e-30	0.181009790061487	0.099	0.035	9.11126270620217e-26	pLOF	CCR1
4.88171433574274e-30	0.114494402500437	0.371	0.249	9.57157729809079e-26	pLOF	CASP6
4.93677874435484e-30	0.0893187247893207	0.683	0.559	9.67954208405653e-26	pLOF	COL13A1
5.04673596431947e-30	0.082550542665441	0.797	0.703	9.89513520524119e-26	pLOF	SMAD6
5.35838530846205e-30	0.0993522279814534	0.527	0.393	1.05061860743015e-25	pLOF	CEBPD
5.54381121417792e-30	0.0830751039941319	0.735	0.627	1.08697506476386e-25	pLOF	SIAH1
5.88932906406743e-30	0.106779552054763	0.615	0.473	1.1547207495917e-25	pLOF	KANSL3
6.18906900614313e-30	0.105120898826672	0.524	0.38	1.21349076003448e-25	pLOF	ARFRP1
7.11585127622714e-30	0.0769352952913429	0.662	0.549	1.39520495972986e-25	pLOF	ZNF148
7.61061003137803e-30	0.111839093558482	0.406	0.278	1.49221230885229e-25	pLOF	PCNP
7.85933868232756e-30	0.139694134405035	0.315	0.189	1.54098053544396e-25	pLOF	THAP3
7.975376187508e-30	0.0649917723905797	0.76	0.669	1.56373200908469e-25	pLOF	C1S
8.36048599201348e-30	0.0735503562632926	0.711	0.609	1.63924048845408e-25	pLOF	RP11-295K3.1
8.71455224318617e-30	0.0762233279100263	0.815	0.739	1.70866225832151e-25	pLOF	BACH2
8.76492821897352e-30	0.156722735370273	0.281	0.162	1.71853947589414e-25	pLOF	ADAM7
8.79668455587541e-30	0.0816900035790634	0.613	0.479	1.72476594087049e-25	pLOF	ITGB4
9.77312063921876e-30	0.110120704315906	0.446	0.291	1.91621576373162e-25	pLOF	UQCRH
1.00767247065246e-29	0.0672030753020696	0.801	0.732	1.97574341320828e-25	pLOF	FAM53B
1.04555745921198e-29	0.11474147970019	0.433	0.305	2.05002451027693e-25	pLOF	TAP2
1.06467412000277e-29	0.0713045478945137	0.79	0.711	2.08750654708943e-25	pLOF	ACSS1
1.2027317311851e-29	0.167196411111226	0.074	0.024	2.35819610533462e-25	pLOF	TEDDM1
1.26875168303873e-29	0.0995861945927589	0.647	0.52	2.48764142493404e-25	pLOF	ZNF532
1.37927796298362e-29	0.139020107089792	0.383	0.247	2.70435030202198e-25	pLOF	GPRC5B
1.48207178188301e-29	0.147811858750593	0.306	0.18	2.90589814273802e-25	pLOF	C8orf22
1.6166126813128e-29	0.136971701113875	0.291	0.179	3.16969248425001e-25	pLOF	DCST2
1.63541995990565e-29	0.137292386134739	0.058	0.02	3.20656791538701e-25	pLOF	C2CD4B
1.76879457029355e-29	0.0774511208030541	0.624	0.5	3.46807551397455e-25	pLOF	FBXL12
1.82372670072429e-29	0.121361426692663	0.407	0.268	3.57578094211012e-25	pLOF	MEX3D
1.8660501438149e-29	0.087105018235325	0.757	0.659	3.65876451697787e-25	pLOF	QKI
2.0794672724319e-29	0.126762516917717	0.487	0.341	4.07721148105723e-25	pLOF	SPTBN5
2.13553996988706e-29	0.0826042202250994	0.629	0.516	4.18715321895755e-25	pLOF	DRC3
2.41614643697309e-29	0.0963675259637521	0.613	0.493	4.73733831897314e-25	pLOF	RP11-45M22.4
2.5870048875941e-29	0.0564807520104369	0.746	0.655	5.07234048310576e-25	pLOF	RUFY1
2.77774299980061e-29	0.0792191937995508	0.738	0.632	5.44632069970906e-25	pLOF	ATP13A3
3.25490664628978e-29	0.106213273649844	0.623	0.498	6.38189546138037e-25	pLOF	SACS
3.41350747626076e-29	0.0879331694308271	0.606	0.451	6.69286410870446e-25	pLOF	SHMT2
4.00488359867746e-29	0.0644460711079147	0.883	0.824	7.8523752719269e-25	pLOF	INSR
4.24241415286131e-29	0.114280630883254	0.46	0.324	8.31810142951518e-25	pLOF	EMILIN2
4.95172889057937e-29	0.0670981323951677	0.758	0.666	9.70885483575896e-25	pLOF	HNRNPUL2-BSCL2
5.35746786562827e-29	0.0918497931274086	0.526	0.385	1.05043872441374e-24	pLOF	FBXL16
5.57188716912455e-29	0.0922085603966378	0.592	0.467	1.09247991725025e-24	pLOF	WDFY4.1
5.69026167005548e-29	0.119134231032833	0.521	0.39	1.11568960564778e-24	pLOF	PATZ1
6.76558090155013e-29	0.139296756545567	0.455	0.309	1.32652744736693e-24	pLOF	LRP4
7.56237320464756e-29	0.0952821186146794	0.78	0.696	1.48275451423525e-24	pLOF	RNF165
7.74676578005072e-29	0.113222785191719	0.36	0.247	1.51890836649454e-24	pLOF	BHMT
8.92670744777357e-29	0.138452022423721	0.41	0.29	1.75025952928496e-24	pLOF	CDKN2A
9.81523570895212e-29	0.0660555455694647	0.832	0.744	1.92447326545424e-24	pLOF	MTCL1
1.06443040229526e-28	0.0771298436176299	0.667	0.537	2.08702868978033e-24	pLOF	AZIN1
1.11592833730541e-28	0.118568822777288	0.559	0.416	2.18800069095471e-24	pLOF	ZNF267
1.19410163028112e-28	0.0864553340662727	0.692	0.578	2.34127506649218e-24	pLOF	NPC1
1.22806316045847e-28	0.0706927085108625	0.673	0.574	2.40786343871092e-24	pLOF	SRCIN1
1.27505226294906e-28	0.0764304220732746	0.789	0.709	2.49999497196423e-24	pLOF	BCL6
1.41979021373943e-28	0.157685157862906	0.25	0.134	2.7837826720789e-24	pLOF	AKR7A3
1.46272315982497e-28	0.105931919457547	0.555	0.423	2.86796129946881e-24	pLOF	BEST1
1.5142670065208e-28	0.116428614922145	0.575	0.447	2.96902331968533e-24	pLOF	DDX58
1.6816125609409e-28	0.0765814334033211	0.609	0.496	3.29713774823682e-24	pLOF	NOP16
1.72165629526374e-28	0.0846397518240843	0.66	0.551	3.37565149812362e-24	pLOF	TMEM127
1.84213139774745e-28	0.0647458221848036	0.839	0.761	3.61186703156343e-24	pLOF	OARD1
1.98158505565468e-28	0.122185034520854	0.456	0.324	3.88529381862213e-24	pLOF	PNISR
2.30331990359648e-28	0.0869376932727114	0.602	0.49	4.51611933498162e-24	pLOF	PLCH2
2.36444734208505e-28	0.134147710469115	0.376	0.245	4.63597190362616e-24	pLOF	NUDT6
2.36809833659037e-28	0.11820441785698	0.402	0.271	4.64313040855275e-24	pLOF	WFDC2
2.59971872189024e-28	0.0846492995420891	0.809	0.734	5.09726849801019e-24	pLOF	ROR1
3.84714738248643e-28	0.112614563748703	0.473	0.345	7.54310187284115e-24	pLOF	ADAMTS14
3.98695730202901e-28	0.136160744531104	0.318	0.197	7.81722718208827e-24	pLOF	CBR3
4.08282533706018e-28	0.0531945809560057	0.815	0.722	8.0051956383739e-24	pLOF	DENND3
4.19090396747473e-28	0.071092751325844	0.886	0.814	8.2171054090277e-24	pLOF	PLEKHA5
4.66803194412361e-28	0.114202616038782	0.232	0.154	9.15261023284316e-24	pLOF	LGALS9
4.70667936103351e-28	0.172477125527055	0.213	0.107	9.2283862231784e-24	pLOF	CFAP126
4.94435284307985e-28	0.124901558073212	0.344	0.224	9.69439261942667e-24	pLOF	ABHD10
5.09495435689924e-28	0.13805384822809	0.459	0.319	9.98967700757233e-24	pLOF	PFDN2
5.31319766289758e-28	0.0878493352844517	0.584	0.45	1.04175866576433e-23	pLOF	EML2
5.45057857388101e-28	0.161644189458927	0.327	0.195	1.06869494098085e-23	pLOF	SLC9A4
6.30871372743357e-28	0.0989737945821986	0.522	0.375	1.2369495005379e-23	pLOF	SULF1
6.46732006034387e-28	0.0696326091098923	0.877	0.86	1.26804744423162e-23	pLOF	RGL1
6.52695655456354e-28	0.101828225084373	0.54	0.408	1.27974037165327e-23	pLOF	IL15
7.16292081917747e-28	0.0929560440676678	0.572	0.437	1.40443388501613e-23	pLOF	PTRF
7.96472962606628e-28	0.14584702892543	0.35	0.217	1.56164453778282e-23	pLOF	XDH
8.14159227119723e-28	0.0723816506053484	0.732	0.591	1.59632199661364e-23	pLOF	CHD7
8.38263940720087e-28	0.116717634302111	0.517	0.384	1.64358410856987e-23	pLOF	PPP1R3G
8.39895580837129e-28	0.0693779250152551	0.733	0.637	1.64678326534736e-23	pLOF	CLDN4
8.45787348024699e-28	0.121118005871012	0.614	0.503	1.65833525327203e-23	pLOF	ADGRG6
8.61990939615947e-28	0.0979787844684553	0.813	0.712	1.69010563530499e-23	pLOF	TCF12
8.91340145634813e-28	0.138603511377932	0.348	0.214	1.74765062354618e-23	pLOF	AF131216.1
9.29738699294567e-28	0.126716040301799	0.54	0.401	1.82293866770686e-23	pLOF	FAN1
9.96783036861406e-28	0.0880083761717258	0.642	0.528	1.95439250037416e-23	pLOF	BHLHE41
1.16522368308568e-27	0.107363116535548	0.43	0.321	2.2846540754261e-23	pLOF	NUP50
1.3173228748467e-27	0.120937586748958	0.454	0.318	2.58287496071192e-23	pLOF	KIAA1755
1.3891989091565e-27	0.110019190840266	0.501	0.368	2.72380230118314e-23	pLOF	ARHGAP1
1.40226017239413e-27	0.0843364838994622	0.772	0.668	2.74941152001317e-23	pLOF	CC2D2A
1.57459552954724e-27	0.112604195829295	0.564	0.428	3.08730945478328e-23	pLOF	EEF1E1
1.77289490762895e-27	0.0716379405591048	0.555	0.434	3.47611504538809e-23	pLOF	ZXDC
2.0765413247723e-27	0.0983944351048008	0.54	0.423	4.07147457548105e-23	pLOF	HKDC1
2.47120659803374e-27	0.0871035923163505	0.554	0.441	4.84529477676476e-23	pLOF	CCNG1
2.67581847368427e-27	0.102788543288459	0.49	0.349	5.24647728135275e-23	pLOF	NRTN
2.94012556672001e-27	0.123331986452513	0.377	0.252	5.76470419866791e-23	pLOF	PLA2G12A
2.96831051339567e-27	0.129181542636684	0.424	0.285	5.8199664236149e-23	pLOF	ZNF362
3.16297018953736e-27	0.076746053870748	0.707	0.606	6.2016356506259e-23	pLOF	SNAP47
3.97216661032846e-27	0.114056202075816	0.429	0.293	7.788227072871e-23	pLOF	NCDN
4.42747656153969e-27	0.0720993210726986	0.682	0.572	8.68095329421086e-23	pLOF	MVK
4.44152513309053e-27	0.0722794535728043	0.86	0.784	8.70849832845061e-23	pLOF	LGR4
4.59482397560167e-27	0.0943182615710425	0.658	0.545	9.00907136896219e-23	pLOF	ACO1
4.76703397638277e-27	0.059158653054339	0.858	0.803	9.34672351749371e-23	pLOF	STK24
5.4897140274137e-27	0.108268754061213	0.504	0.368	1.076368229355e-22	pLOF	CCNI
5.59963656309228e-27	0.143832240903825	0.103	0.047	1.0979207409255e-22	pLOF	GSX2
5.65189509842189e-27	0.0857349380245946	0.677	0.569	1.10816707194758e-22	pLOF	BCAT2
5.9483663860977e-27	0.0933881214812632	0.636	0.496	1.16629619732218e-22	pLOF	TOX
6.61978309290334e-27	0.0727772334194787	0.701	0.606	1.29794087102556e-22	pLOF	SEC31A
7.09220545801257e-27	0.14796534676485	0.237	0.128	1.39056872415253e-22	pLOF	HACD4
7.20349544501233e-27	0.122597390504303	0.419	0.283	1.41238935190357e-22	pLOF	LSM1
7.39042009319178e-27	0.161248224708852	0.336	0.208	1.44903966767211e-22	pLOF	SLC13A2
7.55307750137521e-27	0.0880990223760343	0.635	0.52	1.48093190569464e-22	pLOF	CBX7
8.3721705660422e-27	0.120358961998744	0.376	0.259	1.64153148288389e-22	pLOF	ADH5
8.73749706660995e-27	0.121788068257253	0.41	0.28	1.71316104985021e-22	pLOF	TADA3
8.76421768167487e-27	0.107568662791267	0.404	0.284	1.71840016084599e-22	pLOF	TNS4
8.91302172065762e-27	0.104097772795764	0.509	0.37	1.74757616876934e-22	pLOF	THBS3
9.52624257661517e-27	0.0795135532075906	0.647	0.543	1.86781038199694e-22	pLOF	FSTL3
9.58021936269469e-27	0.126974112293233	0.325	0.196	1.87839361044355e-22	pLOF	PDLIM3
1.05265065207649e-26	0.104481425303728	0.433	0.303	2.06393213352638e-22	pLOF	LARP7
1.10141089338408e-26	0.0925378107364622	0.557	0.436	2.15953633865816e-22	pLOF	CCDC58
1.16941197725414e-26	0.153786089941382	0.248	0.145	2.2928660638022e-22	pLOF	SERPINA5
1.20843080680149e-26	0.0703911493522829	0.766	0.674	2.36937028289568e-22	pLOF	CRY2
1.20949952273945e-26	0.107248982735794	0.47	0.338	2.37146571423524e-22	pLOF	C4orf3
1.25088810454767e-26	0.0782318121892055	0.61	0.492	2.45261630658661e-22	pLOF	SCOC
1.32532552576594e-26	0.0969997184820137	0.543	0.426	2.59856575836928e-22	pLOF	VDAC2
1.37519491555416e-26	0.102705224164586	0.288	0.188	2.69634467092705e-22	pLOF	HLA-DPA1
1.40544973833856e-26	0.12805905301855	0.14	0.073	2.75566530196042e-22	pLOF	ULBP2
1.43322767529244e-26	0.114986418053883	0.318	0.19	2.81012950294589e-22	pLOF	MPV17L
1.87993612933951e-26	0.128402933139317	0.155	0.076	3.68599076879597e-22	pLOF	ZNF813
1.91640271204649e-26	0.124544762299531	0.196	0.11	3.75749079750956e-22	pLOF	APOBEC3C
1.92917261291108e-26	0.131824874713557	0.43	0.292	3.78252874213475e-22	pLOF	RAB13
2.11283265950799e-26	0.108590496941115	0.431	0.306	4.14263099549732e-22	pLOF	KIAA1191
2.14620058949596e-26	0.0724548221497542	0.63	0.498	4.20805549582473e-22	pLOF	HN1L
2.19657160634693e-26	0.114361969525962	0.543	0.414	4.30681794856442e-22	pLOF	CTTN
2.30347434301334e-26	0.155319464597155	0.09	0.038	4.51642214434625e-22	pLOF	PSG1
2.47687448225548e-26	0.0746940536438763	0.815	0.784	4.85640779735832e-22	pLOF	GRAMD4
2.65233477909783e-26	0.0917603318845929	0.726	0.647	5.20043280137711e-22	pLOF	REPS2
2.72777843653811e-26	0.14170572886274	0.254	0.143	5.34835518052027e-22	pLOF	HAPLN3
2.78137844607205e-26	0.123888091369828	0.358	0.236	5.45344871921347e-22	pLOF	EMC1
2.82379555128894e-26	0.112084334599453	0.541	0.403	5.53661593741223e-22	pLOF	ANTXR2
3.03447906726613e-26	0.123430472854477	0.29	0.182	5.9497031071887e-22	pLOF	PIGT
3.14357913488992e-26	0.0886531873239688	0.598	0.488	6.16361560977867e-22	pLOF	RNF145
3.62684036668256e-26	0.0912979687739202	0.605	0.499	7.11114590695449e-22	pLOF	SLC4A7
3.70064241182811e-26	0.101608017098254	0.657	0.549	7.25584957687137e-22	pLOF	KDM6A
3.81376255868059e-26	0.110249725254175	0.521	0.362	7.47764424880502e-22	pLOF	TRIM55
3.86086942206252e-26	0.0861705685623522	0.58	0.445	7.57000667583799e-22	pLOF	TCF7
3.98722677883988e-26	0.145299321592542	0.157	0.085	7.81775554527135e-22	pLOF	TUBA3D
4.07192760425404e-26	0.118586164801534	0.428	0.292	7.9838284536609e-22	pLOF	ZBTB48
4.18395536282097e-26	0.108329552266899	0.425	0.294	8.20348127988307e-22	pLOF	TRMT10A
4.21355502919685e-26	0.0749977662644805	0.595	0.479	8.26151734574626e-22	pLOF	C5orf45
4.49168863718195e-26	0.180134106654299	0.113	0.045	8.80685391092265e-22	pLOF	KCNF1
4.85689733224318e-26	0.0836393961761471	0.592	0.46	9.5229185993292e-22	pLOF	CLCN6
4.87926968743054e-26	0.0573461164084321	0.706	0.61	9.56678407614506e-22	pLOF	FAM53C
5.31472054894231e-26	0.108148456546598	0.469	0.342	1.04205725803112e-21	pLOF	RNF187
5.35175203769077e-26	0.10442319366445	0.518	0.384	1.04931802203003e-21	pLOF	SERPINB6
5.38732429962358e-26	0.113906707234216	0.478	0.344	1.05629267542719e-21	pLOF	CEBPB
5.46884768189174e-26	0.111404976460296	0.47	0.338	1.07227696498851e-21	pLOF	RP11-195F19.29
5.81357614434443e-26	0.139769571369849	0.462	0.319	1.13986787462161e-21	pLOF	RP11-49K24.6
6.13821810742406e-26	0.0874824702636527	0.695	0.595	1.20352042432264e-21	pLOF	UNC13B
6.72278318285558e-26	0.118226317179575	0.51	0.358	1.31813609866249e-21	pLOF	RGS20
8.37671344848689e-26	0.112959014880649	0.515	0.379	1.64242220584482e-21	pLOF	ZBTB21
8.41934394655016e-26	0.160163371872497	0.149	0.071	1.65078076760009e-21	pLOF	FAM229A
8.58039516379883e-26	0.109161924820428	0.457	0.321	1.68235807976604e-21	pLOF	LAMC2
8.64058851138884e-26	0.133964390761084	0.198	0.11	1.69416018942801e-21	pLOF	ZG16B
9.67423624034655e-26	0.0903642127200227	0.675	0.566	1.89682749964475e-21	pLOF	TTC23
9.94371697820843e-26	0.145859614537229	0.143	0.077	1.94966458791733e-21	pLOF	A3GALT2
1.01586556286119e-25	0.0995963713865387	0.592	0.469	1.99180760910193e-21	pLOF	ACKR2
1.04430419295081e-25	0.0612800913082653	0.868	0.804	2.04756723111865e-21	pLOF	ZHX2
1.2575353352151e-25	0.0893560955497583	0.582	0.458	2.46564953175624e-21	pLOF	SNTA1
1.34914056244526e-25	0.101513073867181	0.48	0.351	2.64525990078643e-21	pLOF	TDRP
1.40265281118135e-25	0.0952659502864074	0.663	0.54	2.75018136688327e-21	pLOF	BIVM-ERCC5
1.4318879766973e-25	0.0898745848138055	0.521	0.392	2.80750275591039e-21	pLOF	C4orf46
1.43980330723202e-25	0.130413496040223	0.565	0.421	2.82302234448981e-21	pLOF	RBM26
1.45456271533523e-25	0.0843841814328175	0.716	0.632	2.85196111595779e-21	pLOF	SGPP2
1.54836799817148e-25	0.104690460936831	0.45	0.321	3.03588513401482e-21	pLOF	BBS12
1.59210828404268e-25	0.130312778341464	0.378	0.242	3.12164671252248e-21	pLOF	SOCS2
1.66555661070476e-25	0.1476109825563	0.126	0.059	3.26565684660883e-21	pLOF	CXCL8
1.66980830641571e-25	0.100613869485363	0.545	0.419	3.27399314638928e-21	pLOF	LONRF1
1.87269457299015e-25	0.137143852450904	0.407	0.27	3.67179224926179e-21	pLOF	MRPS18A
1.99155639146928e-25	0.0616397348331078	0.69	0.582	3.90484461675382e-21	pLOF	AHNAK2
2.02059086477905e-25	0.0919442201585011	0.545	0.421	3.96177250857227e-21	pLOF	SGSM2
2.07649245331173e-25	0.126991111938537	0.249	0.149	4.07137875320831e-21	pLOF	SPATA12
2.17359138204921e-25	0.100045450245345	0.489	0.357	4.26176062278389e-21	pLOF	MAP3K6
2.47206223938544e-25	0.0521321566397297	0.706	0.616	4.84697243276304e-21	pLOF	CREBRF
2.51749628322973e-25	0.0830383416689576	0.566	0.469	4.93605496252853e-21	pLOF	ENOSF1
2.73774534058193e-25	0.130326148088433	0.373	0.241	5.36789728927899e-21	pLOF	CSDC2
2.95425031582281e-25	0.128442520632937	0.316	0.187	5.79239859423378e-21	pLOF	ANKRD35
2.98795461149442e-25	0.122506664478547	0.529	0.388	5.8584826067571e-21	pLOF	RP11-65B7.2
3.12389783965627e-25	0.0837303787839896	0.558	0.443	6.12502649421404e-21	pLOF	IGSF8
3.21387035501341e-25	0.0985190861080182	0.482	0.354	6.3014356050748e-21	pLOF	SFPQ
3.21439118191178e-25	0.0605062523206098	0.719	0.658	6.30245679037443e-21	pLOF	ATF3
3.34015350433128e-25	0.11287805663911	0.401	0.274	6.54903897594234e-21	pLOF	HMGN2
3.47438162297015e-25	0.128573883199334	0.37	0.236	6.81222004815758e-21	pLOF	RP11-244H3.4
3.53308030711643e-25	0.0970146725909004	0.512	0.383	6.92731055816318e-21	pLOF	C8orf86
3.57525992682107e-25	0.107177625390694	0.424	0.301	7.01001213851808e-21	pLOF	ID1
3.74830854486193e-25	0.136835317986612	0.226	0.124	7.34930856391079e-21	pLOF	CXCL3
3.88621765932994e-25	0.0934108941723306	0.426	0.325	7.61970696464821e-21	pLOF	FLT4
4.25330858777711e-25	0.140030938798271	0.147	0.073	8.33946214805458e-21	pLOF	TNFRSF18
4.35604290931563e-25	0.0965552946242091	0.5	0.37	8.54089333229515e-21	pLOF	PLA2G4C
4.44557989057849e-25	0.0715357746002908	0.651	0.551	8.71644849145725e-21	pLOF	PPP2CA
4.51978806551393e-25	0.171889225596006	0.243	0.137	8.86194846005316e-21	pLOF	CYP4F12
4.62271185652735e-25	0.0677152635773129	0.802	0.758	9.06375113709318e-21	pLOF	HDGF
4.83555799911824e-25	0.101548366557662	0.557	0.429	9.48107856887113e-21	pLOF	TXLNG
5.12344003123093e-25	0.133196751824408	0.298	0.182	1.00455288692345e-20	pLOF	MYL4
5.16664275375134e-25	0.123123151761562	0.305	0.185	1.01302364472803e-20	pLOF	CXCL2
5.22324977681608e-25	0.111386398635228	0.45	0.334	1.02412258374033e-20	pLOF	CHIC2
5.4472780499405e-25	0.119059164943606	0.303	0.195	1.06804780725183e-20	pLOF	MN1
5.7252995648097e-25	0.106521724485095	0.565	0.441	1.12255948567224e-20	pLOF	ANKRD29
6.49976582289462e-25	0.103104216528345	0.525	0.387	1.27440908489495e-20	pLOF	C10orf54
6.532104213027e-25	0.0899679770656006	0.64	0.534	1.2807496730482e-20	pLOF	HIP1R
6.71605546808236e-25	0.0975130572199796	0.37	0.268	1.31681699562691e-20	pLOF	SAMD11
7.00260758837905e-25	0.118568936067775	0.233	0.152	1.37300126985348e-20	pLOF	HOXD11
7.33794880379819e-25	0.0695822186180415	0.572	0.459	1.43875162196071e-20	pLOF	AFAP1L1
7.55043774966045e-25	0.0607763819307694	0.768	0.688	1.48041432957592e-20	pLOF	RMI2
7.57284307349937e-25	0.0675407989037973	0.652	0.572	1.48480734142102e-20	pLOF	CDHR2
7.71624859331463e-25	0.0671913811588426	0.828	0.772	1.5129248616912e-20	pLOF	TBL1X
7.87146161337637e-25	0.0861326036747957	0.576	0.45	1.5433574785347e-20	pLOF	HNRNPDL
8.0376891659845e-25	0.0761076688302871	0.659	0.546	1.57594971477458e-20	pLOF	MTHFD2L
8.07767211909435e-25	0.105328058618643	0.251	0.158	1.58378917239083e-20	pLOF	HLA-DPB1
8.24698770068112e-25	0.114389259288848	0.221	0.127	1.61698687847255e-20	pLOF	HPCAL4
8.41135252456471e-25	0.135570120732505	0.24	0.137	1.6492138894914e-20	pLOF	HCST
9.10884160975191e-25	0.137217353737717	0.247	0.14	1.78597057442406e-20	pLOF	AC092718.1
9.36089161315898e-25	0.0981704805870926	0.505	0.383	1.83539001859208e-20	pLOF	TRAFD1
9.62573730721912e-25	0.0667467402229863	0.76	0.702	1.88731831382645e-20	pLOF	TSC22D3
1.06910188190488e-24	0.0823415412912595	0.561	0.441	2.09618805985091e-20	pLOF	DOCK6
1.08845000007634e-24	0.0709646733979112	0.687	0.587	2.13412391514968e-20	pLOF	ALDH3B1
1.09187756804946e-24	0.113894820631102	0.446	0.307	2.14084434767458e-20	pLOF	BAG4
1.093861887552e-24	0.065981635655818	0.722	0.631	2.14473500292321e-20	pLOF	RAB11FIP4
1.13322123219257e-24	0.0971850975780406	0.436	0.308	2.22190686995998e-20	pLOF	DFFB
1.16920272392684e-24	0.0849977727031768	0.617	0.503	2.29245578080336e-20	pLOF	IPCEF1
1.17423363332281e-24	0.156439224084528	0.128	0.065	2.30231988485604e-20	pLOF	OR5H15
1.23642785505052e-24	0.0871354792811698	0.737	0.616	2.42426409539756e-20	pLOF	TIAM2
1.33535793902437e-24	0.125333229656223	0.387	0.252	2.61823631104508e-20	pLOF	RIBC1
1.34439860419647e-24	0.120190453830295	0.132	0.078	2.63596234324801e-20	pLOF	ANGPTL8
1.37958679367057e-24	0.0899041864361281	0.465	0.335	2.70495582634989e-20	pLOF	PITPNM3
1.55277215356485e-24	0.116962881869841	0.321	0.223	3.04452036149459e-20	pLOF	CHMP2B
1.56856521144991e-24	0.0960693104948664	0.519	0.385	3.07548581008984e-20	pLOF	C1QTNF1
1.59550254306226e-24	0.0867849645862157	0.671	0.558	3.12830183618218e-20	pLOF	KIF1B
1.70329235408206e-24	0.0930044317779251	0.765	0.655	3.33964531864869e-20	pLOF	BTBD9
1.72799564855249e-24	0.110008386948797	0.425	0.286	3.38808106811687e-20	pLOF	CHMP7
1.78182645420491e-24	0.126697896128794	0.519	0.38	3.49362712875956e-20	pLOF	FAM20A
1.99078471310429e-24	0.0592976820660276	0.825	0.761	3.90333158698358e-20	pLOF	VEGFA
1.99564131398755e-24	0.102739902212528	0.385	0.274	3.9128539243354e-20	pLOF	CHRNB4
2.00869527090551e-24	0.11071164893761	0.39	0.256	3.93844881766443e-20	pLOF	CSRP1
2.09041799268631e-24	0.103740508759253	0.152	0.099	4.09868255826004e-20	pLOF	PTGS2
2.28179807511916e-24	0.125475189519712	0.477	0.343	4.47392148588615e-20	pLOF	OTOG
2.29675156819234e-24	0.115333358152105	0.429	0.295	4.50324079975472e-20	pLOF	HES4
2.39999350084649e-24	0.0745431892557068	0.569	0.445	4.70566725710971e-20	pLOF	C1orf174
2.40296866337555e-24	0.112621971796491	0.549	0.417	4.71150065828044e-20	pLOF	WHAMM
2.64446597082679e-24	0.0995850422176847	0.474	0.342	5.18500442900009e-20	pLOF	WIZ
2.7461166295877e-24	0.0818348743203935	0.626	0.512	5.3843108756326e-20	pLOF	ATP6V1E2
2.83168207892788e-24	0.162021911391401	0.136	0.06	5.5520790521539e-20	pLOF	ANKRD63
2.87589808877707e-24	0.0623226118017552	0.762	0.684	5.63877338266519e-20	pLOF	TSPAN4
2.96665277333954e-24	0.0895274343698965	0.626	0.511	5.81671609268684e-20	pLOF	GTF2E2
3.03995626913253e-24	0.0840149515066231	0.625	0.506	5.96044225688814e-20	pLOF	SZRD1
3.1322756133608e-24	0.124176699266193	0.276	0.176	6.14145279511653e-20	pLOF	HCN4
3.34563310590197e-24	0.102388150321625	0.458	0.33	6.55978283074199e-20	pLOF	ALOXE3
3.500019870029e-24	0.138920466148756	0.308	0.183	6.86248895916586e-20	pLOF	CYP4B1
3.56753231845249e-24	0.140571432269113	0.22	0.123	6.99486061678979e-20	pLOF	SNAI1
3.61464041385899e-24	0.0775205963545943	0.563	0.436	7.08722545945332e-20	pLOF	LRP2BP
3.71161922894645e-24	0.148645318430912	0.123	0.056	7.2773718221953e-20	pLOF	PSAPL1
3.82404176585093e-24	0.118482597084302	0.346	0.223	7.49779869030391e-20	pLOF	TOE1
3.91250849903728e-24	0.105886979319752	0.483	0.352	7.67125541406239e-20	pLOF	STK19
4.2338607242474e-24	0.139504758933309	0.315	0.185	8.30133072203189e-20	pLOF	ICMT
4.30397533139571e-24	0.0936112198881966	0.524	0.4	8.43880443226757e-20	pLOF	WDR13
4.44550852415628e-24	0.132483514820522	0.343	0.217	8.71630856331321e-20	pLOF	RASD1
4.44780916674432e-24	0.120719828356515	0.31	0.204	8.72081943323559e-20	pLOF	PAK6
4.70236003898983e-24	0.0822932591636466	0.665	0.552	9.21991732844737e-20	pLOF	BMP1
4.74464988848564e-24	0.103924795357813	0.541	0.413	9.3028350363538e-20	pLOF	FAM200B
4.82455948057048e-24	0.119326425956811	0.405	0.274	9.45951377355453e-20	pLOF	PDIK1L
4.86289491450252e-24	0.106114546949305	0.426	0.287	9.53467805886508e-20	pLOF	NUPR1
5.48524693579722e-24	0.115811451069885	0.467	0.337	1.07549236670176e-19	pLOF	FAIM2
5.56322787848052e-24	0.0841549346036511	0.669	0.56	1.09078209013367e-19	pLOF	PTTG1IP
5.57064664171155e-24	0.113735941493965	0.153	0.098	1.09223668704038e-19	pLOF	HCRTR1
6.19389539822181e-24	0.0746060224100554	0.673	0.571	1.21443707072935e-19	pLOF	STAT1
6.47602051532842e-24	0.098361585930038	0.51	0.377	1.26975334244044e-19	pLOF	BRINP2
6.54365008669772e-24	0.0755032537698185	0.682	0.577	1.28301347249882e-19	pLOF	JADE1
7.04327790298245e-24	0.103070309540138	0.373	0.265	1.38097549843777e-19	pLOF	GRPEL2
7.30682802308062e-24	0.124154478916812	0.367	0.239	1.43264977048542e-19	pLOF	IL11RA
7.4678980717172e-24	0.0862825690811228	0.646	0.529	1.46423077492159e-19	pLOF	UBR2
7.6390957295024e-24	0.0700519840987478	0.477	0.361	1.49779749968353e-19	pLOF	FSTL1
8.02437937617692e-24	0.0735050083516752	0.609	0.492	1.57334006428701e-19	pLOF	BTBD19
9.06006903628731e-24	0.0816857712772462	0.676	0.585	1.77640773594485e-19	pLOF	IRF2BP2
9.2573856173527e-24	0.118308796243773	0.375	0.25	1.81509559799434e-19	pLOF	TNFRSF10C
9.32432662925411e-24	0.114959854009935	0.341	0.217	1.82822072219785e-19	pLOF	TMEM222
9.43166515374764e-24	0.111648928760451	0.464	0.349	1.8492665866953e-19	pLOF	IL2RA
1.02448118611631e-23	0.0574126384340117	0.858	0.819	2.00870026161826e-19	pLOF	TCF20
1.16721745252318e-23	0.102407480583781	0.527	0.403	2.28856325916219e-19	pLOF	MCL1
1.18081942251559e-23	0.0979541357268202	0.589	0.474	2.31523264172631e-19	pLOF	PMVK
1.20018927343262e-23	0.0777092837160612	0.536	0.409	2.35321110841933e-19	pLOF	MBD3L1
1.22151020033612e-23	0.0515950214987614	0.787	0.733	2.39501504979903e-19	pLOF	TRAM2
1.32308782221759e-23	0.110084613556658	0.419	0.286	2.59417829302204e-19	pLOF	NDUFS7
1.48291604739318e-23	0.146395868165928	0.367	0.239	2.90755349412381e-19	pLOF	DCX
1.57451335419383e-23	0.128173774820252	0.329	0.202	3.08714833356784e-19	pLOF	HLA-DRB1
1.59065652040818e-23	0.0728079975604207	0.684	0.603	3.11880023956432e-19	pLOF	SLC25A37
1.63256341764948e-23	0.0596016414565755	0.809	0.755	3.20096709298534e-19	pLOF	CDC42EP4
1.76294382662942e-23	0.0733577818971068	0.6	0.491	3.4566039608723e-19	pLOF	ARMC2
1.82058969988523e-23	0.0889656884430387	0.482	0.355	3.56963022456498e-19	pLOF	STARD5
1.90735874777659e-23	0.121691825640907	0.354	0.238	3.73975829676556e-19	pLOF	FPR1
1.99889822105313e-23	0.109416133072095	0.537	0.407	3.91923974201887e-19	pLOF	IBTK
2.30028697021362e-23	0.0696240325207017	0.569	0.457	4.51017266249785e-19	pLOF	HSPA9
2.38244194575732e-23	0.0638698073208903	0.751	0.674	4.67125392304637e-19	pLOF	NMT1
2.68512737230614e-23	0.0869252628944335	0.706	0.609	5.26472923888065e-19	pLOF	KIAA1324
2.73393006388929e-23	0.158001725512546	0.085	0.038	5.36041667626773e-19	pLOF	CST2
2.92719898398216e-23	0.0719060319282748	0.825	0.741	5.73935904789383e-19	pLOF	ADGRG1
2.94774801319564e-23	0.145719438584372	0.082	0.032	5.7796495294727e-19	pLOF	AC010655.1
3.26399555448209e-23	0.0692661903525127	0.551	0.444	6.39971608367303e-19	pLOF	DCTN4
3.30626021355371e-23	0.108174232355226	0.38	0.253	6.48258440071477e-19	pLOF	ARID5A
3.32630211934264e-23	0.0971716069936884	0.556	0.43	6.52188056539512e-19	pLOF	RAB3IL1
3.74538331921216e-23	0.0876603728245338	0.708	0.606	7.34357307397929e-19	pLOF	PACS1
3.77743672044782e-23	0.106248206505803	0.401	0.281	7.40642017778204e-19	pLOF	RTN4R
3.83069163557865e-23	0.0740334466031871	0.669	0.558	7.51083708987906e-19	pLOF	AKT2
4.13909878499477e-23	0.112689698024113	0.395	0.269	8.11553098773924e-19	pLOF	CDKN1C
4.25952806766337e-23	0.0978170993734418	0.521	0.392	8.35165668226756e-19	pLOF	PPCS
4.49372849171977e-23	0.140360159756228	0.098	0.042	8.81085345371495e-19	pLOF	NAP1L5
4.54238231112473e-23	0.0877709319445851	0.796	0.698	8.90624899742226e-19	pLOF	LRP2
4.89435965618867e-23	0.0582424895340242	0.787	0.708	9.59637097788912e-19	pLOF	PIK3CB
5.50494349700153e-23	0.137385727062283	0.235	0.134	1.07935427145709e-18	pLOF	FUT3
5.92437701492278e-23	0.0546607915949187	0.81	0.751	1.16159260131591e-18	pLOF	OGDH
6.54542225984401e-23	0.0803372128824051	0.745	0.643	1.28336094248761e-18	pLOF	ZNF516
6.72879718141114e-23	0.136590267746664	0.453	0.34	1.31931526335928e-18	pLOF	LRMP
6.91263967255604e-23	0.0967131891505414	0.482	0.363	1.35536126059806e-18	pLOF	ZMAT5
7.02664064774047e-23	0.112308341151236	0.353	0.235	1.37771343180247e-18	pLOF	NFAM1
7.08733105165565e-23	0.125638181042148	0.365	0.24	1.38961299929812e-18	pLOF	RP11-434D12.1
7.22482906074057e-23	0.106806481626848	0.372	0.253	1.4165722339394e-18	pLOF	OTUD3
7.35386559477822e-23	0.113178977719008	0.41	0.282	1.44187242716817e-18	pLOF	PLD6
7.40909473595847e-23	0.0845235585443904	0.66	0.565	1.45270120487938e-18	pLOF	RASSF6
7.51806757836892e-23	0.145430403718689	0.273	0.157	1.47406751009079e-18	pLOF	PPID
7.55066397763891e-23	0.0962526511303013	0.6	0.472	1.48045868609566e-18	pLOF	NFASC
7.69046370303497e-23	0.0969181190021731	0.19	0.112	1.50786921825407e-18	pLOF	GPR37
8.12557494575866e-23	0.11002457547291	0.441	0.318	1.5931814796149e-18	pLOF	SPATA18
8.411761619297e-23	0.144689989409322	0.317	0.191	1.64929410069556e-18	pLOF	FAM92A1
8.49400505358421e-23	0.0761256973613048	0.55	0.424	1.66541957085626e-18	pLOF	ZNF558
8.75227829084835e-23	0.0724193971078256	0.637	0.529	1.71605920448664e-18	pLOF	NECTIN3
9.44739560210948e-23	0.129809853666858	0.348	0.219	1.8523508557056e-18	pLOF	DHX58
9.48376437273053e-23	0.124724782587757	0.537	0.407	1.85948168056127e-18	pLOF	SLC27A2
9.67563460004385e-23	0.114833392084441	0.556	0.417	1.8971016760306e-18	pLOF	C2CD2
1.05666828359769e-22	0.125514941918479	0.254	0.154	2.07180950364998e-18	pLOF	BRF2
1.08195932745073e-22	0.156313704699309	0.117	0.054	2.12139765333264e-18	pLOF	KRT37
1.10698053301261e-22	0.0590336273655243	0.807	0.741	2.17045673107782e-18	pLOF	HM13
1.14900660818381e-22	0.078322169813537	0.688	0.555	2.252857256666e-18	pLOF	UST
1.15358624955911e-22	0.10866475010554	0.323	0.208	2.26183655951055e-18	pLOF	FOLR1
1.23547823724464e-22	0.120547849423499	0.45	0.311	2.42240217976557e-18	pLOF	IL22RA1
1.27344346333336e-22	0.109148446399672	0.458	0.329	2.49684059855772e-18	pLOF	HIST2H2AC
1.30633621985343e-22	0.133556464663662	0.252	0.147	2.56133342626662e-18	pLOF	KLRG2
1.34518123920051e-22	0.0703713408685621	0.072	0.046	2.63749685570044e-18	pLOF	RHD
1.43102628095179e-22	0.129657671580428	0.273	0.161	2.80581322906218e-18	pLOF	EIF3I
1.51323628127371e-22	0.118267163611986	0.343	0.237	2.96700237669337e-18	pLOF	FAT2
1.6707766494297e-22	0.148883648201595	0.292	0.179	3.27589177653681e-18	pLOF	LYPD1
1.90869845764203e-22	0.087799668926559	0.56	0.427	3.74238506589872e-18	pLOF	TLR5
2.05444934711505e-22	0.112010689400529	0.371	0.247	4.02815883488848e-18	pLOF	MUTYH
2.16894537024731e-22	0.0926412811209114	0.517	0.399	4.25265118744391e-18	pLOF	ADGRE5
2.25625556506732e-22	0.11442940799009	0.316	0.199	4.42384028642749e-18	pLOF	ZNF296
2.33054047702305e-22	0.0912728532638309	0.552	0.429	4.56949071329909e-18	pLOF	DPYSL3
2.44299084689226e-22	0.0596298033685291	0.711	0.616	4.78997215350165e-18	pLOF	ARL10
2.54188935781127e-22	0.0842533994933339	0.725	0.622	4.98388246386057e-18	pLOF	CTNND1
2.60355914824697e-22	0.122988923068992	0.426	0.292	5.10479842196783e-18	pLOF	USF1
2.6651432250998e-22	0.12205737627008	0.354	0.232	5.22554632145318e-18	pLOF	BOC
2.69800442615311e-22	0.121318367267437	0.392	0.266	5.28997727835841e-18	pLOF	PIK3IP1
2.74861316099912e-22	0.16306467000693	0.16	0.083	5.38920582477098e-18	pLOF	AC006994.3
2.81103707981131e-22	0.0770115406324383	0.739	0.64	5.51160040238604e-18	pLOF	RP11-691N7.6
2.95245861708211e-22	0.1091706701538	0.469	0.348	5.7888856105129e-18	pLOF	ZNF429
3.11367868588352e-22	0.0565511060272456	0.738	0.667	6.10498979941182e-18	pLOF	CD82
3.25506063978262e-22	0.11103374559001	0.42	0.285	6.38219739642178e-18	pLOF	MFSD7
4.13377111419393e-22	0.0617943786053321	0.804	0.725	8.10508502360004e-18	pLOF	TMX2-CTNND1
4.48249845493885e-22	0.143793682582854	0.092	0.043	8.78883472059861e-18	pLOF	FAM71B
5.278131730343e-22	0.123370341549922	0.384	0.261	1.03488328836835e-17	pLOF	LAMP1
5.32316826519952e-22	0.113358028181599	0.345	0.231	1.04371360175767e-17	pLOF	TRIT1
5.56959960693757e-22	0.0735222245694456	0.719	0.647	1.09203139493225e-17	pLOF	NUCKS1
5.68845247085509e-22	0.128089031250712	0.402	0.271	1.11533487596056e-17	pLOF	DSCR8
5.69659245559064e-22	0.101320244057934	0.467	0.338	1.11693088276766e-17	pLOF	RCHY1
6.52623486328518e-22	0.144808411184547	0.157	0.082	1.27959886964432e-17	pLOF	IL4
6.6988370716378e-22	0.0649938044830819	0.862	0.812	1.31344098463602e-17	pLOF	RREB1
6.72410167079162e-22	0.103509805596315	0.478	0.381	1.31839461459211e-17	pLOF	CYP2J2
7.28573909995739e-22	0.0689943791525666	0.558	0.401	1.42851486532865e-17	pLOF	MYADM
7.41510676542958e-22	0.155296563135945	0.33	0.216	1.45387998349778e-17	pLOF	SLC15A5
7.95037138492715e-22	0.0874563273324625	0.5	0.384	1.55882931744267e-17	pLOF	INTS10
8.10249563242415e-22	0.103434562901217	0.365	0.249	1.5886563186494e-17	pLOF	VDAC3
8.74553244035575e-22	0.14073546836384	0.39	0.256	1.71473654558055e-17	pLOF	ALDH1A3
8.77293251009212e-22	0.118571561077817	0.423	0.296	1.72010887725376e-17	pLOF	MFSD10
9.02582209165608e-22	0.0754235447990648	0.558	0.441	1.76969293751101e-17	pLOF	ARRDC4
9.30772581060255e-22	0.100453045429832	0.45	0.325	1.82496579968484e-17	pLOF	NOA1
1.03776524821314e-21	0.0840796051711487	0.683	0.622	2.03474632217149e-17	pLOF	ATP1A1
1.06108694291759e-21	0.0730482529252431	0.894	0.828	2.08047316897853e-17	pLOF	SLCO3A1
1.08874334114599e-21	0.119304370194212	0.366	0.241	2.13469906898494e-17	pLOF	BFSP2
1.11555614302177e-21	0.107670027496543	0.336	0.217	2.18727092962278e-17	pLOF	PABPC4
1.1158933235335e-21	0.0677060683317559	0.741	0.675	2.18793203945213e-17	pLOF	CDK18
1.14347851473554e-21	0.0956118369500329	0.384	0.288	2.24201832384198e-17	pLOF	TAF7
1.15585884116284e-21	0.143870188902276	0.069	0.025	2.26629242986797e-17	pLOF	ZBED2
1.1982498356026e-21	0.128577487739838	0.244	0.146	2.34940845266602e-17	pLOF	NECTIN4
1.22110460594556e-21	0.0629207923286643	0.696	0.6	2.39421980087745e-17	pLOF	AFF4
1.33324259113148e-21	0.111729999821722	0.334	0.207	2.61408874843149e-17	pLOF	FAM46B
1.41103658308751e-21	0.123657862915147	0.507	0.387	2.76661942845969e-17	pLOF	SDHC
1.60939233161701e-21	0.0831699328144136	0.474	0.366	3.15553554460148e-17	pLOF	MED7
1.61592577139243e-21	0.138936822041163	0.179	0.098	3.16834565996913e-17	pLOF	PCDH20
1.64902830749544e-21	0.063817733034025	0.8	0.753	3.2332498025063e-17	pLOF	PRCC
1.68168321227161e-21	0.0866103551014197	0.423	0.297	3.29727627430095e-17	pLOF	CITED4
1.78926946870895e-21	0.121763843321589	0.285	0.181	3.50822064729764e-17	pLOF	C3orf38
1.84814282920229e-21	0.0569145627438171	0.759	0.674	3.62365364521694e-17	pLOF	TXNL4A
1.86189132456693e-21	0.126203115879486	0.35	0.224	3.65061032007839e-17	pLOF	ITGAM
2.00188237613443e-21	0.0891843440537476	0.478	0.357	3.92509077488678e-17	pLOF	SLC35A5
2.05881298116817e-21	0.103643282130002	0.584	0.478	4.03671461217642e-17	pLOF	ACP6
2.06596756217819e-21	0.126543628296053	0.349	0.227	4.05074259916278e-17	pLOF	RSAD2
2.30150483059087e-21	0.0761280821738634	0.68	0.564	4.51256052133952e-17	pLOF	PSMB9
2.3304560719163e-21	0.0992080282011585	0.486	0.361	4.56932522020628e-17	pLOF	MIEF2
2.45786151000229e-21	0.0841499742315515	0.498	0.371	4.81912906266149e-17	pLOF	C1orf109
2.61568529184158e-21	0.0768802856524242	0.589	0.472	5.12857415171379e-17	pLOF	SMIM12
2.74516050800932e-21	0.0755540300813069	0.657	0.552	5.38243620805386e-17	pLOF	C6orf223
2.87357921744833e-21	0.109489897551728	0.392	0.266	5.63422677165094e-17	pLOF	DDAH2
2.91277275087712e-21	0.089668825126641	0.47	0.342	5.71107353264476e-17	pLOF	MIB2
2.93284630322489e-21	0.0881841003514848	0.512	0.388	5.75043174673305e-17	pLOF	TMEM259
2.94410045836888e-21	0.0990449330141422	0.583	0.462	5.77249776872386e-17	pLOF	PREPL
3.10899081795013e-21	0.130220448119926	0.152	0.079	6.09579829675481e-17	pLOF	FAM183A
3.23446477090926e-21	0.121604070652496	0.188	0.111	6.34181507632179e-17	pLOF	ZBP1
3.26710956892798e-21	0.0645530866942413	0.888	0.826	6.40582173179708e-17	pLOF	SSH2
3.32460567215307e-21	0.101531581874986	0.369	0.262	6.51855434139052e-17	pLOF	HARS2
3.47967975247798e-21	0.129964005759631	0.4	0.276	6.82260809068358e-17	pLOF	LEFTY1
3.48438092745776e-21	0.0716226939909123	0.612	0.501	6.83182568446644e-17	pLOF	CGGBP1
4.21301487650362e-21	0.0892369026639256	0.633	0.537	8.26045826836065e-17	pLOF	ALDH3A2
4.25455281467145e-21	0.112912496308321	0.5	0.376	8.34190170372631e-17	pLOF	ZNF675
4.29690456295852e-21	0.0698192690095695	0.703	0.599	8.42494077659277e-17	pLOF	CAPN12
5.37629096335101e-21	0.10765981313638	0.467	0.345	1.05412936918423e-16	pLOF	QRFPR
5.4972525049115e-21	0.0907714955516542	0.56	0.441	1.077846298638e-16	pLOF	NDUFV2
5.55684294911291e-21	0.0970889523659956	0.42	0.279	1.08953019703257e-16	pLOF	STAT5A
5.55940864587091e-21	0.12470624422408	0.524	0.392	1.09003325319591e-16	pLOF	ENPP1
5.77765610647659e-21	0.0702878023811637	0.664	0.585	1.13282503279687e-16	pLOF	SUCO
5.94441829735832e-21	0.077882893966425	0.686	0.594	1.16552209556305e-16	pLOF	DZIP1
6.15897748264344e-21	0.0906503789340012	0.411	0.293	1.2075907150219e-16	pLOF	GINS4
6.53273382631388e-21	0.111414579209746	0.492	0.36	1.28087312132536e-16	pLOF	PUDP
6.54901030607205e-21	0.0537618573235954	0.855	0.847	1.28406445071155e-16	pLOF	LMNA
6.59988320379603e-21	0.108867200662095	0.198	0.112	1.29403909976829e-16	pLOF	AL162426.1
6.69314724273935e-21	0.0779639230803287	0.832	0.75	1.3123253798839e-16	pLOF	MSRA
6.97955344230896e-21	0.115380960779213	0.136	0.086	1.36848104343352e-16	pLOF	PSG9
7.23211722705824e-21	0.0729254211641028	0.765	0.674	1.41800122470931e-16	pLOF	ABCG1
7.33920889067888e-21	0.0552953261301652	0.764	0.69	1.43899868719541e-16	pLOF	HDAC7
7.44770759378689e-21	0.129698345232131	0.235	0.134	1.4602720279138e-16	pLOF	MUL1
7.49171732832702e-21	0.102709620641985	0.371	0.253	1.46890101656508e-16	pLOF	SYT8
7.68191888296918e-21	0.0940316992734828	0.316	0.206	1.50619383538377e-16	pLOF	LYNX1
7.71603983737807e-21	0.14362418415653	0.254	0.143	1.51288393091472e-16	pLOF	CASQ1
7.944185324676e-21	0.0962341365962823	0.421	0.295	1.55761641660922e-16	pLOF	STMN1
8.30166661188408e-21	0.115833464820147	0.278	0.171	1.62770777259211e-16	pLOF	E2F2
8.33527550436377e-21	0.0954629396263144	0.641	0.523	1.6342974681406e-16	pLOF	TRPM1
8.85504065189342e-21	0.108518152082387	0.339	0.219	1.73620782061674e-16	pLOF	B3GALT6
9.1245097227165e-21	0.109558549019498	0.347	0.227	1.78904262133302e-16	pLOF	POLR3D
1.00547872958197e-20	0.0818713928006222	0.628	0.523	1.97144214509137e-16	pLOF	ZDHHC5
1.0141418353015e-20	0.119819604143159	0.138	0.073	1.98842789647566e-16	pLOF	KLK15
1.09295491920867e-20	0.131666109143852	0.317	0.204	2.14295671009244e-16	pLOF	ALKBH3
1.09442871548084e-20	0.0695983251499749	0.802	0.691	2.14584638244328e-16	pLOF	SUSD1
1.12808901109869e-20	0.113060458980617	0.402	0.272	2.2118441240612e-16	pLOF	RFX5
1.20767645219165e-20	0.141440429022518	0.171	0.091	2.36789121981217e-16	pLOF	RAET1E
1.21091575741964e-20	0.1259801007711	0.331	0.21	2.37424252557268e-16	pLOF	RP4-576H24.4
1.223828043912e-20	0.100156694737822	0.171	0.111	2.39955964569827e-16	pLOF	ZNF300
1.26349188459499e-20	0.119101405808268	0.356	0.234	2.4773285381254e-16	pLOF	UQCRB
1.28209327865959e-20	0.0794416808552173	0.642	0.53	2.51380029146786e-16	pLOF	UGP2
1.29768202417332e-20	0.0686287242579341	0.728	0.633	2.54436514479663e-16	pLOF	TAF1D
1.32202907362237e-20	0.0830548326779456	0.556	0.437	2.59210240465138e-16	pLOF	FLII
1.41666314684502e-20	0.133835391801025	0.094	0.045	2.77765143201902e-16	pLOF	TYROBP
1.44717378483069e-20	0.105241128913678	0.405	0.286	2.83747363991753e-16	pLOF	LRRC58
1.4517093336228e-20	0.0962044163259023	0.537	0.411	2.84636649043422e-16	pLOF	OSGIN1
1.45459552981694e-20	0.112003786041789	0.431	0.297	2.85202545531207e-16	pLOF	RP1-317E23.6
1.50728782957268e-20	0.0778017144407252	0.545	0.418	2.95533924744316e-16	pLOF	SRRM1
1.52208864225738e-20	0.0690836474241254	0.668	0.569	2.98435920087404e-16	pLOF	ENTPD4
1.54566250798336e-20	0.0968850703556006	0.419	0.293	3.03058047940297e-16	pLOF	TSSK3
1.64645694709565e-20	0.0685282972785015	0.612	0.501	3.22820813617044e-16	pLOF	ING2
1.67232476642478e-20	0.133490020580913	0.336	0.219	3.27892716952907e-16	pLOF	FAAH2
1.76107774106479e-20	0.0709875990776259	0.664	0.562	3.45294512690574e-16	pLOF	CSF1
1.79371384980484e-20	0.0885888534477081	0.579	0.459	3.51693474531236e-16	pLOF	RNF19B
1.86379524866241e-20	0.102120104391935	0.397	0.275	3.65434334405239e-16	pLOF	NXPE3
1.88923582971615e-20	0.0842115316835138	0.711	0.612	3.70422469132446e-16	pLOF	KCNJ16
1.93975907435039e-20	0.137246146976633	0.249	0.141	3.80328561707881e-16	pLOF	MXRA5
1.97420551996258e-20	0.0987495968963892	0.714	0.609	3.87082476299062e-16	pLOF	ADD1
1.99091083421637e-20	0.0804624640475936	0.587	0.482	3.90357887264804e-16	pLOF	AGFG1
2.06502828967238e-20	0.103615149534587	0.415	0.288	4.04890096756063e-16	pLOF	CCDC25
2.09373543402308e-20	0.141444597299635	0.294	0.186	4.10518706548906e-16	pLOF	SMIM2
2.10168884374786e-20	0.0917748566722693	0.539	0.41	4.12078131593643e-16	pLOF	ZBTB10
2.22109858615336e-20	0.0814178687478196	0.664	0.549	4.3549079978709e-16	pLOF	VRK3
2.32736506242625e-20	0.119311886639492	0.253	0.157	4.56326467789916e-16	pLOF	COL8A2
2.33165878489418e-20	0.123421627121538	0.376	0.256	4.57168337954201e-16	pLOF	ZBED1
2.33396901888084e-20	0.179293946424832	0.115	0.045	4.57621305531967e-16	pLOF	PCDHB3
2.34317473534978e-20	0.0725904811884102	0.547	0.442	4.59426270360032e-16	pLOF	CLK4
2.38478949875109e-20	0.0791966416034149	0.593	0.475	4.67585677020127e-16	pLOF	ENOPH1
2.49631320019371e-20	0.0984041122183121	0.387	0.271	4.89452129161981e-16	pLOF	DVL1
2.53563089538759e-20	0.0849805625000328	0.599	0.476	4.97161149658645e-16	pLOF	PPFIA4
2.58376675365243e-20	0.0718965968097947	0.626	0.511	5.06599147388631e-16	pLOF	HIST1H2AC
2.74110199688274e-20	0.0710582675246333	0.712	0.615	5.37447868528798e-16	pLOF	MAEA
2.90260025071632e-20	0.0613363952739497	0.708	0.615	5.69112831157949e-16	pLOF	BCL3
2.93230813756247e-20	0.0936860347909622	0.522	0.398	5.74937656531874e-16	pLOF	HKR1
3.03469952919855e-20	0.115596786400754	0.424	0.293	5.95013536689959e-16	pLOF	MR1
3.04603042950071e-20	0.0625009941483174	0.717	0.624	5.97235186312203e-16	pLOF	G3BP2
3.19193821991827e-20	0.0930534701951254	0.543	0.423	6.25843326779374e-16	pLOF	ASCC2
3.28631022955316e-20	0.0594876713705663	0.852	0.754	6.44346846708487e-16	pLOF	BACH1
3.38720624214308e-20	0.0666794199168758	0.609	0.506	6.64129527896993e-16	pLOF	ITK
3.4433231532083e-20	0.13313206470053	0.293	0.184	6.75132370649552e-16	pLOF	CTCFL
3.62039780857642e-20	0.103853031727055	0.311	0.198	7.09851398327579e-16	pLOF	CDC20
3.71714733890515e-20	0.079183023068976	0.522	0.397	7.28821078739133e-16	pLOF	EPHB3
3.72770994142453e-20	0.118971299476561	0.391	0.265	7.30892088215107e-16	pLOF	UBE2G2
3.79814388960207e-20	0.11254733239504	0.187	0.109	7.44702072434277e-16	pLOF	SDPR
4.12006518698856e-20	0.0767070776189586	0.689	0.57	8.07821181212847e-16	pLOF	TRIM2
4.34698830628839e-20	0.112169440447296	0.308	0.196	8.52313997213965e-16	pLOF	PROSC
4.91231519657672e-20	0.100530138852218	0.611	0.497	9.63157640592798e-16	pLOF	DCAF8
5.16287409994548e-20	0.11176003694588	0.381	0.259	1.01228472477631e-15	pLOF	SLC22A3
5.44023796816264e-20	0.114740829626847	0.126	0.06	1.06666745841765e-15	pLOF	TMEM191B
5.89349378192013e-20	0.105842841620445	0.271	0.174	1.15553732582108e-15	pLOF	OLFM1
6.13940164687056e-20	0.143855567172987	0.239	0.136	1.20375248090191e-15	pLOF	RNF175
6.26550012529147e-20	0.0962581975723925	0.605	0.481	1.2284766095659e-15	pLOF	TAB2
6.36186979102048e-20	0.113128789008713	0.355	0.237	1.24737180992538e-15	pLOF	ZNF765
6.41110750433833e-20	0.0713077374742779	0.644	0.53	1.25702584837562e-15	pLOF	HIST1H2BC
6.44913404097524e-20	0.0703447003575607	0.566	0.467	1.26448171141402e-15	pLOF	NUDT16
6.9825760464336e-20	0.0819186644911667	0.516	0.401	1.36907368542424e-15	pLOF	UBE2B
7.16670357029092e-20	0.0817384807238719	0.603	0.498	1.40517556902694e-15	pLOF	SRD5A1
7.32260374684047e-20	0.14697545750741	0.132	0.061	1.43574291664301e-15	pLOF	PGLYRP4
7.42715685689866e-20	0.140663930984195	0.221	0.143	1.45624264493212e-15	pLOF	MARCO
7.69290445101658e-20	0.0864789212932097	0.699	0.602	1.50834777571082e-15	pLOF	USH1C
8.20949949373426e-20	0.0736897880617941	0.582	0.456	1.60963656573648e-15	pLOF	ADAP1
8.28262004320044e-20	0.0614386230745051	0.679	0.594	1.62397331187031e-15	pLOF	SRA1
8.64999688723734e-20	0.0881573867543002	0.733	0.664	1.69600488968063e-15	pLOF	PPARA
9.26403038601225e-20	0.0529992416260332	0.824	0.763	1.81639843778542e-15	pLOF	RASA3
9.34929043840484e-20	0.0815904347890427	0.368	0.26	1.83311537625804e-15	pLOF	GPSM1
9.38844521462886e-20	0.0877123654336515	0.426	0.306	1.84079245323228e-15	pLOF	AES
9.56444028663824e-20	0.0628154132527026	0.54	0.433	1.87529980700116e-15	pLOF	RAB11FIP1
9.70897145575229e-20	0.0888127988777199	0.563	0.455	1.90363803332935e-15	pLOF	ENO4
1.13194308142083e-19	0.120417773951014	0.249	0.152	2.21940079974182e-15	pLOF	C1orf210
1.15924567937942e-19	0.100553438898109	0.501	0.373	2.27293300355923e-15	pLOF	SERPINB8
1.16221268651733e-19	0.0517520958043935	0.788	0.74	2.27875041445453e-15	pLOF	PDGFC
1.18460748581737e-19	0.116031597696803	0.485	0.353	2.32265989744212e-15	pLOF	ZFX
1.23273254479299e-19	0.0648679823988977	0.708	0.608	2.41701870057562e-15	pLOF	LARP1B
1.24651476804108e-19	0.105852866514846	0.456	0.328	2.44404150569815e-15	pLOF	CPT2
1.29757139808743e-19	0.140420302028123	0.319	0.2	2.54414824023001e-15	pLOF	SLC9A2
1.31186447461331e-19	0.0713234900693829	0.616	0.508	2.57217267537432e-15	pLOF	PLEKHH3
1.34054958990371e-19	0.0928963445992935	0.555	0.433	2.62841558092421e-15	pLOF	ITGA11
1.34998616359621e-19	0.128753382768998	0.428	0.306	2.64691787096309e-15	pLOF	LPAR6
1.36070905252573e-19	0.0858902461100399	0.701	0.592	2.6679422392872e-15	pLOF	PHF3
1.40472749180657e-19	0.0688446830769691	0.598	0.487	2.75424919318513e-15	pLOF	PGRMC2
1.42473581673701e-19	0.108635253172607	0.451	0.329	2.79347951587625e-15	pLOF	IFNAR2
1.4489108886586e-19	0.11524595032866	0.368	0.252	2.84087957939292e-15	pLOF	MND1
1.51087476255772e-19	0.10130748038805	0.193	0.128	2.96237214694692e-15	pLOF	STC1
1.51230857386248e-19	0.0928245336150939	0.48	0.354	2.96518342077216e-15	pLOF	SMARCA5
1.62725350505712e-19	0.076654680313293	0.545	0.429	3.1905559473655e-15	pLOF	HSPG2
1.6676369055359e-19	0.0783410074544781	0.549	0.427	3.26973568068425e-15	pLOF	ETFDH
1.77963874784444e-19	0.137188284726437	0.101	0.047	3.48933769289859e-15	pLOF	KLHL40
1.95344000916964e-19	0.0727522263304243	0.794	0.707	3.83010982597891e-15	pLOF	SNX9
2.01933081173388e-19	0.0880501432927525	0.685	0.577	3.95930192256661e-15	pLOF	ANP32A
2.52399216328566e-19	0.0731381896962889	0.687	0.601	4.9487914345542e-15	pLOF	RTN4RL1
2.59869210537806e-19	0.0656644821712635	0.734	0.622	5.09525561101476e-15	pLOF	PLB1
2.64285090167087e-19	0.082564708028153	0.696	0.578	5.18183776290607e-15	pLOF	NF1
2.65978714974118e-19	0.0990620040941931	0.442	0.321	5.21504466449753e-15	pLOF	PPDPF
2.6603785570486e-19	0.0667002144537349	0.798	0.719	5.2162042368052e-15	pLOF	ADAMTS9
2.70525308482146e-19	0.0796000629739665	0.534	0.422	5.30418972340944e-15	pLOF	HMGXB3
2.97163830016615e-19	0.084453800046261	0.558	0.436	5.82649121513578e-15	pLOF	FADS3
3.23275343524976e-19	0.0894051324213502	0.559	0.444	6.33845966049421e-15	pLOF	HSD17B14
3.28909094051523e-19	0.0765067077800681	0.492	0.394	6.44892060706821e-15	pLOF	SLU7
3.38250125378206e-19	0.0700139812793475	0.422	0.324	6.63207020829049e-15	pLOF	IGFBP5
3.44352044469762e-19	0.104203030087075	0.296	0.191	6.75171053591862e-15	pLOF	PLCXD1
3.47578202658834e-19	0.0526619738059008	0.753	0.651	6.81496581953175e-15	pLOF	CCNG2
3.65043019517408e-19	0.0992471086728432	0.345	0.229	7.15739848367782e-15	pLOF	SNRNP40
3.95748114606198e-19	0.0955695045504869	0.376	0.268	7.75943328308372e-15	pLOF	RPS14
4.00563638982974e-19	0.10416770018057	0.515	0.381	7.85385126953918e-15	pLOF	PARD6G
4.96638475190628e-19	0.0829329181465562	0.55	0.433	9.73759058306265e-15	pLOF	TXNL1
5.08347055787128e-19	0.0871285655185957	0.623	0.524	9.96716072281821e-15	pLOF	PIWIL4
5.56277826836494e-19	0.105478135475711	0.506	0.394	1.09069393507831e-14	pLOF	PGAP3
5.9239153705221e-19	0.0555017570783136	0.614	0.515	1.16150208669827e-14	pLOF	HNRNPH1
6.0253342157971e-19	0.104875684214532	0.448	0.334	1.18138727969134e-14	pLOF	ZNF22
6.62914026198118e-19	0.132499972711566	0.162	0.084	1.29977553116665e-14	pLOF	HMGB3
6.63665685017079e-19	0.0773136658903922	0.647	0.549	1.30124930861299e-14	pLOF	MEF2D
6.90003615471916e-19	0.0717728097203756	0.52	0.406	1.35289008885579e-14	pLOF	LFNG
7.18602264108157e-19	0.0750332409412376	0.648	0.541	1.40896345923686e-14	pLOF	GRB7
7.7571762808387e-19	0.0847009118847807	0.623	0.527	1.52094955338404e-14	pLOF	KCNK1
7.84804731986305e-19	0.0965059884950282	0.379	0.26	1.53876663800555e-14	pLOF	SDF4
7.85218721182911e-19	0.129896678597593	0.403	0.279	1.53957834662333e-14	pLOF	MTRF1
7.87191262153693e-19	0.0813890020155858	0.516	0.392	1.54344590770475e-14	pLOF	C19orf68
7.96275338085065e-19	0.0923290208268258	0.52	0.402	1.56125705538339e-14	pLOF	HSPA4L
8.22078576561425e-19	0.114966151274535	0.197	0.115	1.61184946506399e-14	pLOF	DPCR1
8.2539571327336e-19	0.0746185380724807	0.521	0.41	1.61835337501508e-14	pLOF	TCERG1
8.40171151817734e-19	0.102320183197136	0.447	0.334	1.64732357736903e-14	pLOF	IFIT2
8.4590675754565e-19	0.136440278085027	0.267	0.165	1.65856937951976e-14	pLOF	BTN3A1
8.5208072088165e-19	0.114077217648337	0.187	0.1	1.67067466943265e-14	pLOF	TMSB4X
8.88638959361492e-19	0.0916477288528736	0.454	0.326	1.74235440762008e-14	pLOF	THAP1
9.17361994707253e-19	0.0814469296067907	0.394	0.286	1.79867166302251e-14	pLOF	CAMK2A
9.54625275698753e-19	0.0804696182453065	0.639	0.537	1.87173377806255e-14	pLOF	ARRDC2
9.83607247223096e-19	0.0525545721302652	0.727	0.644	1.92855872963032e-14	pLOF	MKNK2
1.01074229646621e-18	0.0804404960722251	0.395	0.266	1.9817624206813e-14	pLOF	ARHGEF19
1.04510687352036e-18	0.0753468118725317	0.805	0.733	2.04914104691138e-14	pLOF	PDE8A
1.04910665516406e-18	0.134378954552474	0.371	0.243	2.05698341878017e-14	pLOF	ELAC1
1.07778007963177e-18	0.1213637216664	0.351	0.231	2.11320340213401e-14	pLOF	BANF1
1.09339343626263e-18	0.0926902129373707	0.493	0.369	2.14381651048013e-14	pLOF	ADAM15
1.12791151205129e-18	0.0963172961533905	0.426	0.306	2.21149610167896e-14	pLOF	MX1
1.17428978883045e-18	0.10662606707662	0.409	0.285	2.30242998895986e-14	pLOF	EXOC1
1.21321293327247e-18	0.0623468301531502	0.677	0.6	2.37874659826733e-14	pLOF	MYO1C
1.24975655056831e-18	0.118598906357999	0.36	0.242	2.45039766869929e-14	pLOF	SPI1
1.25941847864742e-18	0.0783756037818014	0.447	0.328	2.46934181108399e-14	pLOF	AP3M2
1.27772307112035e-18	0.0677208541487759	0.722	0.609	2.50523162554566e-14	pLOF	NPAS2
1.34911888939057e-18	0.101025041519011	0.464	0.339	2.64521740642809e-14	pLOF	ACHE
1.35316560996251e-18	0.14223069666623	0.257	0.151	2.65315181145349e-14	pLOF	RP11-327P2.7
1.42022092657718e-18	0.10227833276115	0.372	0.247	2.78462717073987e-14	pLOF	MCUB
1.45967736145221e-18	0.128693981686862	0.252	0.149	2.86198940259934e-14	pLOF	FOXN4
1.47162677419702e-18	0.14715714318952	0.189	0.099	2.8854186161681e-14	pLOF	LGI3
1.52123386009306e-18	0.0827390212661972	0.461	0.338	2.98268322948446e-14	pLOF	DAPK3
1.75587646090672e-18	0.0897497436166082	0.544	0.419	3.44274697689981e-14	pLOF	LRRC61
1.8745812308686e-18	0.108641169893496	0.356	0.246	3.67549141936406e-14	pLOF	BUB1B-PAK6
1.94310876793782e-18	0.101534642272961	0.54	0.416	3.80985336129568e-14	pLOF	BEST3
2.02108650617999e-18	0.108688637845819	0.42	0.299	3.96274431266711e-14	pLOF	MICALCL
2.13828190226431e-18	0.124673684259447	0.269	0.158	4.19252932576963e-14	pLOF	DNASE2
2.16454629759731e-18	0.137341972110449	0.059	0.021	4.24402592569904e-14	pLOF	PCDHB2
2.21443081111958e-18	0.112554395457249	0.4	0.271	4.34183449136217e-14	pLOF	MTFR1L
2.23520312323791e-18	0.0781509385510866	0.537	0.419	4.38256276373256e-14	pLOF	PPP1R12C
2.3238683121606e-18	0.114439980934118	0.39	0.263	4.55640859965328e-14	pLOF	MTMR9
2.34201481641626e-18	0.106701745788464	0.459	0.338	4.59198845054736e-14	pLOF	PRRG4
2.40533030128052e-18	0.0624486212254904	0.646	0.528	4.71613112172071e-14	pLOF	OSBPL5
2.46935223653999e-18	0.09963875191024	0.43	0.305	4.84165893018395e-14	pLOF	TNFRSF10D
2.62032489950001e-18	0.110138417977777	0.362	0.238	5.13767103044966e-14	pLOF	TIMM13
2.67234116871428e-18	0.124871368702182	0.33	0.212	5.23965932949809e-14	pLOF	ZNF165
2.8021669326362e-18	0.110661718629105	0.336	0.22	5.49420870481979e-14	pLOF	EFNA4
2.81822209824271e-18	0.0764550127769328	0.794	0.716	5.52568806802448e-14	pLOF	LPIN2
2.86232342964469e-18	0.0570377247313897	0.771	0.708	5.61215754850435e-14	pLOF	RTEL1-TNFRSF6B
3.00031358600648e-18	0.0552360066649863	0.755	0.673	5.88271484808291e-14	pLOF	ZCCHC14
3.30090319897253e-18	0.119550589683296	0.331	0.22	6.47208090222544e-14	pLOF	TRIM22
3.5475396646881e-18	0.0872844390767804	0.71	0.61	6.95566102055395e-14	pLOF	GLYATL1
3.55553483818065e-18	0.0708929768666863	0.641	0.529	6.97133715722079e-14	pLOF	FAM129A
3.67579050577427e-18	0.0966934680601106	0.455	0.327	7.20712244467161e-14	pLOF	SLC35E1
3.90720705861502e-18	0.0932456994695422	0.581	0.473	7.66086087982646e-14	pLOF	TYW3
3.99798022678411e-18	0.133302326189304	0.104	0.054	7.83883983065561e-14	pLOF	MLANA
4.01900056603342e-18	0.0962244443999085	0.428	0.307	7.88005440982172e-14	pLOF	ST3GAL5
4.03720850041487e-18	0.0958589786725093	0.296	0.19	7.91575470676344e-14	pLOF	HPCA
4.12301562668201e-18	0.101194401887645	0.38	0.264	8.08399673923542e-14	pLOF	GABRR2
4.52521447302622e-18	0.0641552812901782	0.462	0.371	8.87258801726251e-14	pLOF	ARHGAP23
5.04560591473071e-18	0.0756167120054551	0.681	0.582	9.89291951701251e-14	pLOF	SLC9A8
5.1426234286659e-18	0.0641547130857177	0.608	0.493	1.00831417565852e-13	pLOF	AC002398.9
5.17703991970582e-18	0.111334397868052	0.359	0.238	1.01506221705672e-13	pLOF	EIF2S3
5.24489905297353e-18	0.0917333991409983	0.438	0.307	1.02836735731652e-13	pLOF	IER5
5.32221586804613e-18	0.102761591059277	0.375	0.255	1.0435268652478e-13	pLOF	PNRC2
5.37629779998167e-18	0.0931413132588774	0.469	0.344	1.05413070964241e-13	pLOF	THAP6
5.59748441022933e-18	0.10046148317226	0.372	0.249	1.09749876831366e-13	pLOF	CPSF3L
5.79551754343441e-18	0.125890928714588	0.175	0.095	1.13632712474119e-13	pLOF	BRICD5
5.79876892577038e-18	0.0785601774055139	0.609	0.493	1.1369646232758e-13	pLOF	IL4I1
5.95502235536643e-18	0.119226101955375	0.095	0.049	1.1676012332167e-13	pLOF	LRRN4CL
5.97079548395614e-18	0.150586449258801	0.289	0.175	1.17069387053928e-13	pLOF	PPP1R14D
6.00888117152967e-18	0.10161624204351	0.456	0.328	1.17816133130182e-13	pLOF	ISG20L2
6.10999991894628e-18	0.0855982015191707	0.463	0.353	1.1979876841078e-13	pLOF	VPS4B
6.3163494659839e-18	0.0972460950254166	0.516	0.398	1.23844663979546e-13	pLOF	SYT11
6.89277372508019e-18	0.0816802173951519	0.444	0.32	1.35146614427647e-13	pLOF	GOLGA7
6.98307144032186e-18	0.112360051614351	0.276	0.174	1.36917081730391e-13	pLOF	IQCC
8.30280882787326e-18	0.0612411594396122	0.707	0.63	1.62793172688111e-13	pLOF	DYRK3
8.30907750976182e-18	0.13505633344242	0.306	0.193	1.629160827339e-13	pLOF	SIRPG
8.62725188483725e-18	0.0980517453501019	0.421	0.302	1.69154527706004e-13	pLOF	ASH2L
8.81781986750735e-18	0.0698340430928023	0.81	0.747	1.72890994142217e-13	pLOF	FNIP2
9.36954754466972e-18	0.0882560358979203	0.392	0.268	1.83708718708339e-13	pLOF	AURKAIP1
9.47388616996568e-18	0.0817712975479558	0.459	0.342	1.85754486134517e-13	pLOF	LOXL1
9.54609092547897e-18	0.0870736574713724	0.486	0.361	1.87170204775866e-13	pLOF	GALE
9.80871349898337e-18	0.0985356772106289	0.371	0.259	1.92319445574567e-13	pLOF	PPP4C
1.12246455151292e-17	0.116326158930551	0.485	0.375	2.20081624615139e-13	pLOF	FAM150B
1.18034856248498e-17	0.130046730091142	0.123	0.064	2.3143094264643e-13	pLOF	DOK2
1.34056509271646e-17	0.102867036296724	0.339	0.225	2.62844597728916e-13	pLOF	BABAM1
1.35970277302122e-17	0.0979997585013996	0.404	0.283	2.66596922706271e-13	pLOF	ESCO2
1.38112517889846e-17	0.111904754130543	0.429	0.306	2.70797213826621e-13	pLOF	SEZ6
1.43569314535509e-17	0.109006699142631	0.319	0.199	2.81496355009773e-13	pLOF	METRN
1.45796157123032e-17	0.108322105543531	0.582	0.478	2.85862525271129e-13	pLOF	PTPN9
1.47961856078513e-17	0.0697155386719667	0.611	0.502	2.90108811213141e-13	pLOF	GATS
1.48957853869519e-17	0.0809097952819952	0.559	0.451	2.92061664081966e-13	pLOF	CTNS
1.50723339583538e-17	0.0787631851565883	0.487	0.368	2.95523251921442e-13	pLOF	MTF1
1.51165836293921e-17	0.0912097061956838	0.536	0.421	2.96390855221492e-13	pLOF	MELTF
1.52423668137902e-17	0.146145865315946	0.209	0.11	2.98857086117984e-13	pLOF	EBI3
1.52433685579582e-17	0.129567581383542	0.469	0.332	2.98876727315887e-13	pLOF	KL
1.5665761493355e-17	0.0989794733922296	0.443	0.321	3.07158585600212e-13	pLOF	FCMR
1.57822527560813e-17	0.10408422750828	0.227	0.144	3.09442629788486e-13	pLOF	C10orf105
1.72683019087736e-17	0.118653283640342	0.383	0.262	3.38579595525325e-13	pLOF	F5
1.73424708881002e-17	0.099450436925739	0.437	0.319	3.40033826702981e-13	pLOF	MICAL1
1.74877817574436e-17	0.0842623540309555	0.403	0.3	3.42882936918197e-13	pLOF	IK
1.98719289720978e-17	0.0614852649688644	0.618	0.515	3.89628911355922e-13	pLOF	ATP8B3
2.00514188925828e-17	0.104911800019378	0.47	0.349	3.93148170226871e-13	pLOF	NIM1K
2.08262435012416e-17	0.120612260215066	0.286	0.18	4.08340156328845e-13	pLOF	SLC28A3
2.14249220567877e-17	0.0886444786148622	0.552	0.428	4.20078446767437e-13	pLOF	CLOCK
2.17552961096872e-17	0.0741033682575853	0.769	0.668	4.26556090822637e-13	pLOF	ELF1
2.23109175386563e-17	0.103010029681255	0.479	0.356	4.37450160180434e-13	pLOF	FAM210A
2.23284230292692e-17	0.0821058521242414	0.659	0.561	4.37793390334882e-13	pLOF	LYRM1
2.23881757792828e-17	0.0620946633379248	0.83	0.74	4.38964962504398e-13	pLOF	ASAP2
2.31572022643604e-17	0.0531163612054465	0.814	0.753	4.54043264797314e-13	pLOF	PLA2G6
2.32841297428837e-17	0.0870663356528111	0.517	0.4	4.56531931868721e-13	pLOF	UBE2Z
2.47409331138385e-17	0.108707324940377	0.443	0.331	4.85095475563032e-13	pLOF	RP11-248J23.7
2.80222283041835e-17	0.151642710288232	0.183	0.102	5.49431830360125e-13	pLOF	APOBEC2
3.01800324582275e-17	0.0932760137566824	0.528	0.411	5.91739896408466e-13	pLOF	TNNI1
3.10134343233842e-17	0.0912955749758629	0.367	0.253	6.08080406778593e-13	pLOF	DDOST
3.2764486470926e-17	0.0692122479435592	0.474	0.36	6.42413286235446e-13	pLOF	TFG
3.39196992006718e-17	0.0785018056326219	0.389	0.273	6.65063542227573e-13	pLOF	CXCR4
3.49593425466324e-17	0.0964651121484371	0.227	0.14	6.85447829311822e-13	pLOF	CHI3L1
3.59522837452353e-17	0.103611150980111	0.512	0.382	7.04916427392828e-13	pLOF	TRMT44
3.66719514402344e-17	0.140591559328671	0.17	0.09	7.19026951888677e-13	pLOF	RGN
3.69935694291063e-17	0.100564250432902	0.252	0.167	7.25332915796487e-13	pLOF	VWA5B2
3.71604546497625e-17	0.0762955912930295	0.517	0.402	7.28605034317892e-13	pLOF	EIF2A
3.80515729321001e-17	0.0610642985913971	0.715	0.614	7.46077190479687e-13	pLOF	YWHAZ
3.87731290286084e-17	0.0906059911816918	0.344	0.242	7.60224740863924e-13	pLOF	RPL24
3.97418124508275e-17	0.0898725903001213	0.435	0.317	7.79217716723375e-13	pLOF	TCEANC
4.03230263603215e-17	0.0568361640713806	0.781	0.716	7.90613577846823e-13	pLOF	SLC6A6
4.08159064954148e-17	0.119429997729466	0.227	0.138	8.00277478655598e-13	pLOF	H1FX
4.17284950469153e-17	0.105436661650124	0.185	0.116	8.18170602384869e-13	pLOF	SPIB
4.18270253228564e-17	0.129371655770436	0.29	0.184	8.20102485505245e-13	pLOF	IL19
4.18892382575501e-17	0.0670383566590956	0.717	0.655	8.21322294515785e-13	pLOF	COQ8A
4.23763940893646e-17	0.13077418638138	0.216	0.113	8.30873958910171e-13	pLOF	GPR3
4.74960653352625e-17	0.115985472950514	0.357	0.236	9.31255353028493e-13	pLOF	DGAT2
4.86919192798128e-17	0.0840788484759089	0.666	0.571	9.54702461319289e-13	pLOF	RP11-574F21.3
4.9386714642126e-17	0.0768946153202234	0.476	0.36	9.68325313988165e-13	pLOF	H2AFZ
4.9552883594416e-17	0.09950747749426	0.422	0.309	9.71583388635714e-13	pLOF	KLHL36
5.09419731799333e-17	0.0664915594743989	0.69	0.571	9.98819268138953e-13	pLOF	MACC1
5.41122411607204e-17	0.0896196667995848	0.437	0.313	1.06097871243824e-12	pLOF	CDKN2AIP
5.66618479850349e-17	0.0586353062059658	0.678	0.581	1.11096885344258e-12	pLOF	AC069368.3
5.79743316524637e-17	0.120405603424129	0.089	0.043	1.13670272070986e-12	pLOF	FAM166B
5.85942172130222e-17	0.105136610170827	0.34	0.23	1.14885681689573e-12	pLOF	CTGF
5.86433181249653e-17	0.106209777526417	0.425	0.302	1.14981953847619e-12	pLOF	UBA1
5.99784546838433e-17	0.0876260212736054	0.591	0.469	1.17599756098611e-12	pLOF	LUZP1
6.32361816251015e-17	0.105447068270084	0.472	0.346	1.23987181312337e-12	pLOF	MTIF3
6.38429705829159e-17	0.0770334293032565	0.538	0.441	1.25176912421923e-12	pLOF	SFXN1
6.50155251956749e-17	0.144684577519852	0.09	0.04	1.2747594025116e-12	pLOF	SERPINA4
6.53111329061481e-17	0.0746154606544155	0.394	0.288	1.28055538289085e-12	pLOF	MCM2
7.02990432364041e-17	0.081520730749514	0.496	0.375	1.37835334073618e-12	pLOF	THAP9
7.21075053554369e-17	0.0933000979916657	0.338	0.239	1.41381185750405e-12	pLOF	NDUFB4
7.25388376062265e-17	0.10733649741219	0.341	0.234	1.42226898894528e-12	pLOF	MMP14
7.38078818712071e-17	0.0913203899207837	0.435	0.324	1.44715113984876e-12	pLOF	CXXC1
7.46925362784741e-17	0.0889914865339854	0.441	0.32	1.46449655881204e-12	pLOF	ANO1
7.73772713232261e-17	0.12574839895336	0.198	0.116	1.51713615883449e-12	pLOF	DUSP2
8.16538820493588e-17	0.130881878479183	0.134	0.068	1.60098766534178e-12	pLOF	KRT85
8.36360493812777e-17	0.11871550882461	0.424	0.296	1.63985202021871e-12	pLOF	MYL12B
8.55406485242746e-17	0.0901081497635741	0.396	0.293	1.67719549561545e-12	pLOF	HARS
8.91581860631809e-17	0.0687508274742543	0.492	0.383	1.74812455414079e-12	pLOF	CASP3
8.9468889473378e-17	0.128410185056091	0.193	0.108	1.75421651590452e-12	pLOF	IL27
9.22459025643158e-17	0.0757440225789721	0.625	0.52	1.80866541157854e-12	pLOF	C11orf54
9.86085508519079e-17	0.083247940843228	0.536	0.412	1.93341785655336e-12	pLOF	ABCC8
9.87989112346635e-17	0.0786286825413843	0.567	0.452	1.93715025257805e-12	pLOF	SAFB2
1.01497878654421e-16	0.0792240443606053	0.696	0.614	1.99006890677723e-12	pLOF	IGFBP4
1.02854404179018e-16	0.114543160394391	0.25	0.155	2.01666630273801e-12	pLOF	POLR2K
1.03976815680989e-16	0.0758946104292858	0.658	0.546	2.03867342505715e-12	pLOF	CLIC1
1.06342270951411e-16	0.0602185463378487	0.757	0.667	2.08505290654431e-12	pLOF	ATP9B
1.08924146659722e-16	0.108616221099652	0.302	0.197	2.13567574355716e-12	pLOF	CCNA2
1.10699545047683e-16	0.119518621525924	0.337	0.216	2.17048597974991e-12	pLOF	ITPRIPL2
1.10976476112453e-16	0.118525112007727	0.111	0.056	2.17591576713686e-12	pLOF	F2RL3
1.11252246146352e-16	0.0698239178376967	0.652	0.545	2.18132279019152e-12	pLOF	PELI1
1.13199660367052e-16	0.0808124992449566	0.737	0.627	2.21950574081679e-12	pLOF	FAM189A1
1.18714883685946e-16	0.0906679734994796	0.473	0.353	2.32764272443035e-12	pLOF	ASAH1
1.19356750798765e-16	0.0640962510109088	0.637	0.525	2.34022781291139e-12	pLOF	TPT1
1.24261478326443e-16	0.079270416310122	0.622	0.503	2.43639480554657e-12	pLOF	TRIM26
1.25157824657402e-16	0.0659061367407983	0.613	0.499	2.45396946805769e-12	pLOF	DLG4
1.26747944840858e-16	0.0606040793095252	0.657	0.569	2.48514695449471e-12	pLOF	TMEM9
1.39292818483161e-16	0.0989713265356558	0.423	0.307	2.73111429199934e-12	pLOF	ATPIF1
1.3969600499273e-16	0.0639311173601583	0.626	0.518	2.73901956989245e-12	pLOF	GPX4
1.4330932034779e-16	0.0821889930945964	0.563	0.45	2.80986584405912e-12	pLOF	C18orf8
1.45122001193511e-16	0.113217880048076	0.283	0.187	2.84540707740117e-12	pLOF	POLL
1.49947325730087e-16	0.0744552757538237	0.583	0.478	2.94001721558982e-12	pLOF	HOOK1
1.51428368205423e-16	0.100550248088844	0.255	0.162	2.96905601540372e-12	pLOF	FBXO2
1.51968070287056e-16	0.0749794017856983	0.637	0.532	2.9796379541183e-12	pLOF	CISD1
1.66238582615391e-16	0.133802471856412	0.297	0.179	3.25943988933997e-12	pLOF	KDM5C
1.67825296857995e-16	0.0739993650642667	0.646	0.532	3.29055059549471e-12	pLOF	RAPGEF5
1.70359138819266e-16	0.077311785071456	0.394	0.284	3.34023163482934e-12	pLOF	C1QL1
1.72808233285866e-16	0.0789749662635451	0.469	0.355	3.38825103003598e-12	pLOF	ATG3
1.72847045762419e-16	0.09576019461656	0.626	0.511	3.38901202626376e-12	pLOF	UBE3A
1.93018253973609e-16	0.113367706406313	0.254	0.156	3.78450890566056e-12	pLOF	TRNP1
1.99542229109257e-16	0.0609712999399185	0.733	0.655	3.9124244861452e-12	pLOF	RP11-162P23.2
2.03191599769413e-16	0.0711353174941851	0.517	0.395	3.98397769667887e-12	pLOF	FAM213B
2.07608970729121e-16	0.129598004368191	0.396	0.27	4.07058908908588e-12	pLOF	C2orf74
2.12101579189722e-16	0.0841993894706288	0.549	0.425	4.15867566317288e-12	pLOF	IQSEC2
2.1236708846526e-16	0.0710084364486366	0.652	0.538	4.16388150353835e-12	pLOF	ADAMTS1
2.14776348159546e-16	0.109196389669077	0.331	0.237	4.21111985836421e-12	pLOF	C1QTNF7
2.21759488243554e-16	0.0712729762954883	0.869	0.789	4.34803828599136e-12	pLOF	CDH2
2.29403785644334e-16	0.051607481762317	0.807	0.703	4.49792002512846e-12	pLOF	TSNARE1
2.29998265798251e-16	0.0668873947360892	0.824	0.737	4.50957599750631e-12	pLOF	CHD2
2.34315855060554e-16	0.0978141702489305	0.552	0.435	4.59423097017228e-12	pLOF	CPXM2
2.37727121550506e-16	0.063571212846388	0.737	0.739	4.66111567224078e-12	pLOF	RP11-145E5.5
2.44360897399016e-16	0.0742074679031096	0.625	0.542	4.79118411530251e-12	pLOF	SEPT8
2.47790346268266e-16	0.0729538124629283	0.584	0.476	4.85842531928189e-12	pLOF	SYS1
2.52381668029341e-16	0.0951629910229014	0.299	0.189	4.94844736505129e-12	pLOF	BST2
2.57168215886738e-16	0.0922162392818183	0.389	0.278	5.04229720889127e-12	pLOF	TMC4
2.61699472806311e-16	0.12717837616297	0.399	0.269	5.13114156331334e-12	pLOF	CDRT4
2.8590039195987e-16	0.0869707784156843	0.532	0.409	5.60564898515717e-12	pLOF	TAP1
3.12455710206436e-16	0.0989037217770223	0.388	0.274	6.12631911001759e-12	pLOF	DXO
3.36642258671521e-16	0.0996485923241459	0.331	0.228	6.60054476577252e-12	pLOF	SMYD1
3.4026695395174e-16	0.0795010574179178	0.686	0.59	6.67161416613177e-12	pLOF	TNFRSF21
3.44533526552888e-16	0.118759102747791	0.164	0.09	6.75526885512248e-12	pLOF	DBNDD2
3.67572554904634e-16	0.10313533387323	0.264	0.168	7.20699508401516e-12	pLOF	CCDC27
3.93706394644316e-16	0.0995778704045535	0.534	0.421	7.7194012797911e-12	pLOF	TEX35
3.95517647845076e-16	0.0863945812177046	0.504	0.393	7.7549145212984e-12	pLOF	C16orf70
3.9652260466457e-16	0.110033814721727	0.29	0.182	7.77461870965823e-12	pLOF	CPTP
4.02089984082855e-16	0.0772599695077636	0.555	0.445	7.88377831791254e-12	pLOF	ARVCF
4.07777602832206e-16	0.069209422415321	0.684	0.592	7.99529545873106e-12	pLOF	ESPN
4.12064169149413e-16	0.111260483826398	0.266	0.167	8.07934216451255e-12	pLOF	PIGR
4.15473474521752e-16	0.0979500990108752	0.309	0.206	8.146188414948e-12	pLOF	LYPLA2
4.31008976878046e-16	0.0766901188428979	0.53	0.408	8.45079300964785e-12	pLOF	TP73
4.34207684008391e-16	0.103133805361234	0.281	0.179	8.51351006035253e-12	pLOF	DPH2
4.39375519646153e-16	0.0840108132962245	0.522	0.403	8.61483581370213e-12	pLOF	POLR2B
4.46175980432921e-16	0.0576988589946744	0.388	0.312	8.74817244834828e-12	pLOF	CDCP1
4.57997553356652e-16	0.058112715076115	0.81	0.74	8.97995802866387e-12	pLOF	SLC47A1
4.59742054910973e-16	0.0967037307252359	0.228	0.144	9.01416247063944e-12	pLOF	DMRT2
4.61832652477527e-16	0.0926489442405531	0.54	0.431	9.05515281712687e-12	pLOF	TLR3
4.80552550315997e-16	0.107193485754969	0.466	0.343	9.42219385404574e-12	pLOF	KATNAL2
4.97473271892585e-16	0.0774687121286493	0.666	0.561	9.75395844199792e-12	pLOF	NUDCD3
5.16369441861999e-16	0.113369997574934	0.358	0.241	1.01244556465882e-11	pLOF	EIF1AD
5.24911474338545e-16	0.126440976124988	0.098	0.047	1.02919392773558e-11	pLOF	NPB
5.29389393814822e-16	0.0888880287422765	0.506	0.382	1.03797378445272e-11	pLOF	C8orf37
5.86412066526879e-16	0.105146867768527	0.303	0.201	1.14977813883925e-11	pLOF	MRPS18C
5.8744666181964e-16	0.0757251489835269	0.481	0.366	1.15180666982977e-11	pLOF	PROSER3
5.97010449811958e-16	0.0971634769278449	0.609	0.49	1.17055838894631e-11	pLOF	SPRED1
6.11796805594863e-16	0.0622057399104669	0.664	0.549	1.19954999672985e-11	pLOF	CSGALNACT1
6.19842144371309e-16	0.126769258355113	0.273	0.166	1.21532449246882e-11	pLOF	BIK
6.24523600632702e-16	0.0854972871877892	0.485	0.373	1.22450342376054e-11	pLOF	TRIM52
6.24917920749979e-16	0.0845424089274676	0.505	0.381	1.22527656721448e-11	pLOF	RIPK2
6.40658240346618e-16	0.0951024981529643	0.539	0.416	1.25613861184761e-11	pLOF	KRBOX1
6.49415892465475e-16	0.066117534728391	0.54	0.439	1.27330974035706e-11	pLOF	EIF4EBP3
6.76555768382527e-16	0.0725558908871105	0.572	0.456	1.32652289506762e-11	pLOF	NPRL3
6.81808570129831e-16	0.106379476883817	0.321	0.226	1.33682206345356e-11	pLOF	TNFAIP6
6.87025710760771e-16	0.0766209783987524	0.601	0.498	1.34705131108864e-11	pLOF	TUBGCP2
6.92182837037998e-16	0.112312620697306	0.066	0.031	1.3571628885804e-11	pLOF	CLDN25
7.15450905996501e-16	0.114073305218005	0.052	0.021	1.40278459138734e-11	pLOF	AC109344.1
7.64674684977385e-16	0.0561897154714205	0.76	0.684	1.49929765483516e-11	pLOF	TUBA4A
7.76076640509971e-16	0.120671169643963	0.287	0.183	1.5216534690479e-11	pLOF	TCEB3
7.86474839182806e-16	0.0756952913300696	0.446	0.327	1.54204121718573e-11	pLOF	PPP2R3B
7.99758947838887e-16	0.0649226105217723	0.695	0.587	1.56808736902771e-11	pLOF	TRERF1
8.09612069020359e-16	0.061552671957263	0.768	0.671	1.58740638372822e-11	pLOF	OCA2
8.23111945817571e-16	0.0912825191977096	0.097	0.057	1.61387559216451e-11	pLOF	LRRC3
8.37091113852898e-16	0.0877725049239765	0.352	0.24	1.64128454693138e-11	pLOF	DOK1
9.43608893353926e-16	0.129731642911233	0.146	0.076	1.85013395719904e-11	pLOF	FCN3
9.63685535085563e-16	0.108254244228088	0.157	0.088	1.88949822864226e-11	pLOF	TRIM50
1.01049970922521e-15	0.121163271347462	0.339	0.222	1.98128677987787e-11	pLOF	TPBG
1.0608479593192e-15	0.0963348321974648	0.544	0.432	2.08000459383715e-11	pLOF	CTSH
1.07330873027108e-15	0.143874698913834	0.306	0.192	2.10443642744251e-11	pLOF	SLC26A8
1.08068749106276e-15	0.0991939482810427	0.32	0.214	2.11890396372676e-11	pLOF	UBASH3A
1.15727347637123e-15	0.112819029359343	0.252	0.162	2.26906610512107e-11	pLOF	SULT1A1
1.16282920213572e-15	0.0562356133812979	0.678	0.584	2.27995921662751e-11	pLOF	IRF2
1.24396362441007e-15	0.109942080284986	0.201	0.123	2.43903947838082e-11	pLOF	BGN
1.26669295863873e-15	0.0932188604710626	0.268	0.179	2.48360488400296e-11	pLOF	CLDN7
1.34175469661922e-15	0.115926691532469	0.349	0.237	2.6307784336613e-11	pLOF	HIST2H2AB
1.36957295016115e-15	0.0694640590795462	0.524	0.413	2.68532168338096e-11	pLOF	DDX11
1.39096072995557e-15	0.106956877018934	0.3	0.192	2.72725670322388e-11	pLOF	ATP6V0B
1.49183795585886e-15	0.0876909769828165	0.466	0.352	2.92504668005246e-11	pLOF	NUDT2
1.54839033336204e-15	0.0716449779914229	0.679	0.584	3.03592892662296e-11	pLOF	RAB31
1.83379551412142e-15	0.0709703510205845	0.701	0.584	3.59552286453786e-11	pLOF	FER1L6
1.89561210624997e-15	0.115836426479619	0.378	0.251	3.71672665672431e-11	pLOF	NRG4
1.93504984026189e-15	0.124569782182709	0.229	0.137	3.79405222180148e-11	pLOF	EGFL6
1.95884972373566e-15	0.0609024256339447	0.806	0.729	3.84071665332852e-11	pLOF	RGS12
1.98399563312903e-15	0.150174299771545	0.104	0.048	3.89002023787608e-11	pLOF	MBL2
2.13978244981783e-15	0.101162381745746	0.573	0.446	4.19547144935782e-11	pLOF	ITM2B
2.2359970498068e-15	0.127168800542611	0.204	0.115	4.3841194155562e-11	pLOF	ODF3L1
2.25493946879747e-15	0.111231672065578	0.26	0.174	4.4212598164712e-11	pLOF	MBOAT4
2.289349829852e-15	0.0788075808750618	0.438	0.336	4.48872821139081e-11	pLOF	WDR55
2.31863218925291e-15	0.0863524570160579	0.503	0.382	4.54614213346818e-11	pLOF	TTI2
2.38451381046338e-15	0.0693951306616094	0.673	0.562	4.67531622817554e-11	pLOF	FAM160A1
2.4031967929344e-15	0.108494429447703	0.164	0.1	4.71194795190647e-11	pLOF	RP11-134F2.8
2.44684875268256e-15	0.109352981615212	0.238	0.146	4.79753634938469e-11	pLOF	MED8
2.45223602163826e-15	0.0684598800865117	0.625	0.54	4.80809916762613e-11	pLOF	LBR
2.48830796887729e-15	0.100582825826231	0.445	0.325	4.8788254345777e-11	pLOF	RAB12
2.50358679416567e-15	0.0853641673761161	0.598	0.498	4.90878262732063e-11	pLOF	SH3BP5L
2.54770630763575e-15	0.084227628489403	0.541	0.43	4.99528775738142e-11	pLOF	PPOX
2.58569816828513e-15	0.0949681599811384	0.309	0.209	5.06977839855666e-11	pLOF	KIAA2013
2.6858709328025e-15	0.122444335966554	0.339	0.221	5.26618713794586e-11	pLOF	CEP44
3.08752676811754e-15	0.0850633650311653	0.48	0.361	6.05371373424805e-11	pLOF	HMSD
3.09660861240118e-15	0.08757035066192	0.424	0.302	6.071520506335e-11	pLOF	PUSL1
3.16086176681379e-15	0.117426732532517	0.154	0.086	6.1975016661918e-11	pLOF	SNAI2
3.30348419595479e-15	0.122077355680609	0.229	0.133	6.47714146300855e-11	pLOF	CA14
3.46963993672909e-15	0.131633790323796	0.186	0.103	6.80292302394472e-11	pLOF	SFTPC
3.48651193111146e-15	0.0991434221192298	0.469	0.345	6.83600394333024e-11	pLOF	TLL1
3.75111430185896e-15	0.0876783858509345	0.311	0.213	7.35480981165487e-11	pLOF	SERPING1
3.77633653756971e-15	0.0806327854469635	0.574	0.461	7.40426304921292e-11	pLOF	SLC9B1
3.83062490479546e-15	0.111456096590272	0.376	0.255	7.51070625083247e-11	pLOF	SLC5A9
3.88540743363853e-15	0.108834992815129	0.231	0.142	7.61811835513506e-11	pLOF	MRPL20
3.93694579050074e-15	0.0789916858542605	0.488	0.373	7.71916961143479e-11	pLOF	GUCY1B3
3.99720460439674e-15	0.0976014539350779	0.411	0.288	7.83731906784069e-11	pLOF	OSCP1
4.02277063417177e-15	0.0833562289940104	0.513	0.396	7.8874463824206e-11	pLOF	MMAA
4.07351624811705e-15	0.0839412396966758	0.466	0.358	7.98694330768310e-11	pLOF	NADK
4.12031275303948e-15	0.101650339541284	0.18	0.118	8.07869721488451e-11	pLOF	TXLNB
4.14225014223562e-15	0.0804748077698653	0.597	0.478	8.12170985388137e-11	pLOF	GPA33
4.23469489118956e-15	0.104861427198969	0.167	0.117	8.30296627315536e-11	pLOF	ABCA6
4.28886143131349e-15	0.0965794015751602	0.331	0.239	8.40917060837635e-11	pLOF	NTSR1
4.64548631212999e-15	0.082405825437546	0.49	0.366	9.10840501219328e-11	pLOF	BSDC1
4.7289219488117e-15	0.073522558587101	0.466	0.358	9.2719972650351e-11	pLOF	PLEKHG4
4.91675973341753e-15	0.115060905432317	0.109	0.054	9.64029080931175e-11	pLOF	GNMT
4.93726343522701e-15	0.116005022967663	0.322	0.218	9.68049241744959e-11	pLOF	CHIC1
5.08963711453027e-15	0.0805282915481977	0.465	0.341	9.9792514904595e-11	pLOF	DDA1
5.09813277894117e-15	0.0962069125138467	0.521	0.39	9.99590893966995e-11	pLOF	DNAJC11
5.20782173247575e-15	0.0650681452078894	0.531	0.418	1.02109760708652e-10	pLOF	BSCL2
5.23152134179782e-15	0.0720250944545493	0.653	0.547	1.0257443894863e-10	pLOF	CAB39L
5.38002655838367e-15	0.101148806805261	0.484	0.367	1.05486180730229e-10	pLOF	SCML4
5.39996254291305e-15	0.118862843170729	0.142	0.082	1.05877065578896e-10	pLOF	LRRC52
5.40945652092063e-15	0.0747347523861823	0.582	0.478	1.06063214005691e-10	pLOF	ECHDC2
5.45890176779826e-15	0.0551643811344121	0.74	0.666	1.0703268696122e-10	pLOF	GLIS2
5.49656377084682e-15	0.0659813960361844	0.594	0.47	1.07771125854994e-10	pLOF	XKR6
5.5165264032907e-15	0.0771572174869251	0.459	0.341	1.08162533189321e-10	pLOF	TMEM201
5.54268938337189e-15	0.113504043069692	0.183	0.106	1.08675510739773e-10	pLOF	EGR3
5.55379935476578e-15	0.0734264911890764	0.726	0.66	1.08893343948893e-10	pLOF	ARHGAP29
5.72435337639658e-15	0.0757956120479378	0.614	0.499	1.12237396651008e-10	pLOF	ARHGAP31
5.87155441023273e-15	0.0725820548085593	0.477	0.36	1.15123567321433e-10	pLOF	CDCA8
5.89413572254661e-15	0.102732934775306	0.357	0.24	1.15566319111971e-10	pLOF	MAGIX
5.97877248195348e-15	0.0886790097153027	0.455	0.342	1.17225792053662e-10	pLOF	YTHDC1
6.39045885133595e-15	0.0936303700475453	0.321	0.223	1.25297726698144e-10	pLOF	IDO2
6.57153226055904e-15	0.0916519856399043	0.315	0.22	1.28848033032781e-10	pLOF	KCNH3
6.60214136967423e-15	0.0530099988420961	0.751	0.678	1.29448185835203e-10	pLOF	DCUN1D4
6.72031244644818e-15	0.122563127697415	0.218	0.131	1.3176516613751e-10	pLOF	NCF4
7.35352318463044e-15	0.0775377565650134	0.554	0.435	1.44180529081049e-10	pLOF	C1RL
7.45211974595837e-15	0.0619712394917247	0.693	0.605	1.46113711859006e-10	pLOF	CLSTN3
7.59437801971042e-15	0.0962056842776324	0.286	0.209	1.48902969832462e-10	pLOF	SLITRK5
7.86318286236824e-15	0.0601975168727655	0.683	0.582	1.54173426382454e-10	pLOF	U2AF2
7.99671719339193e-15	0.078137925258196	0.479	0.369	1.56791634010836e-10	pLOF	FBXO5
8.14151308492264e-15	0.0904043954361401	0.507	0.394	1.59630647056078e-10	pLOF	RAB17
8.14748237917451e-15	0.0872449996478235	0.333	0.221	1.59747687008475e-10	pLOF	NXPH4
8.15173598591019e-15	0.0794238657779742	0.683	0.59	1.59831087475741e-10	pLOF	PPP1R21
8.42503609465627e-15	0.0846969979200222	0.527	0.41	1.65189682707926e-10	pLOF	RBM8A
8.43782509770468e-15	0.0997209403171165	0.416	0.299	1.65440436690696e-10	pLOF	KIF20A
8.61066478315327e-15	0.11912307795806	0.259	0.161	1.68829304403286e-10	pLOF	MED18
8.64814036729231e-15	0.108497345905131	0.307	0.201	1.695640881815e-10	pLOF	PLRG1
8.82443639770888e-15	0.0838704406792137	0.162	0.115	1.73020724449878e-10	pLOF	EIF4E1B
9.40647231266559e-15	0.0544080289858672	0.839	0.799	1.84432702634434e-10	pLOF	SVIL
9.69350165172426e-15	0.0809042807681457	0.351	0.24	1.90060486885358e-10	pLOF	MIIP
9.87744058781354e-15	0.0712010332069429	0.638	0.507	1.9366697760526e-10	pLOF	DNAJC5B
1.09935085094409e-14	0.0984892189487283	0.443	0.324	2.15549721344609e-10	pLOF	AVPR1B
1.12835650457619e-14	0.0879860621211237	0.438	0.316	2.21236859852253e-10	pLOF	MECR
1.16767203254078e-14	0.0678052343246874	0.546	0.432	2.28945455420271e-10	pLOF	HNRNPD
1.17287260017206e-14	0.0828586661753644	0.525	0.413	2.29965130715735e-10	pLOF	DIO1
1.17442326962434e-14	0.0632469911546215	0.763	0.683	2.30269170475245e-10	pLOF	SGK1
1.17682052526663e-14	0.0854431335989335	0.408	0.295	2.30739200389028e-10	pLOF	AZIN2
1.1946664117863e-14	0.103695378420873	0.417	0.29	2.34238243358939e-10	pLOF	PNPLA1
1.2247221962349e-14	0.101477371488405	0.412	0.289	2.40131281015777e-10	pLOF	CCDC124
1.33754016604802e-14	0.086488824524776	0.487	0.364	2.62251500357035e-10	pLOF	PLEKHM2
1.35046118023416e-14	0.0785615141041527	0.594	0.484	2.64784923608511e-10	pLOF	VAPA
1.49495205168556e-14	0.0685247731221469	0.577	0.46	2.93115248773987e-10	pLOF	PTP4A2
1.49796430398354e-14	0.118927090445358	0.331	0.212	2.93705861082052e-10	pLOF	SLC9B2
1.51338656307884e-14	0.0678258209108135	0.62	0.532	2.96729703422868e-10	pLOF	SHMT1
1.58779983678545e-14	0.0881635865635993	0.367	0.258	3.11319913998523e-10	pLOF	RWDD4
1.59350486056902e-14	0.119424288909824	0.208	0.119	3.12438498011768e-10	pLOF	SLC15A3
1.6203052570682e-14	0.0535375288253286	0.813	0.736	3.17693251753361e-10	pLOF	PKM
1.69130113326575e-14	0.119863097227158	0.332	0.215	3.31613413199416e-10	pLOF	METTL18
1.69235349551397e-14	0.090391741201006	0.446	0.329	3.31819749865425e-10	pLOF	ATF4
1.71734316677571e-14	0.101590015291339	0.28	0.183	3.36719474709714e-10	pLOF	SLC2A7
1.73771058262083e-14	0.0953425699127338	0.448	0.328	3.40712913934466e-10	pLOF	TBP
1.78052508973243e-14	0.0771002954576336	0.546	0.443	3.49107554343838e-10	pLOF	CHST13
1.98664027123332e-14	0.0718409970274874	0.601	0.493	3.89520557980717e-10	pLOF	KAT6A
2.17692281656905e-14	0.0925320237812268	0.439	0.318	4.26829256644694e-10	pLOF	ZCCHC17
2.30359412645641e-14	0.122756424744951	0.2	0.125	4.51665700374308e-10	pLOF	RTP4
2.39860641261259e-14	0.0922808595642126	0.398	0.282	4.70294759320951e-10	pLOF	AGA
2.41643737519136e-14	0.0712932364486584	0.539	0.431	4.73790876153769e-10	pLOF	TMEM69
2.43663665255746e-14	0.132420624698141	0.232	0.145	4.77751348466941e-10	pLOF	HAL
2.47798984372139e-14	0.0916461221024649	0.449	0.34	4.85859468658453e-10	pLOF	FAM49A
2.47898347472267e-14	0.121036649529226	0.139	0.073	4.86054289888874e-10	pLOF	PRR35
2.49745233905272e-14	0.116729225908326	0.148	0.08	4.89675480118067e-10	pLOF	AREG
2.66804255939882e-14	0.113798067533565	0.28	0.176	5.23123104621327e-10	pLOF	PEAR1
2.69197365157798e-14	0.103230681177442	0.304	0.192	5.27815273864895e-10	pLOF	C2CD4D
2.77618144169429e-14	0.076659438942018	0.552	0.44	5.44325895273e-10	pLOF	C15orf39
2.81312891453238e-14	0.0780497534835986	0.436	0.325	5.51570186272364e-10	pLOF	GTF2E1
2.81473698465458e-14	0.0601745875300199	0.791	0.68	5.51885480581224e-10	pLOF	LTBP1
2.87451943291808e-14	0.107191414749507	0.374	0.266	5.63607025212248e-10	pLOF	TUBA8
2.91051117897411e-14	0.132626628099315	0.082	0.037	5.70663926861454e-10	pLOF	STAR
2.92102037447843e-14	0.0698704147273351	0.602	0.495	5.72724464823986e-10	pLOF	MEX3C
3.17427650716434e-14	0.073859363116571	0.644	0.556	6.22380394759711e-10	pLOF	FRMPD2
3.2610984984099e-14	0.0508078110614367	0.772	0.709	6.3940358258323e-10	pLOF	ATP6V0D1
3.49628327069634e-14	0.0999241010868054	0.248	0.156	6.85516260885431e-10	pLOF	PLXNA3
3.70797900968775e-14	0.120458014461902	0.328	0.215	7.27023444429477e-10	pLOF	SLC23A3
3.75823126189866e-14	0.072849290946161	0.593	0.478	7.3687640352047e-10	pLOF	SLC26A7
3.82379218139202e-14	0.0996461579144644	0.385	0.267	7.49730933005533e-10	pLOF	NMNAT1
3.87442268276576e-14	0.11552508101607	0.169	0.103	7.59658055409882e-10	pLOF	PLEKHO1
4.16053608050359e-14	0.0849229435551158	0.677	0.564	8.15756309304338e-10	pLOF	BCL2L13
4.25334158082006e-14	0.0967491140789525	0.311	0.219	8.3395268375139e-10	pLOF	PALMD
4.3236291110362e-14	0.0894998830624948	0.382	0.269	8.47733959800868e-10	pLOF	MAP1LC3B2
4.36346417802179e-14	0.0824667001248525	0.551	0.429	8.55544421384732e-10	pLOF	SYTL2
4.47242584752304e-14	0.084650612975361	0.412	0.3	8.76908535923842e-10	pLOF	YTHDF2
4.58290990363599e-14	0.0758765394703299	0.513	0.4	8.98571144805909e-10	pLOF	TXNDC12
4.74209204222563e-14	0.0873640455453369	0.368	0.266	9.2978198671918e-10	pLOF	SLC29A3
4.7470139044698e-14	0.120662446904141	0.126	0.066	9.30747016249394e-10	pLOF	IRF4
4.84427946237397e-14	0.0564460172609903	0.786	0.693	9.49817874187665e-10	pLOF	COL14A1
4.88284888159563e-14	0.0818898142362934	0.417	0.301	9.57380180214454e-10	pLOF	SMIM1
4.94287486950163e-14	0.111802373597025	0.263	0.164	9.69149475663184e-10	pLOF	SIRT6
4.96014582505653e-14	0.108402542503071	0.063	0.03	9.72535791918833e-10	pLOF	ZNF705G
5.15487124367876e-14	0.0886181859999634	0.285	0.192	1.01071560474809e-09	pLOF	AKAP17A
5.20634312707592e-14	0.135806686000248	0.177	0.101	1.02080769692577e-09	pLOF	RENBP
5.21554250734373e-14	0.125008307097107	0.157	0.087	1.02261141941488e-09	pLOF	AC104650.1
5.23442217323294e-14	0.0749577298622008	0.834	0.738	1.02631315550578e-09	pLOF	LIMCH1
5.31388842260361e-14	0.0559725852210023	0.682	0.598	1.04189410301989e-09	pLOF	SYNCRIP
5.32663918337116e-14	0.067370229231474	0.516	0.406	1.04439414468358e-09	pLOF	C21orf2
5.37782271014753e-14	0.118023788361467	0.226	0.139	1.05442969877863e-09	pLOF	UBE2QL1
5.43057701638325e-14	0.1065408887753	0.332	0.213	1.06477323560226e-09	pLOF	LY6G5C
5.94248086952455e-14	0.0512456198296464	0.891	0.841	1.16514222408768e-09	pLOF	TBC1D22A
6.13652299046658e-14	0.0834705649993511	0.537	0.416	1.20318806274078e-09	pLOF	PLCD3
6.2664472513665e-14	0.131654747601092	0.169	0.097	1.22866231257543e-09	pLOF	TMEM200C
6.27004880290022e-14	0.0866597520694227	0.546	0.42	1.22936846878465e-09	pLOF	RPL22
6.37893971007324e-14	0.0648101047716846	0.502	0.395	1.25071870895406e-09	pLOF	PRIMPOL
6.52844259752958e-14	0.0858764730130704	0.396	0.287	1.28003174009763e-09	pLOF	AEN
6.65380633300807e-14	0.0878438066200649	0.493	0.38	1.30461180771289e-09	pLOF	STRIP1
6.88723266051385e-14	0.0694056363206522	0.605	0.502	1.35037970774695e-09	pLOF	KDM8
6.91278709173583e-14	0.113306495164474	0.239	0.146	1.35539016507664e-09	pLOF	STX11
7.04377088383322e-14	0.102872256147826	0.411	0.297	1.38107215719318e-09	pLOF	BID
7.2718877688659e-14	0.0738274375220992	0.619	0.52	1.42579903484154e-09	pLOF	MCCC1
7.39727895077749e-14	0.0798049989893173	0.628	0.531	1.45038448387894e-09	pLOF	SNX27
7.40895068640737e-14	0.107265963096018	0.312	0.206	1.45267296108389e-09	pLOF	DMAP1
7.50954354655517e-14	0.12447435593462	0.297	0.193	1.47239620317307e-09	pLOF	APOL6
7.82138053375475e-14	0.0981807681366972	0.389	0.279	1.53353808125329e-09	pLOF	UBE2L6
8.02238083524471e-14	0.100441212486992	0.435	0.31	1.57294821036643e-09	pLOF	NKAIN1
8.21202723666105e-14	0.0727283014994676	0.446	0.327	1.61013218029213e-09	pLOF	SLC1A7
8.36271905177499e-14	0.0682003694073168	0.654	0.569	1.63967832448152e-09	pLOF	RORC
8.40893607048447e-14	0.0934410558219771	0.499	0.39	1.64874009533989e-09	pLOF	IL1R2
8.48344808640402e-14	0.0755598758072523	0.544	0.439	1.66334966630124e-09	pLOF	NSMCE1
8.80547493643066e-14	0.0725679009715119	0.597	0.499	1.72648947078596e-09	pLOF	EFNA3
8.92735180075615e-14	0.0612424788809748	0.63	0.515	1.75038586757426e-09	pLOF	ARPC1B
9.45291176974836e-14	0.0985681055442094	0.434	0.315	1.85343241069456e-09	pLOF	SOX4
9.50544482909123e-14	0.129849603765196	0.276	0.173	1.86373256763992e-09	pLOF	PGPEP1L
9.69686602395284e-14	0.101154204531727	0.355	0.25	1.90126452131643e-09	pLOF	ECHDC3
1.01595443478515e-13	0.118216611730668	0.321	0.205	1.99198186028325e-09	pLOF	NCSTN
1.04292864975896e-13	0.0698576853651815	0.533	0.427	2.0448702035824e-09	pLOF	TBC1D9B
1.06133999128493e-13	0.112626144291831	0.343	0.225	2.08096932091236e-09	pLOF	IL17D
1.0883540281333e-13	0.059845168349473	0.666	0.562	2.13393574296096e-09	pLOF	RSPH1
1.12656962827775e-13	0.0559000334517912	0.646	0.553	2.20886507016419e-09	pLOF	VIM
1.13332364030449e-13	0.0846664719078044	0.376	0.272	2.22210766154501e-09	pLOF	MAPK8IP1
1.19336305606941e-13	0.0692028946042256	0.608	0.516	2.33982694403529e-09	pLOF	NUAK2
1.2242506651987e-13	0.0867458278728687	0.633	0.534	2.40038827925509e-09	pLOF	AGXT2
1.25098522513441e-13	0.0592325877439832	0.729	0.629	2.45280673092104e-09	pLOF	GDF15
1.32581826602405e-13	0.114637041511908	0.205	0.127	2.59953187419336e-09	pLOF	MAP9
1.32947223045259e-13	0.0934700436409217	0.225	0.142	2.60669620224838e-09	pLOF	SFTA2
1.33356780635147e-13	0.0836459493509989	0.413	0.297	2.61472639791332e-09	pLOF	YBX1
1.37226374101115e-13	0.0799846505341357	0.6	0.5	2.69059751700056e-09	pLOF	MIPEP
1.37545384720851e-13	0.119046007981254	0.178	0.098	2.69685235822173e-09	pLOF	BHLHA15
1.38872864758335e-13	0.0735957318311535	0.527	0.42	2.72288025931667e-09	pLOF	GNAZ
1.398246413152e-13	0.110923524069501	0.293	0.194	2.74154174226713e-09	pLOF	PGA5
1.46322765970635e-13	0.0909634924904577	0.51	0.394	2.86895047238624e-09	pLOF	RIOK3
1.46522637812551e-13	0.0566681034258731	0.642	0.556	2.87286935959069e-09	pLOF	HMBOX1
1.46933797272885e-13	0.063155465929835	0.65	0.555	2.88093096312945e-09	pLOF	PRKAB1
1.53220414309763e-13	0.0935224474896513	0.274	0.185	3.00419266337152e-09	pLOF	CORO6
1.58639437481943e-13	0.093126412125327	0.4	0.287	3.11044345070845e-09	pLOF	FAM182B
1.60315021743633e-13	0.0691323691347658	0.501	0.397	3.1432966313274e-09	pLOF	GNAS
1.73485758191894e-13	0.119242533295179	0.381	0.257	3.40153526086848e-09	pLOF	MRPS11
1.80751342308156e-13	0.0852536522098715	0.282	0.181	3.54399156863602e-09	pLOF	CLCNKB
1.83022463758254e-13	0.0896732623469337	0.503	0.385	3.58852144690809e-09	pLOF	KDELC1
1.86051709631601e-13	0.117603065895828	0.254	0.157	3.6479158707468e-09	pLOF	ARMC12
1.87853999809289e-13	0.0874642691118677	0.491	0.356	3.68325337426073e-09	pLOF	FBXO32
1.88354328445759e-13	0.120294536133878	0.298	0.194	3.693063317836e-09	pLOF	CFI
1.95467642782931e-13	0.0649196731048279	0.537	0.432	3.83253407204492e-09	pLOF	NCS1
2.01211705147546e-13	0.0935448119039522	0.435	0.312	3.94515790282793e-09	pLOF	C1orf167
2.19208893560283e-13	0.111787366104564	0.272	0.182	4.29802877603647e-09	pLOF	IRGM
2.21773918464703e-13	0.0847564416299732	0.503	0.392	4.34832121933744e-09	pLOF	PAPSS2
2.22032724746662e-13	0.109128958261046	0.256	0.159	4.3533956341078e-09	pLOF	POLB
2.29589241281072e-13	0.0718849410568114	0.546	0.45	4.50155625379798e-09	pLOF	AHR
2.3623684104464e-13	0.0730122783411484	0.503	0.401	4.63189574236225e-09	pLOF	MAU2
2.39428290846528e-13	0.0918938224401608	0.06	0.03	4.69447049862787e-09	pLOF	PCDHB16
2.44994389683239e-13	0.0711951658399318	0.595	0.491	4.80360499851926e-09	pLOF	FGFRL1
2.64833460711863e-13	0.0870427459914758	0.392	0.282	5.19258966417749e-09	pLOF	C4orf33
2.71317097546934e-13	0.100452701436047	0.515	0.386	5.31971433160273e-09	pLOF	GPC4
2.94655413052722e-13	0.0916723221852391	0.365	0.258	5.77730868372473e-09	pLOF	HLA-E
2.96595674542308e-13	0.0865085714447822	0.438	0.323	5.81535139075104e-09	pLOF	CYBA
3.08410570931142e-13	0.0912642905966675	0.453	0.336	6.04700606424691e-09	pLOF	PSMB1
3.12028196573274e-13	0.112150009418942	0.193	0.118	6.11793685021218e-09	pLOF	AC104304.4
3.16360606024834e-13	0.0795061812851328	0.412	0.304	6.20288240232891e-09	pLOF	COX18
3.26296513548848e-13	0.122229562532954	0.191	0.116	6.39769574115225e-09	pLOF	SFTPB
3.35955892693245e-13	0.115355450366363	0.086	0.041	6.58708718803646e-09	pLOF	ETV3L
3.42165202858764e-13	0.0830440380632858	0.461	0.341	6.70883313245179e-09	pLOF	PEX10
3.43906524432404e-13	0.083582529943237	0.528	0.416	6.74297522454615e-09	pLOF	RCBTB2
3.4653124066944e-13	0.104269117220415	0.381	0.266	6.79443803580571e-09	pLOF	CXorf38
3.73575172314193e-13	0.119787224159049	0.171	0.094	7.32468840356438e-09	pLOF	FIBIN
3.84645386152665e-13	0.108197771854261	0.249	0.159	7.54174208629531e-09	pLOF	ZNF330
3.99080745319911e-13	0.113991283663286	0.44	0.319	7.8247761734875e-09	pLOF	TTC22
4.49378437185659e-13	0.105918467202738	0.452	0.322	8.81096301789921e-09	pLOF	C1orf204
4.54105076892399e-13	0.0732245470362148	0.659	0.558	8.90363824262926e-09	pLOF	ATP6V0A1
5.01189541422539e-13	0.110130635837466	0.201	0.134	9.82682333867173e-09	pLOF	SLC36A2
5.05899048378542e-13	0.0873547694594314	0.522	0.41	9.91916264155808e-09	pLOF	ECH1
5.09246543898331e-13	0.0985816652806225	0.179	0.105	9.98479698621458e-09	pLOF	DLX4
5.15934897303494e-13	0.119326530936332	0.241	0.144	1.01159355314296e-08	pLOF	NAA10
5.3413249324725e-13	0.0626512872064729	0.564	0.463	1.04727357950988e-08	pLOF	FDFT1
5.36427929071793e-13	0.0555057766745615	0.819	0.744	1.05177424053107e-08	pLOF	C9
5.49596377616551e-13	0.103907161230857	0.344	0.231	1.07759361759277e-08	pLOF	APITD1
6.00728945862113e-13	0.0923356095517319	0.48	0.364	1.17784924415184e-08	pLOF	SPRY1
6.1325391627781e-13	0.117375712537451	0.278	0.177	1.2024069536459e-08	pLOF	PEX12
6.2221856040992e-13	0.0828043350723232	0.579	0.455	1.21998393139573e-08	pLOF	IGSF21
6.71536702301601e-13	0.121814981191272	0.214	0.128	1.31668201220275e-08	pLOF	DLX2
7.15083311220863e-13	0.0629153933536784	0.638	0.521	1.40206384831075e-08	pLOF	FOXJ3
7.20535974003407e-13	0.101996860528868	0.098	0.049	1.41275488422848e-08	pLOF	ZNF426
7.31901459292629e-13	0.0952661221008552	0.424	0.305	1.43503919123506e-08	pLOF	SMC1A
7.37315814876994e-13	0.0843678554305611	0.529	0.413	1.44565511822932e-08	pLOF	POLI
7.57936151076797e-13	0.114168109591835	0.309	0.197	1.48608541141628e-08	pLOF	TM4SF18
7.80360985607648e-13	0.10159617232517	0.309	0.195	1.53005378448092e-08	pLOF	PRELP
7.81535649836382e-13	0.138871438194488	0.141	0.07	1.53235694863419e-08	pLOF	C3orf30
7.8264833880354e-13	0.111865548854614	0.261	0.166	1.5345385978921e-08	pLOF	OSTC
7.85046214207245e-13	0.0790413099091821	0.584	0.481	1.53924011219615e-08	pLOF	TMEM79
7.87948078615631e-13	0.11780381953761	0.382	0.262	1.54492979774167e-08	pLOF	AGMAT
7.94233279789952e-13	0.110896917907717	0.312	0.201	1.55725319168416e-08	pLOF	HAX1
7.9629504186793e-13	0.0897233374038999	0.401	0.282	1.56129568859045e-08	pLOF	C1orf123
8.18099713970167e-13	0.117850982547693	0.168	0.095	1.60404810918131e-08	pLOF	KRT10
8.41345862558206e-13	0.0820893340395814	0.408	0.294	1.64962683271787e-08	pLOF	GAP43
8.77343830266657e-13	0.102094779576411	0.389	0.276	1.72020804800384e-08	pLOF	POP4
8.84090216476987e-13	0.118535244716584	0.284	0.177	1.73343568744643e-08	pLOF	BMP8B
9.09186996915532e-13	0.0741420809775108	0.319	0.236	1.78264294485228e-08	pLOF	NRN1
9.23905933466142e-13	0.0632712059673022	0.829	0.742	1.81150236374707e-08	pLOF	KCNS3
9.25884741711262e-13	0.120149866188203	0.2	0.114	1.81538221307327e-08	pLOF	GPX8
9.30660184376178e-13	0.106938518151362	0.302	0.201	1.82474542350637e-08	pLOF	QTRT1
9.50369043152795e-13	0.107044511736009	0.28	0.184	1.86338858290969e-08	pLOF	UBXN8
9.56964301873754e-13	0.0969866408532292	0.291	0.192	1.87631990668387e-08	pLOF	MAPK11
1.00726443828179e-12	0.0550259332151409	0.766	0.715	1.9749433841391e-08	pLOF	EHD1
1.02076050572094e-12	0.0738031955609648	0.489	0.366	2.00140512356704e-08	pLOF	KCNK9
1.07189199425999e-12	0.112482767754148	0.458	0.336	2.10165863314556e-08	pLOF	NUF2
1.11510212738464e-12	0.0546847352155729	0.702	0.635	2.18638074116307e-08	pLOF	ZBTB7A
1.17502171652461e-12	0.0603460058628646	0.651	0.572	2.30386507958981e-08	pLOF	AC037459.4
1.1998896359493e-12	0.0809395632255869	0.448	0.369	2.35262360920579e-08	pLOF	ST3GAL6
1.21453550553241e-12	0.0613300220800485	0.451	0.349	2.3813397656974e-08	pLOF	CLDND1
1.22496181155268e-12	0.102869266560065	0.351	0.248	2.40178262391135e-08	pLOF	PDILT
1.23631989947951e-12	0.0575585053610175	0.723	0.656	2.42405242690948e-08	pLOF	GATAD2B
1.27581909829261e-12	0.102714591147926	0.143	0.088	2.50149850602232e-08	pLOF	CASP1
1.36848484142772e-12	0.143563227243467	0.279	0.173	2.68318822858734e-08	pLOF	KCNV2
1.38757429964792e-12	0.0943794789138119	0.436	0.316	2.72061692931967e-08	pLOF	HSD17B11
1.45120010095881e-12	0.0830349023529907	0.298	0.184	2.84536803794994e-08	pLOF	PEG3
1.48871091396615e-12	0.0817136742077583	0.213	0.152	2.91891548901343e-08	pLOF	IFI27
1.48882247448745e-12	0.102522176943583	0.263	0.168	2.91913422572754e-08	pLOF	CLDN23
1.49420139603871e-12	0.117112058474049	0.188	0.114	2.9296806772131e-08	pLOF	RP11-310K10.1
1.51603677238152e-12	0.0690915356360177	0.725	0.638	2.97249329960845e-08	pLOF	DCUN1D3
1.53341978453947e-12	0.10569764530037	0.405	0.287	3.00657617154655e-08	pLOF	LAMP2
1.5444682209677e-12	0.116380489674254	0.249	0.162	3.02823884085137e-08	pLOF	RPL17
1.60650246163152e-12	0.0597643131633028	0.627	0.52	3.14986937652092e-08	pLOF	CERS4
1.65942640538979e-12	0.101227638859909	0.286	0.186	3.25363735304776e-08	pLOF	MEAF6
1.72433713564691e-12	0.0839737158055094	0.262	0.19	3.3809078218629e-08	pLOF	FCHSD1
1.79293575327032e-12	0.124310207277241	0.313	0.217	3.51540913143712e-08	pLOF	AP000769.1
1.82961374201829e-12	0.116380590780827	0.258	0.167	3.58732366397526e-08	pLOF	PPP1R32
1.88528034549821e-12	0.0717970317204328	0.48	0.368	3.69646917341833e-08	pLOF	USP38
1.92902828978324e-12	0.0740136227029269	0.614	0.504	3.782245767778e-08	pLOF	SETD7
2.09752797618497e-12	0.0944205147452874	0.33	0.233	4.11262310290588e-08	pLOF	SUPV3L1
2.14794071671016e-12	0.0565502435632215	0.503	0.41	4.21146736325361e-08	pLOF	AKNA
2.16700628677706e-12	0.0868453199630377	0.468	0.351	4.24884922648379e-08	pLOF	OCIAD1
2.18850471624552e-12	0.117040865525636	0.17	0.099	4.29100119714258e-08	pLOF	NDP
2.29565660260338e-12	0.0997880583694177	0.515	0.401	4.50109390072445e-08	pLOF	RNF115
2.30542544228171e-12	0.0682875211557364	0.523	0.409	4.52024766468174e-08	pLOF	POLR2I
2.3121925837861e-12	0.0760776754248964	0.596	0.495	4.5335159990294e-08	pLOF	MAP2K1
2.33900198105753e-12	0.0669593307422401	0.539	0.432	4.5860811842595e-08	pLOF	TTC39C
2.51689289962419e-12	0.0659762461427252	0.572	0.464	4.93487190829314e-08	pLOF	OTUD4
2.53703781037298e-12	0.107300637986937	0.508	0.379	4.9743700347983e-08	pLOF	GABPB1
2.53793382978445e-12	0.0966269642649615	0.444	0.328	4.97612686005837e-08	pLOF	BTN2A1
2.67620449282107e-12	0.0837085378576473	0.606	0.499	5.24723414907428e-08	pLOF	CERS2
2.69623523797226e-12	0.0718716309287256	0.627	0.528	5.28650843109222e-08	pLOF	IRAK2
2.7592372875564e-12	0.0531452448081252	0.834	0.753	5.41003654971184e-08	pLOF	RP11-437B10.1
2.76629817778194e-12	0.139562284410998	0.213	0.114	5.42388083717705e-08	pLOF	ZNF382
2.93182345418739e-12	0.0824972899005416	0.365	0.258	5.74842624662521e-08	pLOF	TPRG1L
3.03667077629882e-12	0.0939940814247707	0.223	0.141	5.95400039108909e-08	pLOF	ZFP3
3.08291450580356e-12	0.0871487146124221	0.336	0.24	6.04467047152903e-08	pLOF	UBB
3.27386282899324e-12	0.053687272849499	0.681	0.592	6.41906284880705e-08	pLOF	CAPN5
3.32199205112053e-12	0.069017940284466	0.575	0.453	6.51342981463202e-08	pLOF	RASSF5
3.34243564255141e-12	0.0587098286221545	0.672	0.553	6.55351356435055e-08	pLOF	TIAM1
3.46131315055543e-12	0.110334697231846	0.492	0.359	6.78659669429404e-08	pLOF	KIAA0196
3.46224588755364e-12	0.0573139947394281	0.642	0.544	6.78842551172642e-08	pLOF	CDK5RAP2
3.50816276119848e-12	0.0917517606364539	0.433	0.32	6.87845472588186e-08	pLOF	RPL17-C18orf32
3.84900134450488e-12	0.100771219175886	0.261	0.165	7.54673693617071e-08	pLOF	PPIH
3.94727802530879e-12	0.107800440720618	0.486	0.358	7.73942802422295e-08	pLOF	ZADH2
4.24638132559979e-12	0.0862592767086497	0.468	0.35	8.32587986510351e-08	pLOF	CYGB
4.41839895375949e-12	0.0866715896671134	0.407	0.292	8.66315482863623e-08	pLOF	RAB7B
4.46589292686492e-12	0.0825717699137878	0.49	0.369	8.75627626170404e-08	pLOF	ADCY10
4.65172648351723e-12	0.0857209714185886	0.418	0.305	9.12064011623224e-08	pLOF	REST
4.6939805664603e-12	0.0899814357899551	0.572	0.459	9.2034876966587e-08	pLOF	RGS5
4.9611396696976e-12	0.134774764694572	0.151	0.085	9.72730655037609e-08	pLOF	ADRA2A
5.00758250127519e-12	0.115991011675265	0.286	0.184	9.81836701025027e-08	pLOF	RPS27
5.27208865690269e-12	0.132279729805189	0.26	0.152	1.03369842295891e-07	pLOF	ZRSR2
5.32659120242797e-12	0.0671451738773983	0.576	0.476	1.04438473706005e-07	pLOF	USO1
5.37013431350171e-12	0.0983201598939381	0.111	0.073	1.05292223484828e-07	pLOF	CYP2C8
5.46864599497648e-12	0.0983125177283103	0.381	0.265	1.07223742023504e-07	pLOF	APITD1-CORT
5.82028474090747e-12	0.101752918094402	0.342	0.234	1.14118322914973e-07	pLOF	FAM187A
5.85448952793894e-12	0.121469929595586	0.313	0.211	1.14788976174299e-07	pLOF	CYP8B1
5.96685343017943e-12	0.105958676856235	0.257	0.162	1.16992095205528e-07	pLOF	SCNN1D
6.1890646620312e-12	0.068283285611913	0.362	0.27	1.21348990828446e-07	pLOF	KCNH2
6.62366658161932e-12	0.106373960682049	0.287	0.203	1.2987023066581e-07	pLOF	VIL1
6.68750263244682e-12	0.101493807835272	0.226	0.146	1.31121864114385e-07	pLOF	WNT4
6.7037653417216e-12	0.0872188434120051	0.38	0.268	1.31440727055135e-07	pLOF	CTD-2278I10.6
6.98899335212011e-12	0.0568893889802968	0.583	0.475	1.37033192655019e-07	pLOF	PARK7
7.1834850819093e-12	0.0770270667993505	0.617	0.52	1.40846592000996e-07	pLOF	FTH1
7.28286788644444e-12	0.0849580334694143	0.397	0.285	1.42795190649516e-07	pLOF	PCYT2
7.4567577487022e-12	0.0782510736831839	0.466	0.355	1.46204649178804e-07	pLOF	IRF7
7.53126888479356e-12	0.0937295433594958	0.336	0.238	1.47665589024147e-07	pLOF	C5orf47
7.59542244085733e-12	0.0645836019647667	0.49	0.396	1.4892344779789e-07	pLOF	CAPN10
7.70917965603969e-12	0.0671906077603897	0.586	0.485	1.5115388551597e-07	pLOF	KLHL6
8.23940216980943e-12	0.0915285599916247	0.199	0.13	1.61549958343454e-07	pLOF	CTD-2545M3.6
8.58682496075504e-12	0.0735466590244064	0.502	0.395	1.68361877005524e-07	pLOF	SLC25A33
8.759921491803e-12	0.100847582683892	0.344	0.235	1.71755780689781e-07	pLOF	CCDC103
9.33645292120231e-12	0.0502665798720443	0.608	0.513	1.83059832426014e-07	pLOF	EGLN2
9.55230067984575e-12	0.107816259058369	0.142	0.077	1.87291959429736e-07	pLOF	PYCARD
9.66461720340205e-12	0.0646146827936278	0.621	0.502	1.89494149507104e-07	pLOF	LDB2
1.02176472030972e-11	0.0544599092401536	0.786	0.717	2.00337408711126e-07	pLOF	BLOC1S5-TXNDC5
1.02349783218375e-11	0.0641150179540576	0.668	0.575	2.00677219956269e-07	pLOF	C2orf42
1.05502364666495e-11	0.0875124386487189	0.352	0.248	2.06858486401597e-07	pLOF	TNFSF9
1.11784374857555e-11	0.0661233874164602	0.57	0.458	2.19175623783208e-07	pLOF	CALM3
1.13375737630068e-11	0.0995723350141274	0.252	0.158	2.22295808771275e-07	pLOF	ZC4H2
1.14469466785714e-11	0.0950422953963492	0.498	0.39	2.24440283526749e-07	pLOF	ABCC2
1.16371393819945e-11	0.084730444974831	0.472	0.354	2.28169391862766e-07	pLOF	PRCD
1.18235728617938e-11	0.0726967304097386	0.264	0.189	2.31824793101191e-07	pLOF	ARC
1.20243042394063e-11	0.0709732156834716	0.469	0.357	2.3576053322204e-07	pLOF	MRPL54
1.22557437845047e-11	0.095768284960616	0.455	0.342	2.40298368382784e-07	pLOF	TMEM159
1.23053212928028e-11	0.0655327807581309	0.575	0.472	2.41270434587984e-07	pLOF	SMG9
1.26571594400192e-11	0.0553947172860055	0.697	0.621	2.48168925140457e-07	pLOF	PDZD8
1.2908921368463e-11	0.0977235756781005	0.612	0.507	2.53105221271454e-07	pLOF	INO80C
1.30173237620409e-11	0.0754636514925939	0.536	0.428	2.55230667002336e-07	pLOF	CNP
1.30539198816162e-11	0.0966938276531208	0.24	0.17	2.55948207118849e-07	pLOF	ZNF350
1.31548917586281e-11	0.0769513802998123	0.334	0.239	2.5792796271142e-07	pLOF	ZSCAN20
1.36914422611788e-11	0.0576418884305786	0.679	0.594	2.68448108414932e-07	pLOF	ORAI3
1.4171505022935e-11	0.127563752951445	0.133	0.071	2.77860698984687e-07	pLOF	TEX33
1.45851592801452e-11	0.0591759163417648	0.569	0.463	2.85971218005806e-07	pLOF	BOP1
1.50381221653199e-11	0.0683072344589323	0.668	0.578	2.94852461295428e-07	pLOF	CCND1
1.52886842580788e-11	0.0645261339710494	0.467	0.352	2.99765232248152e-07	pLOF	INPP5B
1.59996376131827e-11	0.0544314841937836	0.631	0.532	3.13704894681673e-07	pLOF	NR1D1
1.60404263388564e-11	0.119225483985583	0.214	0.133	3.14504639225957e-07	pLOF	BTN3A3
1.60942476187844e-11	0.0968688925429047	0.164	0.103	3.15559913061505e-07	pLOF	HTR6
1.64749400356985e-11	0.0772152072555635	0.463	0.347	3.2302414927994e-07	pLOF	WDR4
1.65377010120235e-11	0.0868763562698573	0.38	0.276	3.24254703742745e-07	pLOF	HLA-A
1.74374649086965e-11	0.0752365132879474	0.457	0.35	3.41896374464812e-07	pLOF	RABAC1
1.75748597756669e-11	0.0925137532920202	0.267	0.194	3.445902756215e-07	pLOF	SYNGR1
1.81537852818907e-11	0.0709738654195715	0.674	0.571	3.55941268022032e-07	pLOF	MVP
1.84790837050131e-11	0.0864832365002194	0.254	0.178	3.62319394204191e-07	pLOF	RTN4RL2
1.85545754344901e-11	0.126249141360424	0.117	0.059	3.63799560544048e-07	pLOF	A4GNT
1.86416084864283e-11	0.0968987933599119	0.342	0.231	3.655060175934e-07	pLOF	LZIC
1.88197007599119e-11	0.0525952148852651	0.673	0.587	3.68997872799593e-07	pLOF	GTPBP1
1.89999601893389e-11	0.097892417997445	0.2	0.126	3.72532219432369e-07	pLOF	NGFR
1.90084092698769e-11	0.116125136573206	0.23	0.142	3.72697880554477e-07	pLOF	LPL
1.9391645777642e-11	0.0831751774971949	0.617	0.51	3.80211998762227e-07	pLOF	ACMSD
1.96296396203906e-11	0.0731324045555637	0.41	0.305	3.84878344036999e-07	pLOF	MAP7D1
1.98617091760174e-11	0.0930763797289877	0.447	0.332	3.89428531814174e-07	pLOF	MPST
1.99501013346514e-11	0.0774417336917699	0.505	0.389	3.91161636868509e-07	pLOF	PGS1
2.11171482882087e-11	0.0580076769592925	0.746	0.69	4.14043926486909e-07	pLOF	B4GALT1
2.17300065582249e-11	0.0701314665711963	0.579	0.473	4.26060238587116e-07	pLOF	GRHL1
2.19164943704818e-11	0.100915746708252	0.429	0.314	4.29716705122037e-07	pLOF	OCIAD2
2.24736702550882e-11	0.081805775018727	0.427	0.314	4.40641252691515e-07	pLOF	PAFAH2
2.3156400774367e-11	0.0770412823745901	0.387	0.275	4.54027549983013e-07	pLOF	ARL16
2.34773561689228e-11	0.0693442132263659	0.46	0.345	4.6032052240407e-07	pLOF	CACTIN
2.40199394097317e-11	0.102771516075855	0.257	0.17	4.7095895200661e-07	pLOF	FPR3
2.40397859035487e-11	0.0991668637489728	0.16	0.102	4.7134808221088e-07	pLOF	IL12B
2.40661563585513e-11	0.091193442156533	0.426	0.315	4.71865127722114e-07	pLOF	FLCN
2.45426883022325e-11	0.0677244151964832	0.515	0.419	4.81208489541872e-07	pLOF	CLINT1
2.46253702139075e-11	0.0734944760537861	0.436	0.328	4.82829633784085e-07	pLOF	PSENEN
2.51174150500323e-11	0.107300922609045	0.052	0.022	4.92477156885983e-07	pLOF	CXCL11
2.52336778308583e-11	0.112090362572078	0.287	0.186	4.94756721229639e-07	pLOF	CMPK2
2.57927841179146e-11	0.0705208501130948	0.509	0.395	5.05719118199951e-07	pLOF	MFSD8
2.67586909113742e-11	0.088748162721738	0.393	0.281	5.24657652699313e-07	pLOF	ZNF691
2.70032231915239e-11	0.115545553906772	0.124	0.071	5.29452197116209e-07	pLOF	SERPIND1
2.71827088033639e-11	0.0726938766547241	0.418	0.308	5.32971371507557e-07	pLOF	CCDC110
2.77648866981996e-11	0.088601783352623	0.355	0.25	5.44386133491599e-07	pLOF	CNTFR
2.84803670881969e-11	0.0667720584168554	0.76	0.671	5.58414557498277e-07	pLOF	CDH6
3.12270338015703e-11	0.0865336515186909	0.433	0.321	6.12268451747389e-07	pLOF	FUK
3.23410222475851e-11	0.0792371355348253	0.551	0.452	6.34110423208401e-07	pLOF	BTG2
3.26239259516851e-11	0.131948312403888	0.168	0.09	6.39657316134689e-07	pLOF	GPX7
3.30814271633437e-11	0.113285807935147	0.088	0.048	6.48627542391681e-07	pLOF	PSG3
3.43089137459584e-11	0.0734863881535996	0.389	0.286	6.72694871817006e-07	pLOF	FGF18
3.49857369113003e-11	0.0689026581475626	0.585	0.488	6.85965343619866e-07	pLOF	ADM2
3.538616391939e-11	0.0765781971819514	0.396	0.286	6.9381651596748e-07	pLOF	ANTXRL
3.84186208362549e-11	0.0523753022334299	0.483	0.383	7.53273898736449e-07	pLOF	DDX41
3.91195031199789e-11	0.0730235456635017	0.435	0.324	7.67016097673426e-07	pLOF	RRAGC
3.98625240134628e-11	0.140596855787652	0.162	0.088	7.81584508331965e-07	pLOF	TNFSF18
4.21903958711736e-11	0.121074972068343	0.206	0.128	8.272270918461e-07	pLOF	GC
4.30566710616891e-11	0.0665709455060653	0.677	0.582	8.44212149506539e-07	pLOF	CDH1
4.63436993520177e-11	0.0938533561967574	0.306	0.205	9.08660913195011e-07	pLOF	MAD2L2
4.81834539264783e-11	0.0836309500145882	0.332	0.239	9.44732981136459e-07	pLOF	SLC4A9
4.83456712250891e-11	0.101143684109381	0.271	0.176	9.47913575710323e-07	pLOF	MOGAT3
4.85785031567186e-11	0.0856158510561396	0.516	0.397	9.52478711393782e-07	pLOF	MANBA
4.86896983106883e-11	0.10215946842405	0.32	0.215	9.54658914777666e-07	pLOF	ISLR2
5.42866077198043e-11	0.0653244763975747	0.735	0.649	1.0643975175622e-06	pLOF	STX3
5.58583686383047e-11	0.052897624525642	0.73	0.649	1.09521503389124e-06	pLOF	CABIN1
5.64333785169861e-11	0.0530097022760212	0.594	0.499	1.10648925258255e-06	pLOF	STX16
5.64989797563477e-11	0.0856360242426403	0.221	0.147	1.10777549608271e-06	pLOF	ANGPTL2
5.74563779633707e-11	0.0580593381645066	0.536	0.43	1.12654720272781e-06	pLOF	INPP5K
5.79919023873401e-11	0.0718067458449041	0.428	0.324	1.13704723010858e-06	pLOF	MED19
5.87488023289946e-11	0.0916267862322867	0.293	0.2	1.1518877672646e-06	pLOF	ZNF669
5.92670267513159e-11	0.0820086749672514	0.677	0.549	1.16204859351305e-06	pLOF	ADAMTSL3
5.92731265238259e-11	0.0866546073094075	0.46	0.352	1.16216819175265e-06	pLOF	SEC11C
6.07166296270219e-11	0.102765751015792	0.331	0.224	1.19047095709702e-06	pLOF	ANKRD53
6.16681639217725e-11	0.0536476355478293	0.592	0.475	1.20912769001419e-06	pLOF	TMEM70
6.35697039837338e-11	0.074295610787898	0.575	0.472	1.24641118600907e-06	pLOF	C18orf25
6.61085497126934e-11	0.0508392687961601	0.715	0.631	1.29619033421678e-06	pLOF	SMARCA4
6.62747708907442e-11	0.102625474238385	0.401	0.288	1.29944943285482e-06	pLOF	MOXD1
6.70063539676168e-11	0.0687541633201114	0.577	0.473	1.31379358224306e-06	pLOF	PIM3
6.74671635331373e-11	0.0527536028099841	0.66	0.539	1.32282867539422e-06	pLOF	CHCHD6
6.75471772320952e-11	0.0906825670019086	0.247	0.172	1.32439750398969e-06	pLOF	PCP4
6.79792927553954e-11	0.0835278580008776	0.287	0.189	1.33286999305504e-06	pLOF	LGALS3BP
6.83756931990527e-11	0.0617846464311244	0.551	0.448	1.34064221655383e-06	pLOF	FAM47E
6.86959832924008e-11	0.0849453062454242	0.545	0.423	1.3469221444141e-06	pLOF	TM9SF4
6.90661686599982e-11	0.0718669553624359	0.439	0.331	1.35418036891658e-06	pLOF	U2AF1L4
7.04204689327415e-11	0.0797317482543652	0.579	0.471	1.38073413436426e-06	pLOF	AGBL5
7.34439982795171e-11	0.0571741943796258	0.622	0.526	1.44001647426649e-06	pLOF	PPAT
7.42379195516279e-11	0.0754620980162393	0.638	0.534	1.45558288864877e-06	pLOF	C12orf60
7.55708994469743e-11	0.0712433453639053	0.513	0.402	1.48171862545683e-06	pLOF	PLOD1
7.97668042782207e-11	0.106765715004508	0.151	0.095	1.56398773148307e-06	pLOF	SCGB2A1
8.02379717060289e-11	0.0665883375306149	0.601	0.503	1.57322591124011e-06	pLOF	EHD4
8.29861421362342e-11	0.0691327785542751	0.438	0.335	1.62710928886514e-06	pLOF	MCM3
8.37437260675875e-11	0.0578596092678944	0.526	0.418	1.64196323700719e-06	pLOF	BLOC1S3
8.52710696329992e-11	0.102675682588216	0.269	0.182	1.67190986229421e-06	pLOF	CSTF2T
8.53226639517979e-11	0.0804291808415405	0.406	0.309	1.6729214721029e-06	pLOF	TRIM7
9.02085126145051e-11	0.110369391628121	0.175	0.101	1.7687183068326e-06	pLOF	KTI12
9.13467782054768e-11	0.110511884687382	0.199	0.118	1.79103628027478e-06	pLOF	TMEM82
9.19840018199034e-11	0.0830765407575728	0.488	0.377	1.80353032368285e-06	pLOF	CALM2
9.29956384863532e-11	0.123750272067748	0.137	0.075	1.82336548380193e-06	pLOF	ITLN2
9.40713724185529e-11	0.11546720372233	0.249	0.16	1.84445739901057e-06	pLOF	HSPA6
9.62347328175596e-11	0.058036691290371	0.611	0.516	1.88687440635389e-06	pLOF	GPBP1L1
9.86754428298668e-11	0.0751242458322227	0.666	0.564	1.9347294075652e-06	pLOF	AFTPH
1.00388140036533e-10	0.129559603230448	0.227	0.136	1.9683102616963e-06	pLOF	PIGBOS1
1.02522455030722e-10	0.0709017603592677	0.568	0.455	2.01015777578736e-06	pLOF	ATP6V1G2-DDX39B
1.03566425987028e-10	0.0927086093386661	0.294	0.197	2.03062691432766e-06	pLOF	MDS2
1.0456913611887e-10	0.0558035985399759	0.552	0.447	2.05028705188268e-06	pLOF	NLRC5
1.04978016334873e-10	0.102462667865484	0.21	0.138	2.05830396627785e-06	pLOF	TRPV2
1.05247586138883e-10	0.0604608030656749	0.478	0.379	2.06358942142508e-06	pLOF	FCHO1
1.05892079088078e-10	0.0819217122666061	0.338	0.24	2.07622599467995e-06	pLOF	WDR5B
1.13061168255146e-10	0.124457621524883	0.096	0.049	2.21679032597865e-06	pLOF	ACTBL2
1.20941002791296e-10	0.0981739930688111	0.327	0.218	2.37129024172895e-06	pLOF	ADAMTS7
1.24996461722671e-10	0.0882754317397436	0.425	0.318	2.45080562499642e-06	pLOF	ZNF195
1.27065939642548e-10	0.0781407078136215	0.492	0.375	2.49138187857144e-06	pLOF	TMEM184B
1.27071615223408e-10	0.108262732127476	0.181	0.107	2.49149315968536e-06	pLOF	ARMCX2
1.28254429386826e-10	0.0947018569023926	0.617	0.514	2.51468459698749e-06	pLOF	RP11-322E11.6
1.29021684890842e-10	0.0745681234183736	0.542	0.433	2.52972817565474e-06	pLOF	DDX17
1.33123371137225e-10	0.128042570018418	0.162	0.099	2.61014993788758e-06	pLOF	SMIM21
1.3313385217881e-10	0.0896897673973526	0.337	0.24	2.61035543966992e-06	pLOF	CHRDL2
1.34979405512759e-10	0.0920555324960466	0.521	0.4	2.64654120388868e-06	pLOF	THBS1
1.35886728220288e-10	0.0806333699110026	0.297	0.206	2.66433108021519e-06	pLOF	TMEM92
1.3617442357761e-10	0.0982182975144748	0.275	0.181	2.66997192308619e-06	pLOF	GAR1
1.39928612876264e-10	0.0820557374318517	0.343	0.24	2.74358031266491e-06	pLOF	C17orf62
1.42769674490963e-10	0.0655729694442762	0.714	0.638	2.79928500774432e-06	pLOF	AIG1
1.53541657678925e-10	0.0680545143045479	0.563	0.46	3.01049128211069e-06	pLOF	TRIM69
1.54296673019341e-10	0.120983025997722	0.182	0.108	3.02529486789023e-06	pLOF	EMILIN3
1.57031089354739e-10	0.0829814225659753	0.28	0.186	3.07890856897836e-06	pLOF	REEP4
1.66029683401298e-10	0.0874954298966359	0.41	0.294	3.25534400244925e-06	pLOF	CELF6
1.68438742161665e-10	0.0913447053451905	0.588	0.488	3.30257841756376e-06	pLOF	AKAP7
1.68934849935728e-10	0.124148837290038	0.118	0.062	3.31230560268981e-06	pLOF	CXCR3
1.74855375657522e-10	0.0859988038454502	0.448	0.345	3.42838935051703e-06	pLOF	CATIP
1.74906878112887e-10	0.0994210811351685	0.056	0.027	3.42939915915938e-06	pLOF	CCR2
1.75135372830164e-10	0.0523891416591729	0.86	0.811	3.43387925508102e-06	pLOF	TGFBR3
1.76066939880834e-10	0.0840548702947586	0.455	0.348	3.45214449024351e-06	pLOF	NFU1
1.80572126887682e-10	0.0690648498681731	0.518	0.41	3.54047769188679e-06	pLOF	FAM162A
1.86856276480179e-10	0.0775992996181457	0.365	0.253	3.66369101294688e-06	pLOF	CCDC24
1.88394084051726e-10	0.0816896868930484	0.434	0.315	3.6938428060022e-06	pLOF	ITGA10
1.94364839159162e-10	0.0641451437131658	0.424	0.328	3.8109114013937e-06	pLOF	RELL2
2.00301166200917e-10	0.0649360113675647	0.551	0.446	3.92730496570138e-06	pLOF	HSP90AB1
2.06753848808534e-10	0.0594652574293705	0.563	0.447	4.05382271358892e-06	pLOF	TRPM8
2.07436191325004e-10	0.0634903621466306	0.472	0.367	4.06720140330936e-06	pLOF	CCDC191
2.12302768006504e-10	0.0866850545312755	0.49	0.373	4.16262037230352e-06	pLOF	COLEC12
2.15760418111213e-10	0.068064145272031	0.512	0.415	4.23041451790655e-06	pLOF	SH2D4A
2.17916323139662e-10	0.0901918120112002	0.32	0.225	4.27268534779935e-06	pLOF	E2F8
2.33162569420902e-10	0.123695273532683	0.146	0.077	4.57161849863562e-06	pLOF	ECM1
2.4160820585668e-10	0.0667897782827653	0.478	0.369	4.73721209223192e-06	pLOF	APBA3
2.45040009292673e-10	0.0634563638900815	0.627	0.528	4.80449946220143e-06	pLOF	VASP
2.52554686095955e-10	0.0897775788494122	0.322	0.239	4.95183973028339e-06	pLOF	ZNF66
2.53915622773401e-10	0.0889084027970208	0.422	0.301	4.97852361571808e-06	pLOF	NTF3
2.61088909485914e-10	0.090251946888551	0.389	0.283	5.11917024829031e-06	pLOF	UQCR10
2.64228169524036e-10	0.112658321595407	0.202	0.124	5.18072171985778e-06	pLOF	SLC22A7
2.66131974326348e-10	0.0624652231708556	0.61	0.51	5.21804962061671e-06	pLOF	WDFY1
2.76827332588913e-10	0.054218732037168	0.672	0.568	5.42775351007082e-06	pLOF	ATG7
2.80960869352999e-10	0.0645001541136105	0.682	0.592	5.50879976540424e-06	pLOF	LPXN
2.8293373798184e-10	0.0736329781182554	0.463	0.348	5.54748180060994e-06	pLOF	PTK7
2.83111653685329e-10	0.0814699410293539	0.518	0.412	5.55097019380824e-06	pLOF	SLC50A1
2.83202804959141e-10	0.0882055712099202	0.344	0.245	5.55275739683389e-06	pLOF	HELQ
2.85768498233087e-10	0.120031745337306	0.176	0.107	5.60306294485613e-06	pLOF	ERP27
2.89891569326625e-10	0.0594291006046799	0.651	0.557	5.68390399978714e-06	pLOF	NUTF2
2.90832790127616e-10	0.0782419344596882	0.555	0.443	5.70235851603217e-06	pLOF	MGST2
2.91054909728364e-10	0.0685792861263357	0.313	0.243	5.70671361504403e-06	pLOF	ZNF316
3.02171891007906e-10	0.0558330735066874	0.661	0.57	5.92468426699201e-06	pLOF	ZC3H7A
3.10436942285643e-10	0.0794310665543863	0.547	0.432	6.08673712739461e-06	pLOF	IDH2
3.14615694182511e-10	0.0785647468867719	0.56	0.457	6.1686699158365e-06	pLOF	VPS37C
3.17960744393755e-10	0.0933604884950475	0.454	0.333	6.23425631532836e-06	pLOF	SCNM1
3.18015394531154e-10	0.103112049991429	0.3	0.211	6.23532784057234e-06	pLOF	PLA1A
3.32595025318592e-10	0.0683444281939676	0.645	0.543	6.52119066142163e-06	pLOF	ANKRD17
3.36384516249036e-10	0.0713443555292943	0.394	0.294	6.59549121009485e-06	pLOF	SNN
3.49324595083879e-10	0.0508604252486006	0.659	0.57	6.84920733580961e-06	pLOF	EXTL3
3.82982250134349e-10	0.0689062946595153	0.586	0.476	7.50913297838418e-06	pLOF	HNRNPUL2
3.84048852982845e-10	0.0544821589553041	0.774	0.687	7.53004586043465e-06	pLOF	DOCK9
3.86524941449007e-10	0.0824639186811394	0.512	0.404	7.57859452699068e-06	pLOF	ABAT
3.97543549310803e-10	0.0658745045450772	0.47	0.363	7.79463637133691e-06	pLOF	JSRP1
4.0394817083945e-10	0.0510621895200157	0.709	0.633	7.9202117856491e-06	pLOF	CARHSP1
4.23531253174051e-10	0.100364209346281	0.233	0.144	8.30417728098363e-06	pLOF	VAMP3
4.24739916922483e-10	0.089349901975697	0.279	0.195	8.32787555109913e-06	pLOF	HES7
4.27873497386405e-10	0.0706520056679336	0.614	0.498	8.38931566325525e-06	pLOF	WBP4
4.38147632816386e-10	0.0970981746152044	0.364	0.261	8.59076063663088e-06	pLOF	IL31RA
4.45957556560833e-10	0.0526361575064135	0.716	0.634	8.74388981148826e-06	pLOF	ID2
4.55108704012814e-10	0.0820241303765827	0.58	0.478	8.92331635957924e-06	pLOF	SFT2D2
4.83786495441218e-10	0.133063844297994	0.194	0.098	9.48560181611597e-06	pLOF	KRTCAP3
5.03813694327188e-10	0.101557860125373	0.366	0.255	9.87827510467318e-06	pLOF	BPI
5.07386770874478e-10	0.0780990838887899	0.477	0.372	9.9483324165359e-06	pLOF	DCTN6
5.31602271794471e-10	0.0550390896025873	0.665	0.535	1.04231257430742e-05	pLOF	CLVS1
5.3220865391776e-10	0.0726769209772211	0.729	0.629	1.04350150773655e-05	pLOF	SLC22A23
5.32623956322528e-10	0.0816680921986944	0.508	0.4	1.04431579116158e-05	pLOF	ACSM5
5.34224180831044e-10	0.0616045597461157	0.581	0.48	1.04745335135543e-05	pLOF	ARL2BP
5.38235272868332e-10	0.111029472543154	0.253	0.168	1.05531789951294e-05	pLOF	BTN3A2
5.6941009302259e-10	0.115524406673324	0.161	0.092	1.11644236938939e-05	pLOF	PTPRCAP
5.7239919139997e-10	0.0615808869234558	0.556	0.462	1.12230309457792e-05	pLOF	SLC39A13
5.86049182817562e-10	0.0748816088531188	0.503	0.4	1.14906663275039e-05	pLOF	TMEM43
5.96423874968184e-10	0.0845919049943988	0.33	0.229	1.16940829165012e-05	pLOF	COL6A1
6.04873611372693e-10	0.0631278759714475	0.657	0.562	1.18597568981844e-05	pLOF	RP11-761B3.1
6.19660133346078e-10	0.0846772461386336	0.484	0.367	1.21496762345165e-05	pLOF	SEC16B
6.40773915491253e-10	0.0865222899741906	0.384	0.27	1.2563654161037e-05	pLOF	ERLIN2
6.43677712901069e-10	0.0917754150873531	0.515	0.404	1.26205889168513e-05	pLOF	SMC4
6.45756480592558e-10	0.0541655885328084	0.643	0.549	1.26613473149783e-05	pLOF	SGMS2
6.4626317539446e-10	0.059733020702704	0.576	0.474	1.26712820799592e-05	pLOF	USP53
6.46498116782155e-10	0.0681243793527918	0.61	0.512	1.26758885757477e-05	pLOF	IFT74
6.46527748331481e-10	0.0561221201214861	0.834	0.759	1.26764695615354e-05	pLOF	PATJ
6.69191065985894e-10	0.0792927047512282	0.398	0.314	1.31208292307854e-05	pLOF	CD44
6.80586037667256e-10	0.0619857416377568	0.495	0.384	1.33442504405419e-05	pLOF	MT2A
6.88499500938186e-10	0.0735656069730314	0.603	0.495	1.3499409714895e-05	pLOF	CAP2
6.93261911908129e-10	0.103824480445396	0.333	0.228	1.35927863067827e-05	pLOF	FBXO8
6.95178688991802e-10	0.0858668594919593	0.391	0.281	1.36303685550623e-05	pLOF	HLA-C
7.09284076314059e-10	0.0899753145795336	0.399	0.293	1.39069328842898e-05	pLOF	FADD
7.12090582424174e-10	0.105858673759448	0.431	0.306	1.39619600495908e-05	pLOF	ACTN2
7.1273848901068e-10	0.0918350793196996	0.188	0.12	1.39746635540324e-05	pLOF	APLP1
7.3824758627656e-10	0.0784311637737457	0.513	0.397	1.44748204241245e-05	pLOF	HCG27
7.42615410639576e-10	0.0917784775007687	0.265	0.177	1.45604603564102e-05	pLOF	COX17
7.46137333904517e-10	0.1013224158603	0.141	0.079	1.46295147058659e-05	pLOF	CD300LB
7.75192351149864e-10	0.0574453239492184	0.573	0.47	1.51991964289954e-05	pLOF	LONP1
7.79883510405595e-10	0.0901261343730024	0.247	0.168	1.52911759885225e-05	pLOF	GPRIN2
7.87440371413403e-10	0.0637536299248785	0.667	0.574	1.54393433623026e-05	pLOF	SLC35F6
8.02825236563226e-10	0.0855892646245779	0.328	0.23	1.57409944132952e-05	pLOF	TRANK1
8.21943648319079e-10	0.0914902676085411	0.343	0.25	1.61158491125922e-05	pLOF	ZBED8
8.44758773535517e-10	0.0737174348335898	0.47	0.362	1.65631852727109e-05	pLOF	CDC34
8.48493256373193e-10	0.0784052372560213	0.503	0.386	1.66364072777092e-05	pLOF	SEC24D
8.52751925711129e-10	0.0822830655982851	0.476	0.368	1.67199070074181e-05	pLOF	XPO7
8.71025325722837e-10	0.063356811789427	0.579	0.463	1.70781935614477e-05	pLOF	C16orf45
8.91133904152471e-10	0.0802853601921691	0.205	0.131	1.74724624587175e-05	pLOF	NRN1L
8.94923708971715e-10	0.0624618381126332	0.697	0.608	1.75467691618084e-05	pLOF	FAM81A
9.07727884617305e-10	0.0742546786926151	0.517	0.411	1.77978206336915e-05	pLOF	STX12
9.36065021669857e-10	0.0904461980386687	0.289	0.195	1.83534268798809e-05	pLOF	ZNF684
9.8411149677446e-10	0.0578499373317324	0.538	0.446	1.92954741172568e-05	pLOF	CBX4
1.00115799411369e-09	0.111288846201486	0.076	0.037	1.96297047905871e-05	pLOF	KRT13
1.02148822170156e-09	0.105490858467706	0.308	0.21	2.00283195629025e-05	pLOF	NLRP6
1.0225379574524e-09	0.0785558411607636	0.49	0.379	2.00489017317692e-05	pLOF	MRPL2
1.03976942080151e-09	0.0832552376505022	0.147	0.087	2.03867590336551e-05	pLOF	CD1D
1.04767050813729e-09	0.123869282524939	0.127	0.066	2.05416756530478e-05	pLOF	NPPC
1.07201919829826e-09	0.109123899076965	0.063	0.029	2.1019080421034e-05	pLOF	CCL5
1.07489059858079e-09	0.0925243892269398	0.292	0.198	2.10753799663735e-05	pLOF	PPP1R8
1.08663530094026e-09	0.0893686684125038	0.482	0.374	2.13056583455356e-05	pLOF	IFIT3
1.11150606556003e-09	0.112904490607185	0.095	0.051	2.17932994274354e-05	pLOF	C3orf80
1.17933537682089e-09	0.0638757071196631	0.715	0.6	2.31232287333271e-05	pLOF	SLC35F3
1.2127532283775e-09	0.0584132216303927	0.554	0.441	2.37784525487977e-05	pLOF	CAV1
1.21324979405452e-09	0.0893023243821968	0.398	0.292	2.3788188712027e-05	pLOF	FZD7
1.21694000760429e-09	0.09322942702062	0.384	0.27	2.38605427290974e-05	pLOF	C1orf35
1.26225076891587e-09	0.0799768942693372	0.477	0.371	2.47489508261335e-05	pLOF	PGM3
1.29009880267108e-09	0.114042426590617	0.07	0.033	2.52949672239718e-05	pLOF	GPR88
1.35028360107667e-09	0.0782067267593364	0.415	0.3	2.64750105663102e-05	pLOF	AKR7A2
1.35257010103661e-09	0.0576851428691859	0.59	0.487	2.65198419710249e-05	pLOF	ZBTB5
1.38231455142369e-09	0.122104530283004	0.338	0.227	2.71030414097643e-05	pLOF	SLC46A1
1.41638899621404e-09	0.0816519935882478	0.507	0.399	2.77711390487686e-05	pLOF	CLPX
1.42006094174724e-09	0.0559468346878821	0.849	0.834	2.7843134884838e-05	pLOF	PTPRJ
1.44106493725588e-09	0.113903792758924	0.087	0.044	2.82549602247761e-05	pLOF	AC114783.1
1.45066652974128e-09	0.072884961799983	0.506	0.399	2.84432186486372e-05	pLOF	MYL5
1.45097775875987e-09	0.0973534893158923	0.277	0.182	2.84493209160048e-05	pLOF	CHAC1
1.48512258650128e-09	0.104153476841427	0.073	0.038	2.91187985535307e-05	pLOF	SLC10A5
1.50463639071377e-09	0.0563489434332595	0.601	0.506	2.95014057127248e-05	pLOF	UCKL1
1.5272745782336e-09	0.0925296836679953	0.352	0.249	2.99452726554262e-05	pLOF	UFM1
1.57061209409429e-09	0.083919851218927	0.501	0.385	3.07949913289068e-05	pLOF	RPS6KA1
1.59209889173305e-09	0.0891378295257277	0.39	0.29	3.12162829702099e-05	pLOF	DYNC2LI1
1.59646579133246e-09	0.109354379420317	0.124	0.067	3.13019047706556e-05	pLOF	KCNS2
1.60794695954511e-09	0.0774879606147088	0.462	0.353	3.1527016035801e-05	pLOF	IFNAR1
1.61686976589565e-09	0.0743918266826754	0.569	0.463	3.1701965499916e-05	pLOF	KMT5B
1.61854354656715e-09	0.0535212863564	0.737	0.655	3.17347833175422e-05	pLOF	PDS5A
1.64613361879232e-09	0.0916136540838469	0.496	0.369	3.2275741863661e-05	pLOF	RP11-467J12.4
1.65230151259848e-09	0.0713693680146351	0.477	0.37	3.23966757575184e-05	pLOF	UBA6
1.68756459247698e-09	0.0857784213963659	0.233	0.149	3.30880789646962e-05	pLOF	CACNG8
1.73250501456792e-09	0.0637278770222101	0.714	0.645	3.39692258206332e-05	pLOF	MPC2
1.75406063777292e-09	0.0981276016694063	0.298	0.199	3.43918669248136e-05	pLOF	HPF1
1.77800787596168e-09	0.110023618257137	0.334	0.23	3.48614004239806e-05	pLOF	BDH2
1.80023000140653e-09	0.0897775667196475	0.442	0.331	3.52971096375778e-05	pLOF	VAMP5
1.87977530642315e-09	0.0500051802785888	0.595	0.495	3.68567544330387e-05	pLOF	AD000671.6
2.02149898569808e-09	0.0748636666696848	0.397	0.288	3.96355306125822e-05	pLOF	PALD1
2.06797696763921e-09	0.054772569887903	0.692	0.606	4.05468244045021e-05	pLOF	KLF3
2.26777948405012e-09	0.0957867266977392	0.466	0.354	4.44643523437708e-05	pLOF	LIPG
2.31588044259197e-09	0.100566119872031	0.291	0.195	4.54074678379008e-05	pLOF	SRP72
2.38763430435062e-09	0.0719804644631423	0.427	0.318	4.68143458054026e-05	pLOF	PLEKHJ1
2.42563753647484e-09	0.110157188014645	0.133	0.073	4.75594751776622e-05	pLOF	NBPF15
2.51097606248414e-09	0.103399559684076	0.114	0.066	4.92327076571264e-05	pLOF	SAA1
2.51257094491874e-09	0.0804967030204424	0.301	0.21	4.92639785170218e-05	pLOF	SMIM10L2A
2.56793234929631e-09	0.0884460152229671	0.334	0.236	5.03494495726527e-05	pLOF	SLFN13
2.57073712200617e-09	0.0841888718483035	0.373	0.28	5.0404442751175e-05	pLOF	PHKA1
2.75235282614599e-09	0.113299735903926	0.256	0.163	5.39653818622445e-05	pLOF	PNPLA4
2.77002455365485e-09	0.074859171517095	0.441	0.336	5.43118714235107e-05	pLOF	DNHD1
2.80414452587554e-09	0.0595812764337281	0.543	0.435	5.49808617188417e-05	pLOF	TBCB
2.90664690281839e-09	0.054492957460472	0.613	0.507	5.69906258235601e-05	pLOF	XKR9
2.91470390768734e-09	0.0532473824984728	0.728	0.653	5.71485995180257e-05	pLOF	GAL3ST1
2.96123361036305e-09	0.0571180585722352	0.535	0.419	5.80609073983884e-05	pLOF	MVB12A
2.98004485408897e-09	0.0939401369316776	0.254	0.166	5.84297394541225e-05	pLOF	LAMTOR3
3.09216373622296e-09	0.0724729280873809	0.545	0.435	6.06280543761235e-05	pLOF	CITED2
3.1339464474095e-09	0.0989985575321484	0.405	0.287	6.1447287994358e-05	pLOF	SLC4A1AP
3.16196672912166e-09	0.0720799607354805	0.603	0.506	6.19966816578884e-05	pLOF	TTC19
3.19621174280247e-09	0.0887763007336635	0.377	0.276	6.2668123641128e-05	pLOF	TMEM167B
3.30207350256084e-09	0.111921916852406	0.178	0.103	6.47437551647104e-05	pLOF	KRTAP5-11
3.4556550180959e-09	0.0522647100768192	0.811	0.735	6.77550279398062e-05	pLOF	C1orf186
3.48190451482379e-09	0.0536995532481767	0.621	0.532	6.82697018221501e-05	pLOF	RP11-314N13.10
3.51202042187387e-09	0.0952091689024089	0.375	0.264	6.8860184411681e-05	pLOF	DDX60
3.52579668457617e-09	0.0681411262104618	0.698	0.603	6.9130295594485e-05	pLOF	SLC1A1
3.54078620118369e-09	0.0500245232662994	0.648	0.576	6.94241950466087e-05	pLOF	ALDH7A1
3.57029003429519e-09	0.0844934825597174	0.386	0.274	7.00026767024257e-05	pLOF	SCAMP3
3.61670314910242e-09	0.0547668373179213	0.637	0.548	7.09126986444511e-05	pLOF	SPTLC3
3.63301799127383e-09	0.0654956597233604	0.429	0.319	7.1232583754906e-05	pLOF	CCDC88B
3.64899146314855e-09	0.0674323501077261	0.392	0.288	7.15457756179537e-05	pLOF	PIN1
3.67872598276642e-09	0.104210047187279	0.141	0.084	7.21287803441012e-05	pLOF	ASB11
3.80430298168374e-09	0.0823657654977885	0.365	0.258	7.45909685618731e-05	pLOF	GATSL2
3.91181832572402e-09	0.0759524323587357	0.629	0.515	7.66990219124709e-05	pLOF	CYP7B1
4.08750099542654e-09	0.0563227212625257	0.852	0.783	8.01436320173283e-05	pLOF	ANO6
4.21568711353873e-09	0.0930123502868428	0.275	0.186	8.26569772351538e-05	pLOF	PBXIP1
4.2887761566926e-09	0.0806461887779515	0.529	0.418	8.40900341042719e-05	pLOF	GGA2
4.34128392502114e-09	0.0764071333014458	0.449	0.336	8.51195539178895e-05	pLOF	GATB
4.42178887051606e-09	0.118093202611168	0.164	0.095	8.66980143842083e-05	pLOF	GPRASP2
4.68091309128929e-09	0.0699142016777647	0.465	0.344	9.17786629809091e-05	pLOF	PEX2
4.68213165404922e-09	0.0722826115797608	0.582	0.469	9.18025553409431e-05	pLOF	AP2B1
4.69244424987659e-09	0.101520130654027	0.364	0.27	9.20047544073303e-05	pLOF	OGDHL
4.71431281307728e-09	0.0899091034531893	0.391	0.28	9.24335313260062e-05	pLOF	ZMYND12
4.75399369680572e-09	0.075584075614189	0.465	0.363	9.32115544132698e-05	pLOF	CLK1
4.8462344447722e-09	0.116237168029984	0.167	0.092	9.50201187586486e-05	pLOF	DLX1
4.99141196898322e-09	0.0741926650863423	0.531	0.423	9.78666144758539e-05	pLOF	DUSP14
5.0710532570821e-09	0.10664075762386	0.143	0.081	9.94281412116087e-05	pLOF	ICAM2
5.08130743259391e-09	0.0923258655970202	0.258	0.172	9.96291948308689e-05	pLOF	RPS8
5.1443323685777e-09	0.0778195804216028	0.438	0.329	0.000100864924750703	pLOF	CA5A
5.55055846565752e-09	0.114208866066447	0.13	0.074	0.000108829799836147	pLOF	CST9
5.60052574201354e-09	0.0905304929506723	0.218	0.134	0.000109809508223659	pLOF	RAC3
5.6330161112989e-09	0.08453261281585	0.326	0.237	0.000110446546894238	pLOF	RBM22
5.66142710026772e-09	0.0705835992229256	0.674	0.591	0.000111003601154949	pLOF	MGST3
5.70930818749732e-09	0.0889222293576988	0.388	0.297	0.00011194240563226	pLOF	SEMA4G
5.81444042534827e-09	0.055663630392901	0.768	0.675	0.000114003733419804	pLOF	ADAMTS17
6.14774181883826e-09	0.0962344410437099	0.255	0.166	0.000120538773841962	pLOF	GMIP
6.22567517871697e-09	0.100259098344729	0.335	0.241	0.000122066813229104	pLOF	LRRC31
6.32755321159941e-09	0.0839099716666624	0.444	0.33	0.00012406433581983	pLOF	GRIA3
6.36830257196167e-09	0.100396786566239	0.125	0.075	0.000124863308528452	pLOF	JCHAIN
6.4102549166008e-09	0.100490694869018	0.209	0.133	0.000125685868149792	pLOF	HLA-DMB
6.43103240021375e-09	0.0574186448954717	0.697	0.598	0.000126093252270991	pLOF	COG8
6.48465496478472e-09	0.110705062902299	0.326	0.218	0.000127144629894534	pLOF	MRPL46
6.76657246915495e-09	0.0795416496536429	0.354	0.262	0.000132672186402721	pLOF	PPIF
6.89928497826259e-09	0.0669337232963598	0.657	0.556	0.000135274280568795	pLOF	ADM
6.94286860532527e-09	0.0626168443551821	0.561	0.458	0.000136128824744613	pLOF	RP4-614O4.11
6.9830029483385e-09	0.0881142054104521	0.285	0.195	0.000136915738808073	pLOF	KLHL17
7.01874065112211e-09	0.0967941791002842	0.353	0.244	0.000137616447946551	pLOF	EBPL
7.02949816108172e-09	0.0859996501186581	0.414	0.299	0.000137827370444329	pLOF	UROD
7.06221261474854e-09	0.07241717457091	0.503	0.397	0.000138468802737375	pLOF	UBE2Q1
7.19406702620342e-09	0.0797246875642051	0.611	0.521	0.00014105407218277	pLOF	ADRA1B
7.19518564771009e-09	0.0678516161554177	0.392	0.295	0.000141076004994652	pLOF	ADGRF5
7.25676222843805e-09	0.112088385807683	0.262	0.164	0.000142283337012985	pLOF	NBPF11
7.50225305278115e-09	0.0804419828061717	0.342	0.243	0.00014709667560588	pLOF	UBIAD1
7.59654362266372e-09	0.0926014168591337	0.157	0.098	0.000148945430809568	pLOF	SDR42E1
7.60672764978355e-09	0.066545365860943	0.556	0.455	0.000149145109029306	pLOF	C5orf15
7.77525797730915e-09	0.0504433469195517	0.817	0.745	0.000152449483161101	pLOF	ZFAND3
8.13188155115191e-09	0.0879569337280249	0.474	0.363	0.000159441801573435	pLOF	DEDD
8.45587059207391e-09	0.103623576813672	0.278	0.184	0.000165794254698793	pLOF	SGCB
8.50148453128499e-09	0.0900298722970302	0.141	0.085	0.000166688607204905	pLOF	CRIP3
8.92277741613474e-09	0.0839167746377936	0.393	0.297	0.000174948896798154	pLOF	CASR
9.36372894461214e-09	0.0534167022899737	0.645	0.566	0.00018359463341701	pLOF	SLCO4C1
9.4177975761614e-09	0.0808988147496047	0.419	0.311	0.000184654757075797	pLOF	CREB3L4
9.46137377506665e-09	0.0885979903932133	0.307	0.217	0.000185509155607732	pLOF	ACSL5
9.47346616613408e-09	0.0983242944685947	0.25	0.16	0.000185746251119391	pLOF	PPT1
9.56234758803791e-09	0.0838240041871302	0.397	0.291	0.000187488949158659	pLOF	PHF5A
9.68262999939277e-09	0.0948688671337641	0.237	0.157	0.000189847326398094	pLOF	MARVELD1
9.70001881018234e-09	0.0961410270391623	0.376	0.264	0.000190188268811245	pLOF	PHF11
9.70938834103587e-09	0.0900848713097395	0.373	0.266	0.00019037197720269	pLOF	GORAB
9.85976688452448e-09	0.0777095635489722	0.51	0.397	0.000193320449304872	pLOF	PCID2
1.00031450155787e-08	0.0703363810359431	0.478	0.375	0.000196131664320451	pLOF	ATP8B1
1.01480662594259e-08	0.0717811597064207	0.561	0.469	0.000198973135148563	pLOF	ADNP
1.01659352344624e-08	0.0989068586090304	0.219	0.136	0.000199323492142104	pLOF	TSTD1
1.02673508367454e-08	0.0675311445457308	0.6	0.503	0.000201311947856068	pLOF	KIAA2026
1.05143140568405e-08	0.0648437873589948	0.532	0.433	0.000206154155712472	pLOF	MLXIPL
1.05803499046744e-08	0.0780879932108853	0.448	0.34	0.000207448920580951	pLOF	KIAA0753
1.05980236009439e-08	0.0819827650675835	0.064	0.034	0.000207795448743706	pLOF	NDN
1.0687482135093e-08	0.085804191159716	0.335	0.233	0.000209549462222768	pLOF	TARDBP
1.09081759426728e-08	0.0602707039271767	0.637	0.543	0.000213876605707985	pLOF	COMT
1.11349268984899e-08	0.0707977806323144	0.106	0.069	0.000218322511698692	pLOF	LCN2
1.12007850412177e-08	0.0516734086722742	0.604	0.509	0.000219613792303155	pLOF	PNRC1
1.13936955899602e-08	0.103502042050492	0.127	0.073	0.00022339618943235	pLOF	KRT82
1.15001944655232e-08	0.0752253647829549	0.551	0.443	0.000225484312885513	pLOF	FBXL3
1.16654010566278e-08	0.0994054114001712	0.271	0.18	0.000228723518517301	pLOF	PSMB2
1.16915999083469e-08	0.0896600433932084	0.132	0.08	0.000229237199402958	pLOF	FLRT1
1.20849974503568e-08	0.0577846778489799	0.638	0.569	0.000236950545009145	pLOF	CES4A
1.27161747955512e-08	0.0655136489917512	0.53	0.425	0.000249326039216371	pLOF	ZDHHC7
1.27315972345113e-08	0.0804875926400967	0.381	0.272	0.000249628426977062	pLOF	MOB3C
1.28045492703941e-08	0.0819133139117871	0.368	0.266	0.000251058797544616	pLOF	CSK
1.32293313462303e-08	0.0751612708423826	0.615	0.52	0.000259387499705537	pLOF	FIGNL1
1.33843330038377e-08	0.0968282303644834	0.179	0.131	0.000262426617206246	pLOF	CYP24A1
1.34784526563529e-08	0.0968665800973468	0.331	0.225	0.000264272021233111	pLOF	KCNJ11
1.34947578118949e-08	0.0801142898633832	0.367	0.273	0.000264591716417824	pLOF	SNRPA1
1.36650233761734e-08	0.0710980478929413	0.283	0.215	0.000267930113336632	pLOF	FMNL1
1.36676274970731e-08	0.0835048693341127	0.197	0.132	0.000267981172335111	pLOF	VIPR1
1.37061938197359e-08	0.0680557308276037	0.73	0.642	0.000268737342223561	pLOF	TJP1
1.38057628401335e-08	0.0646198515953037	0.593	0.483	0.000270689592006498	pLOF	U2SURP
1.38087382099005e-08	0.0526315910222503	0.612	0.523	0.000270747930081519	pLOF	SYS1-DBNDD2
1.38862050560892e-08	0.0585506470741932	0.563	0.462	0.000272266822534742	pLOF	SAFB
1.39343972180293e-08	0.0749211188916074	0.596	0.489	0.0002732117262539	pLOF	MAPKBP1
1.41113320901349e-08	0.0715022661688712	0.517	0.417	0.000276680888291276	pLOF	HPS4
1.56144143997685e-08	0.10978156339596	0.224	0.14	0.000306151823136261	pLOF	CLIP3
1.58536059025293e-08	0.0614179532098746	0.427	0.334	0.000310841650930891	pLOF	CFAP46
1.59224782022863e-08	0.082699731131957	0.413	0.307	0.000312192030112227	pLOF	SLC39A6
1.66570453782872e-08	0.0553229810119685	0.642	0.547	0.000326594688732078	pLOF	TLDC1
1.68701452593652e-08	0.0987812672504269	0.203	0.129	0.000330772938100373	pLOF	TMEM99
1.69757093459446e-08	0.0580454346007075	0.568	0.467	0.000332842733145936	pLOF	CHKB-CPT1B
1.70889706995264e-08	0.0979197322624492	0.295	0.193	0.000335063448505615	pLOF	PYURF
1.82421767179079e-08	0.072868900948306	0.431	0.332	0.00035767435890802	pLOF	KIAA1462
1.82987785984084e-08	0.0503276929877048	0.622	0.515	0.000358784151978993	pLOF	RYK
1.86257303396836e-08	0.0909734720053715	0.262	0.172	0.000365194694770177	pLOF	TMEM50A
1.88564551819346e-08	0.108083245716303	0.356	0.249	0.000369718516752191	pLOF	EDC3
1.9385025912601e-08	0.0572962792000276	0.529	0.427	0.000380082203068367	pLOF	LIG1
1.94755322104003e-08	0.0916217108504853	0.211	0.135	0.000381856760049319	pLOF	LSM10
1.96672854360306e-08	0.0778767504266019	0.401	0.292	0.000385616465544251	pLOF	AIM1L
2.01626802257401e-08	0.0809257607559294	0.31	0.221	0.000395329671186086	pLOF	IGFN1
2.02646256691622e-08	0.0680097130906796	0.724	0.625	0.000397328515495263	pLOF	DGKH
2.03056199875822e-08	0.0790111611420614	0.655	0.566	0.000398132291096525	pLOF	BBOX1
2.03654884774576e-08	0.0598875219037944	0.586	0.485	0.00039930613257751	pLOF	ACTG1
2.17046732580794e-08	0.0816883052427296	0.413	0.314	0.000425563528571164	pLOF	CYP3A5
2.19722078601984e-08	0.0688461878118263	0.533	0.427	0.000430809079514911	pLOF	SMG5
2.20132399943484e-08	0.0615923616388574	0.453	0.347	0.00043161359656919	pLOF	HNRNPR
2.28164702764961e-08	0.0633393155246904	0.247	0.178	0.000447362532711258	pLOF	SLFN11
2.33195548351539e-08	0.0510428031551117	0.66	0.569	0.000457226511652863	pLOF	DUSP22
2.35711373468706e-08	0.062613099805202	0.442	0.333	0.000462159289960091	pLOF	RP11-446E24.4
2.44142497371758e-08	0.0984991255994017	0.233	0.155	0.000478690194596805	pLOF	ENAM
2.44937663393824e-08	0.0770901761155991	0.386	0.296	0.00048024927661627	pLOF	SPDL1
2.48689755505248e-08	0.0570071457568516	0.71	0.622	0.00048760600361914	pLOF	HIBCH
2.52977718833937e-08	0.118479540297949	0.257	0.165	0.0004960134133177	pLOF	ZSCAN26
2.66132105967067e-08	0.0819106680102424	0.593	0.489	0.000521805220169628	pLOF	MTMR10
2.74979475108783e-08	0.0769068151733544	0.325	0.224	0.000539152256845792	pLOF	MAFA
2.78991566724904e-08	0.0590405079181205	0.559	0.458	0.00054701876487752	pLOF	FAM219A
2.90797751496763e-08	0.0817803830166033	0.424	0.316	0.000570167151359703	pLOF	DDX39B
2.94904301238821e-08	0.0786232710008299	0.469	0.348	0.000578218863438957	pLOF	IL16
2.97719844525182e-08	0.0623233825629845	0.525	0.43	0.000583739299160524	pLOF	SKP1
2.99212628610116e-08	0.062930056678935	0.702	0.624	0.000586666200915855	pLOF	RND3
3.01153189030495e-08	0.112443309703443	0.275	0.181	0.000590471057732091	pLOF	RP5-874C20.8
3.11260798342999e-08	0.0552903680294259	0.544	0.451	0.000610289047311119	pLOF	HNRNPA3
3.12883648162192e-08	0.0673254946167051	0.433	0.321	0.000613470968951609	pLOF	ARMC1
3.18792853605134e-08	0.0563196904138361	0.701	0.611	0.000625057148063585	pLOF	LNX2
3.20027450663387e-08	0.0856611983511963	0.476	0.368	0.000627477822515703	pLOF	RP11-211G3.2
3.32454051565013e-08	0.0724814214193042	0.48	0.374	0.000651842658903521	pLOF	NFKBIE
3.36412870438506e-08	0.0995088250001589	0.205	0.13	0.000659604715068779	pLOF	EXOSC9
3.43936126803325e-08	0.0781544758470433	0.564	0.454	0.000674355563823279	pLOF	ZBED5
3.47012168719475e-08	0.0819549575568	0.306	0.212	0.000680386759208274	pLOF	ATP2B3
3.49723498519366e-08	0.058847000487338	0.623	0.537	0.000685702863546921	pLOF	BOLA1
3.52608202702132e-08	0.0569509875837194	0.549	0.441	0.00069135890303807	pLOF	ZNF140
3.54534080664628e-08	0.0696878067563941	0.491	0.383	0.000695134971959136	pLOF	VKORC1
3.55405737208669e-08	0.0672270396646246	0.421	0.322	0.000696844028945037	pLOF	SPCS3
3.55906074421506e-08	0.0721688970804076	0.426	0.334	0.000697825040118246	pLOF	C4orf50
3.58441803775396e-08	0.0682149249977251	0.669	0.573	0.000702796844662419	pLOF	CD2AP
3.65653224312164e-08	0.0806699714600737	0.247	0.167	0.000716936276908859	pLOF	PET100
3.69949431206707e-08	0.0529050322237469	0.642	0.548	0.000725359849766991	pLOF	GTPBP2
3.84548746123377e-08	0.0858598333947545	0.533	0.41	0.000753984726524105	pLOF	XPO4
3.85495857074068e-08	0.076335370416359	0.401	0.291	0.000755841726965126	pLOF	MRPL4
3.88309290384749e-08	0.0880089376007381	0.302	0.204	0.000761358025657377	pLOF	LRRC47
3.92834678774966e-08	0.0956072250270901	0.159	0.098	0.000770230954674075	pLOF	CPA4
3.94192160314889e-08	0.053746586578484	0.535	0.43	0.000772892568729402	pLOF	ORAI2
3.94459973046417e-08	0.0908641304182207	0.422	0.315	0.000773417669152111	pLOF	WDR75
4.05796216212797e-08	0.0852762585085456	0.085	0.048	0.000795644641128431	pLOF	CH17-140K24.5
4.19684179763332e-08	0.0659550540686724	0.554	0.46	0.000822874771261965	pLOF	TAB3
4.22117638783622e-08	0.0846564589048773	0.302	0.208	0.000827646054363048	pLOF	MICU3
4.30045315728652e-08	0.0833605356247471	0.32	0.22	0.000843189850549167	pLOF	C16orf86
4.41739195926898e-08	0.0590730395602961	0.595	0.514	0.000866118041453869	pLOF	FAM213A
4.55037568910122e-08	0.109113201886252	0.31	0.215	0.000892192161362077	pLOF	FUT6
4.68107287321986e-08	0.0739257484826364	0.585	0.478	0.000917817958252217	pLOF	ELOVL5
4.6965746162744e-08	0.0840707623111695	0.073	0.041	0.000920857385012921	pLOF	KRT36
4.69958368937372e-08	0.0894487929809553	0.325	0.224	0.000921447373975505	pLOF	LEXM
4.7134315368993e-08	0.0913854948886837	0.278	0.191	0.000924162521439845	pLOF	PHKG1
4.88514456105138e-08	0.0994768834176265	0.266	0.179	0.000957830294085343	pLOF	TRIM31
4.90382530161476e-08	0.0614225039901494	0.539	0.44	0.000961493026887606	pLOF	GPAT4
5.01628682233158e-08	0.0596095591755688	0.609	0.507	0.000983543357254553	pLOF	NCK1
5.03533809558787e-08	0.0789545066212946	0.358	0.258	0.000987278740401913	pLOF	TMEM184C
5.0400304863264e-08	0.0920389462556912	0.169	0.102	0.000988198777454017	pLOF	ICAM5
5.12961066486624e-08	0.070724820766873	0.716	0.635	0.00100576276306032	pLOF	EPB41L3
5.29911524218268e-08	0.0779408004851372	0.177	0.126	0.00103899752553476	pLOF	PLAT
5.39461979970805e-08	0.0676755699930383	0.472	0.371	0.00105772310412876	pLOF	GLUL
5.44330384026469e-08	0.0621321219264346	0.38	0.266	0.0010672685839607	pLOF	MYO1G
5.50066516214474e-08	0.0619861304913677	0.588	0.49	0.00107851541834172	pLOF	TTI1
5.60692977765103e-08	0.0685366302380535	0.488	0.379	0.00109935072150404	pLOF	EIF4E
5.82335783852603e-08	0.0557889656601289	0.614	0.524	0.0011417857713998	pLOF	GGPS1
5.8800932996317e-08	0.0724854225925874	0.389	0.289	0.00115290989325879	pLOF	ZNF414
5.91553671476478e-08	0.0672771093976124	0.48	0.377	0.00115985928366393	pLOF	CDS1
5.92623598322479e-08	0.072142040718265	0.536	0.43	0.00116195708923088	pLOF	ZNF236
6.01501837977303e-08	0.0620235189364394	0.576	0.479	0.0011793646537221	pLOF	RHOQ
6.15296578513742e-08	0.0950937332372791	0.223	0.152	0.00120641200149189	pLOF	IL21R
6.15893832662193e-08	0.0816593625755778	0.42	0.307	0.00120758303770076	pLOF	PRR3
6.19097416528125e-08	0.0763957230233902	0.271	0.206	0.00121386430458669	pLOF	RP11-310N16.1
6.22049460075831e-08	0.0528086656609164	0.447	0.355	0.00121965237637068	pLOF	TMCO6
6.23115069054375e-08	0.0579164754859723	0.393	0.302	0.00122174171589491	pLOF	C3orf52
6.35633755952374e-08	0.107499506166418	0.289	0.189	0.00124628710529582	pLOF	TTC30A
6.56557342349951e-08	0.0788360559530813	0.429	0.323	0.00128731198114555	pLOF	C21orf59
6.60364168295364e-08	0.0740179655827944	0.452	0.344	0.00129477602477672	pLOF	NME3
6.71227261801279e-08	0.0592430424614082	0.497	0.387	0.00131607529221377	pLOF	LSS
6.72142800838113e-08	0.131652784431127	0.321	0.207	0.00131787038960329	pLOF	CYP4F11
6.91806304562948e-08	0.0924601218888218	0.418	0.31	0.00135642462135657	pLOF	ARPP19
6.93659339226698e-08	0.107767900866898	0.082	0.043	0.00136005786642179	pLOF	C2orf78
7.12613092752688e-08	0.0705962460233346	0.508	0.398	0.0013972204909602	pLOF	RNF126
7.1613263063833e-08	0.0673322787715233	0.489	0.38	0.00140412124889257	pLOF	RCC1
7.16932827535595e-08	0.0878679296437574	0.196	0.124	0.00140569019494904	pLOF	RPL11
7.24143474532276e-08	0.124951286530176	0.154	0.092	0.00141982811051543	pLOF	TMCO5A
7.30812281803133e-08	0.077920540476192	0.529	0.421	0.0014329036409314	pLOF	PRKAR1A
7.36034484449122e-08	0.120117513440682	0.298	0.187	0.00144314281365939	pLOF	LBP
7.70179006012333e-08	0.0576055242170468	0.503	0.413	0.00151008997708838	pLOF	HMCN2
7.86761841172109e-08	0.0737451091381167	0.468	0.361	0.00154260394198615	pLOF	GINM1
7.8850376161362e-08	0.0961773671826588	0.217	0.129	0.00154601932539582	pLOF	TIGD7
7.96715324696097e-08	0.0794587061163799	0.431	0.326	0.00156211973713164	pLOF	HMGN4
8.05409374984162e-08	0.0532443127309478	0.54	0.444	0.00157916616153145	pLOF	IL4R
8.25578174774183e-08	0.0791979535981965	0.485	0.378	0.00161871112727974	pLOF	ADAR
8.41394459737846e-08	0.0584371569058004	0.568	0.467	0.00164972211720799	pLOF	MYLIP
8.64064809520125e-08	0.0890354471703839	0.419	0.311	0.00169417187202611	pLOF	GATA6
8.66328835398706e-08	0.0519702763683448	0.537	0.437	0.00169861094756624	pLOF	SOCS3
8.68146983812059e-08	0.0831662523261176	0.257	0.189	0.0017021757911603	pLOF	CHRNA4
9.03126594502089e-08	0.0592379560627486	0.619	0.54	0.00177076031384025	pLOF	PFKFB2
9.20420928514175e-08	0.051539107520969	0.572	0.464	0.00180466931453774	pLOF	ITPKB
9.36025511377584e-08	0.0660647995090194	0.615	0.509	0.00183526522015803	pLOF	SH3D19
9.4033373844676e-08	0.0874386191931982	0.322	0.223	0.00184371236097256	pLOF	NUP54
9.49341781157287e-08	0.0845932666300723	0.416	0.301	0.00186137443031509	pLOF	KPNA6
9.92844892832399e-08	0.0700243363573729	0.606	0.51	0.00194667098137648	pLOF	POLD4
1.01316978790801e-07	0.0640803173832259	0.468	0.365	0.00198652200315124	pLOF	TMEM63B
1.02253939368868e-07	0.0795493553681781	0.428	0.324	0.00200489298920539	pLOF	GLYATL2
1.02502299328054e-07	0.111116020793861	0.275	0.182	0.00200976258292515	pLOF	ABRACL
1.04741599948967e-07	0.0571671501774359	0.616	0.533	0.00205366855019939	pLOF	RP4-559A3.7
1.08083611689097e-07	0.0775476298040467	0.374	0.269	0.00211919537438812	pLOF	UQCC2
1.0829331153549e-07	0.0982402816896891	0.271	0.181	0.00212330695927636	pLOF	AADAT
1.09347455413163e-07	0.0694179583611162	0.426	0.324	0.00214397555828588	pLOF	VPS37A
1.09437104576244e-07	0.0960167101109876	0.279	0.19	0.00214573330942641	pLOF	PPP1R1A
1.14650013386495e-07	0.0577854193528503	0.456	0.359	0.00224794281246901	pLOF	QTRT2
1.14669638393886e-07	0.0625684316702164	0.696	0.631	0.00224832759998892	pLOF	GPR137B
1.17288283794467e-07	0.085811963671837	0.232	0.15	0.00229967138035812	pLOF	SNIP1
1.18188921166205e-07	0.0646305345428733	0.463	0.358	0.00231733017730579	pLOF	NIPAL3
1.18319763240914e-07	0.134221288577012	0.178	0.103	0.0023198955978646	pLOF	TMEM174
1.19690889141996e-07	0.0569671892405236	0.455	0.349	0.00234677926340711	pLOF	BAK1
1.24839972912558e-07	0.0785728267999163	0.572	0.462	0.00244773734889653	pLOF	GNB5
1.26747180592283e-07	0.0827791481186502	0.357	0.261	0.00248513196987288	pLOF	GABARAPL2
1.29991379302007e-07	0.068159144572677	0.514	0.416	0.00254874097397445	pLOF	AHSA2
1.30279493829984e-07	0.092291187406755	0.117	0.066	0.0025543900355245	pLOF	CLDN19
1.33499422819255e-07	0.0608872979906145	0.467	0.363	0.00261752318321714	pLOF	UBE2I
1.33731065497528e-07	0.059656189869271	0.477	0.388	0.00262206500121004	pLOF	ITGAE
1.35480637870568e-07	0.0738132589402243	0.489	0.387	0.00265636886672822	pLOF	MED14
1.37943808901587e-07	0.0987407445203021	0.374	0.263	0.00270466426113343	pLOF	FOXC1
1.44040580920076e-07	0.0615039854861651	0.636	0.546	0.00282420367009993	pLOF	RBP5
1.54629744354793e-07	0.0805167790081684	0.333	0.241	0.00303182539756443	pLOF	HSBP1
1.59295838400676e-07	0.0949300996739431	0.129	0.074	0.00312331350352205	pLOF	HES3
1.59522507545455e-07	0.0628663013097802	0.57	0.47	0.00312775780544375	pLOF	NAP1L4
1.60595095077989e-07	0.0559182637137635	0.517	0.42	0.00314878802919413	pLOF	WFIKKN1
1.60744579392439e-07	0.0814123151026021	0.347	0.253	0.00315171896814756	pLOF	BORCS7
1.60753431783545e-07	0.0754156234047519	0.443	0.333	0.00315189253697997	pLOF	RP11-598P20.5
1.61348816319968e-07	0.0860107816334178	0.339	0.238	0.00316356624158561	pLOF	ZNF527
1.62829933553951e-07	0.0700138060960578	0.437	0.338	0.00319260650719232	pLOF	SOD1
1.63551489996493e-07	0.087793498956952	0.41	0.301	0.00320675406436125	pLOF	VPS72
1.66369063429e-07	0.0649107255741743	0.103	0.079	0.0032619982266524	pLOF	RPRM
1.67561546625882e-07	0.0540121933488437	0.584	0.492	0.00328537924469366	pLOF	AC013461.1
1.70736552858133e-07	0.0630148387244112	0.729	0.642	0.00334763159188941	pLOF	NCKAP1
1.71097565058485e-07	0.0518810146098422	0.788	0.722	0.00335470995810171	pLOF	EPHA7
1.71869459937642e-07	0.0710027957119947	0.564	0.462	0.00336984450099735	pLOF	PAK2
1.74378268106801e-07	0.0710366792760759	0.361	0.272	0.00341903470277004	pLOF	RP4-613B23.5
1.7594405107702e-07	0.0588438991186455	0.556	0.463	0.00344973500946713	pLOF	OGG1
1.81461196665328e-07	0.0637059364232711	0.503	0.393	0.00355790968301708	pLOF	XRN1
1.82152111270666e-07	0.0723803480249577	0.535	0.431	0.00357145644568394	pLOF	WTAP
1.84777297342086e-07	0.0556774234064226	0.599	0.503	0.00362292846898628	pLOF	USPL1
1.86854598510047e-07	0.0603497637750901	0.466	0.369	0.0036636581129865	pLOF	TMX2
1.8686582673361e-07	0.0603699166899622	0.496	0.395	0.0036638782647659	pLOF	FAAH
2.032254163428e-07	0.0738412055254552	0.428	0.321	0.00398464073823328	pLOF	MRPL55
2.03498042828727e-07	0.0595537210047623	0.548	0.463	0.00398998612574284	pLOF	NPTN
2.10124945583067e-07	0.0736644028265194	0.52	0.417	0.00411991980804719	pLOF	ATG13
2.21495605748021e-07	0.081017669478662	0.45	0.34	0.00434286434190144	pLOF	NTPCR
2.29335475632619e-07	0.0670735118514051	0.409	0.309	0.00449658067072877	pLOF	CTD-3214H19.4
2.32780316193884e-07	0.0729328074491106	0.668	0.567	0.00456412365961349	pLOF	UXS1
2.39594453385501e-07	0.0658313776364582	0.491	0.386	0.00469772844752951	pLOF	C1orf43
2.42218072506663e-07	0.0584420592885945	0.513	0.41	0.00474916974763815	pLOF	MECP2
2.49199978363118e-07	0.0871180186786042	0.298	0.201	0.00488606397576565	pLOF	SEPT5
2.51851411002115e-07	0.0810520061189836	0.334	0.233	0.00493805061551847	pLOF	TP53TG5
2.55374860660662e-07	0.0655533397949363	0.615	0.521	0.0050071348929736	pLOF	SH2D6
2.59216155756213e-07	0.102644408802087	0.302	0.201	0.00508245116591207	pLOF	COA6
2.62716348805637e-07	0.0840641486719219	0.421	0.32	0.00515107945103213	pLOF	WDR73
2.64510181927897e-07	0.0985982963477312	0.182	0.112	0.00518625113706028	pLOF	UBL5
2.68180785425236e-07	0.0723810262749665	0.443	0.342	0.00525822065983261	pLOF	AF011889.5
2.76615723501547e-07	0.0890466535560961	0.433	0.322	0.00542360449069483	pLOF	ZNF585B
2.7811185379771e-07	0.0891883161877559	0.199	0.125	0.0054529391174117	pLOF	ZNF596
2.81392863093964e-07	0.070925168239406	0.652	0.551	0.00551726986668336	pLOF	RB1
2.82232369439905e-07	0.0695936281391979	0.38	0.28	0.00553373006760823	pLOF	MRPL37
2.88110852494801e-07	0.0545772853474135	0.618	0.522	0.00564898948486557	pLOF	RP11-106M3.5
2.94301115540563e-07	0.105083398611387	0.151	0.088	0.00577036197240382	pLOF	FOXR2
2.94767347746213e-07	0.0764308862428283	0.404	0.302	0.00577950338726	pLOF	DHPS
2.95919785714747e-07	0.0507097756608503	0.635	0.549	0.00580209923850905	pLOF	TLN1
2.99419662998341e-07	0.0650737038803372	0.75	0.658	0.00587072133240847	pLOF	TRIM44
3.00705085133907e-07	0.0974136724297289	0.111	0.063	0.00589592460422052	pLOF	FBXO31.1
3.01635504259818e-07	0.085665979353398	0.385	0.283	0.00591416733202225	pLOF	FLOT2
3.0482052619914e-07	0.0654633182924548	0.466	0.366	0.00597661605718654	pLOF	HINT2
3.07030191570813e-07	0.0767510220565591	0.512	0.408	0.00601994096612892	pLOF	HS3ST1
3.31015542131773e-07	0.0722031613164897	0.382	0.284	0.00649022173457768	pLOF	DYNLL2
3.39745562776334e-07	0.0856790372401945	0.29	0.202	0.00666139124935557	pLOF	WDR46
3.45202744867888e-07	0.0603665673017706	0.556	0.461	0.00676839021862469	pLOF	SLC30A1
3.47665886157659e-07	0.0670118745705589	0.62	0.522	0.00681668502989323	pLOF	PEPD
3.55917218900546e-07	0.0792679969748827	0.496	0.392	0.00697846891098301	pLOF	TYMS
3.57032612128754e-07	0.105141124468835	0.255	0.16	0.00700033842600847	pLOF	CTHRC1
3.72165860784557e-07	0.0943329476322085	0.253	0.166	0.00729705603240281	pLOF	GPN2
3.75040713350735e-07	0.0673806164654219	0.484	0.392	0.00735342326666786	pLOF	NCBP3
3.76445429191411e-07	0.0921414183182396	0.205	0.125	0.00738096553015599	pLOF	MAPK8IP2
3.81253676374699e-07	0.0517826933546502	0.446	0.347	0.00747524083267873	pLOF	SDHB
3.81426134883324e-07	0.0737591755806103	0.503	0.396	0.00747862222665733	pLOF	TMEM238
3.85936019980365e-07	0.0741102930509595	0.42	0.321	0.00756704754375503	pLOF	IDS
3.86876894212902e-07	0.0753475648644255	0.301	0.216	0.00758549526483236	pLOF	MPP2
3.94544353691878e-07	0.0718887270189906	0.514	0.41	0.00773583114283664	pLOF	BLOC1S5
4.03551407575537e-07	0.0969496228012314	0.228	0.152	0.00791243244833355	pLOF	PIGZ
4.05809361435168e-07	0.0638998649190854	0.531	0.424	0.00795670414965935	pLOF	CEP63
4.21484290977881e-07	0.0673108425420372	0.388	0.284	0.00826404249320331	pLOF	ELOVL1
4.23774208680696e-07	0.0905947102119463	0.305	0.212	0.0083089409096024	pLOF	ZNF226
4.27569055393356e-07	0.0897045197410714	0.279	0.19	0.00838334646909753	pLOF	TRAPPC2B
4.31695249648138e-07	0.0543837893886536	0.534	0.45	0.00846424875985103	pLOF	ZNF248
4.33383153919943e-07	0.0725566016255054	0.521	0.415	0.00849734349890833	pLOF	YWHAH
4.34029985592062e-07	0.0995248424104721	0.118	0.07	0.00851002592750357	pLOF	CAPN6
4.38598160288106e-07	0.0757255759276702	0.332	0.236	0.00859959412876889	pLOF	TCIRG1
4.40752421115656e-07	0.0548206792234894	0.504	0.403	0.00864183272081466	pLOF	YIF1B
4.53305063967636e-07	0.0628007337969171	0.389	0.293	0.00888795238921344	pLOF	TIGD4
4.57083454934094e-07	0.0510647122259874	0.612	0.529	0.00896203530089279	pLOF	IL1RL2
4.59078520960452e-07	0.093203800674664	0.203	0.13	0.00900115256047159	pLOF	ADRA2B
4.65980361521549e-07	0.0603859893895868	0.661	0.579	0.00913647694835301	pLOF	USP31
4.67410906725745e-07	0.0722936899968326	0.479	0.371	0.00916452564817167	pLOF	GNL1
4.70125276180963e-07	0.0956988043454438	0.217	0.141	0.00921774629008013	pLOF	TMEM132A
4.79976819734622e-07	0.0613327434346932	0.447	0.352	0.00941090550453674	pLOF	SDCBP2
4.8740910473998e-07	0.073721557843922	0.445	0.336	0.00955663031663678	pLOF	FNTA
4.97644357638333e-07	0.0570044351476005	0.704	0.662	0.0097573129202148	pLOF	NPR3
5.29930206675263e-07	0.055841351437943	0.662	0.571	0.0103903415622819	pLOF	ALKBH5
5.31539298644865e-07	0.075679222013344	0.559	0.453	0.0104218910285299	pLOF	PIGN
5.34888004249375e-07	0.0519273259094847	0.623	0.534	0.0104875490993175	pLOF	FUZ
5.38525530122076e-07	0.0947223792607119	0.218	0.139	0.0105588700691035	pLOF	MOCS3
5.61445426128156e-07	0.11368382165077	0.125	0.068	0.0110082604700948	pLOF	ZP4
5.73486045223368e-07	0.0762871804461243	0.44	0.344	0.0112443408886946	pLOF	TIA1
5.74951909255695e-07	0.0796740019736852	0.304	0.216	0.0112730820847764	pLOF	CDCA5
5.98281011331996e-07	0.0510498007021024	0.517	0.42	0.0117304957891864	pLOF	ZNF654
6.08733430406489e-07	0.0799314471244936	0.385	0.277	0.01193543636998	pLOF	RRNAD1
6.11037772538678e-07	0.0692093021700229	0.395	0.304	0.0119806176061659	pLOF	PHAX
6.19913890584675e-07	0.0556157326975227	0.441	0.346	0.0121546516526937	pLOF	ZMPSTE24
6.31303619276292e-07	0.0590654630770959	0.518	0.42	0.0123779700631503	pLOF	SMTNL2
6.52778469858577e-07	0.0936931108719692	0.312	0.213	0.0127990274585171	pLOF	ABCE1
6.78559123816687e-07	0.0717992691048583	0.467	0.364	0.0133045087406738	pLOF	CD276
6.84691332309453e-07	0.0602027347781461	0.553	0.453	0.0134247429525915	pLOF	PPP1R15A
6.87220448700834e-07	0.0854962521420475	0.057	0.029	0.0134743313376772	pLOF	GPR6
6.9889032113989e-07	0.100045501371883	0.243	0.157	0.0137031425265898	pLOF	JTB
7.31022719484103e-07	0.0579762445603664	0.541	0.444	0.0143331624609248	pLOF	PIK3R3
7.31738667064686e-07	0.0782177409405262	0.279	0.193	0.0143472000451373	pLOF	GPNMB
7.43475241695746e-07	0.0831033085004009	0.158	0.103	0.0145773190639285	pLOF	RP11-565P22.6
7.472079030792e-07	0.0517639119540038	0.496	0.394	0.0146505053556739	pLOF	FAM76A
7.54673869445073e-07	0.102623997467684	0.38	0.28	0.0147968905582095	pLOF	AC008074.1
7.66018145255105e-07	0.0881129958771109	0.385	0.274	0.0150193177740168	pLOF	LYSMD1
7.72974100038854e-07	0.105130594501368	0.158	0.091	0.0151557031794618	pLOF	CPSF4L
7.93247434437397e-07	0.0660553292451644	0.522	0.41	0.015553202447014	pLOF	ARHGAP4
7.95220385328767e-07	0.079302135769976	0.475	0.373	0.0155918860951411	pLOF	FAM83G
7.95348283373014e-07	0.0522640306156139	0.761	0.674	0.0155943937920947	pLOF	FBXL5
8.04066840243028e-07	0.0508990569687316	0.627	0.531	0.0157653385366451	pLOF	MAD2L1BP
8.17694206895863e-07	0.079343347125897	0.34	0.241	0.0160325303146072	pLOF	RP4-635E18.9
8.21767004367214e-07	0.0763602249239531	0.505	0.401	0.016112385654628	pLOF	HADH
8.2653198673429e-07	0.0787934321159598	0.284	0.191	0.0162058126638992	pLOF	IFI6
8.27374336151509e-07	0.0878884611865799	0.118	0.072	0.0162223286089226	pLOF	OLIG1
8.30276396565726e-07	0.0904518087393598	0.327	0.228	0.0162792293074642	pLOF	TFPT
8.34104558703349e-07	0.0584371810684547	0.365	0.269	0.0163542880824966	pLOF	AKIRIN1
8.35456088866417e-07	0.0586418972276191	0.332	0.263	0.0163807875344038	pLOF	TRPM2
8.4492986686281e-07	0.0752692067809866	0.182	0.116	0.0165665398995791	pLOF	SLC6A20
8.59280977176669e-07	0.0564760339131353	0.602	0.506	0.016847922119503	pLOF	TSC22D2
8.64171931689208e-07	0.0794895414042543	0.068	0.038	0.0169438190646303	pLOF	C6orf15
8.99569553213326e-07	0.0954822245697241	0.17	0.107	0.0176378602298537	pLOF	CCDC74A
9.13147513191244e-07	0.0698447823068992	0.394	0.294	0.0179040832911407	pLOF	RNF7
9.28634067456217e-07	0.0708451851101579	0.436	0.339	0.0182077281606141	pLOF	GSTM4
9.69340435181593e-07	0.11103710260215	0.274	0.179	0.0190058579126055	pLOF	CKMT2
9.8437016914289e-07	0.0730339411886473	0.426	0.324	0.0193005459063846	pLOF	ANAPC13
9.84945354906416e-07	0.0649127138319957	0.638	0.559	0.0193118235736501	pLOF	KCTD3
9.92891544355349e-07	0.0669771125743939	0.421	0.319	0.0194676245101753	pLOF	RBM38
9.94826119916352e-07	0.0870868379943339	0.07	0.037	0.0195055557331999	pLOF	NEUROG2
1.00492641529821e-06	0.0557888597464145	0.647	0.555	0.0197035922247521	pLOF	CASP8
1.02508498516768e-06	0.0884129974052229	0.158	0.103	0.0200988413041827	pLOF	GREM1
1.05469556743355e-06	0.0772371161471527	0.428	0.318	0.0206794159906697	pLOF	YY1AP1
1.06367698636657e-06	0.0944618663293363	0.432	0.32	0.0208555146716893	pLOF	RCBTB1
1.09059390022511e-06	0.0838912343598675	0.259	0.17	0.0213832746017137	pLOF	MXRA8
1.09436745389687e-06	0.0884420320508338	0.323	0.226	0.021457262668556	pLOF	TRIM10
1.10788179921969e-06	0.0617603284616095	0.567	0.48	0.0217222384373005	pLOF	TRPC7
1.1197243512859e-06	0.0617334786371458	0.556	0.457	0.0219544353556626	pLOF	BFAR
1.13896962251891e-06	0.0705239949209376	0.491	0.388	0.0223317773887283	pLOF	SOCS1
1.15147310178901e-06	0.0621446203988752	0.269	0.178	0.0225769331067771	pLOF	PRKCG
1.17303972362171e-06	0.0926990126259948	0.203	0.127	0.0229997898610509	pLOF	PIGY
1.18171497052832e-06	0.0696332800109397	0.514	0.44	0.0231698854271487	pLOF	SLC25A48
1.20088885821975e-06	0.0906041143664678	0.327	0.224	0.0235458278431146	pLOF	APH1A
1.22706605770043e-06	0.0577350166577698	0.496	0.397	0.0240590841933323	pLOF	DDI2
1.23578099922734e-06	0.0867970350801079	0.253	0.172	0.0242299580518504	pLOF	STOML2
1.24199625891149e-06	0.0605116285458372	0.566	0.462	0.0243518206484775	pLOF	TBC1D9
1.24518580512588e-06	0.113169361970366	0.25	0.156	0.0244143580811032	pLOF	NBPF12
1.27209038287123e-06	0.0873879752916498	0.332	0.232	0.0249418761369563	pLOF	SNAPIN
1.29605971064942e-06	0.0612664952524946	0.427	0.342	0.0254118427467033	pLOF	LMAN1
1.29781525018127e-06	0.0661258632534845	0.339	0.247	0.0254462636103042	pLOF	CFAP74
1.31414183193126e-06	0.072302588222533	0.264	0.193	0.0257663788986761	pLOF	ZMAT2
1.31782729403386e-06	0.0794423920215863	0.222	0.162	0.0258386397541218	pLOF	MYH13
1.33381032150968e-06	0.0611732946992689	0.458	0.361	0.0261520189738403	pLOF	HIRIP3
1.34268777956386e-06	0.0590534689094797	0.335	0.246	0.0263260792939086	pLOF	SYN1
1.35583644324517e-06	0.0998644966955483	0.314	0.22	0.0265838851427081	pLOF	CAPN3
1.3696547163649e-06	0.0906753864283764	0.213	0.144	0.0268548200237667	pLOF	ZNF528
1.36989404661172e-06	0.080450512012344	0.28	0.189	0.0268595125719159	pLOF	GFAP
1.38275700128659e-06	0.0524553637983082	0.795	0.736	0.0271117165242261	pLOF	ERI2
1.38337813944162e-06	0.0768742156874807	0.198	0.13	0.0271238951800319	pLOF	TLCD2
1.42366605984293e-06	0.0953066651301673	0.064	0.03	0.0279138204353404	pLOF	NPIPB8
1.48752918517096e-06	0.0520319900983126	0.674	0.59	0.029165984733647	pLOF	MAPK8
1.49744850332385e-06	0.0835859659698842	0.168	0.106	0.0293604728046707	pLOF	FAM43A
1.52529725784784e-06	0.082420190906249	0.112	0.069	0.0299065033346227	pLOF	CCDC74B
1.5291186985383e-06	0.0759965199397215	0.438	0.347	0.0299814303222405	pLOF	MRPL43
1.54866761217486e-06	0.0754044854303418	0.398	0.295	0.0303647258719125	pLOF	PFDN6
1.58286852826477e-06	0.0626937895425602	0.489	0.386	0.0310353032336873	pLOF	MRPS23
1.60674262259694e-06	0.107397222050653	0.278	0.182	0.0315034026012582	pLOF	MAP1LC3C
1.62055831676503e-06	0.0522345322729555	0.544	0.443	0.0317742869168119	pLOF	CAP1
1.62229951724606e-06	0.0569389786857591	0.714	0.621	0.0318084266346434	pLOF	PPP4R3B
1.62461637124817e-06	0.069149053115702	0.293	0.214	0.031853853191063	pLOF	ATP13A2
1.63744793012206e-06	0.0638594860251349	0.474	0.377	0.0321054415659033	pLOF	DPCD
1.65214997697282e-06	0.100560660100841	0.096	0.053	0.032393704598506	pLOF	KRT2
1.67692843295643e-06	0.0614089003967237	0.464	0.361	0.0328795357849767	pLOF	BTF3L4
1.67908755317215e-06	0.0559562825712054	0.374	0.286	0.0329218696550464	pLOF	CXCL13
1.6909112821102e-06	0.0865376580288622	0.362	0.254	0.0331536975083348	pLOF	C1orf54
1.76815496919146e-06	0.0837816584349889	0.299	0.205	0.0346682144809369	pLOF	PINK1
1.83534292855816e-06	0.0729723114349649	0.44	0.332	0.0359855688002399	pLOF	ZGPAT
1.85467876250458e-06	0.0746587270698956	0.333	0.237	0.0363646864964273	pLOF	ENKD1
1.86584320757213e-06	0.0512859081042077	0.69	0.596	0.0365835877708668	pLOF	FHL2
1.87573048838602e-06	0.0714899089571729	0.357	0.259	0.0367774476857847	pLOF	TXLNA
1.96173085605264e-06	0.0502401563692895	0.588	0.498	0.0384636568946241	pLOF	MYH10
2.01734661545656e-06	0.0810533369729476	0.407	0.298	0.0395541150892567	pLOF	ZDHHC8
2.03305699533703e-06	0.095742806150367	0.252	0.167	0.0398621485075732	pLOF	COX6C
2.06125246372526e-06	0.0629929398153214	0.493	0.4	0.0404149770562611	pLOF	MOCS1
2.06428189416419e-06	0.0810230564374174	0.1	0.062	0.0404743750988772	pLOF	FGA
2.06521892333046e-06	0.095744115998909	0.316	0.221	0.0404927474297404	pLOF	PLCB2
2.10566736293584e-06	0.0851652448376846	0.423	0.317	0.041285819985083	pLOF	SPP1
2.12727651440674e-06	0.0790093891831506	0.17	0.113	0.0417095106179729	pLOF	C1orf226
2.19299751454077e-06	0.0909394217383438	0.315	0.217	0.0429981022676009	pLOF	AASDH
2.19512868939528e-06	0.0627393661758486	0.372	0.289	0.0430398882129732	pLOF	RARS
2.20397360218721e-06	0.0721740113789125	0.495	0.385	0.0432133104180847	pLOF	VAT1
2.26203003200237e-06	0.0511976092987494	0.728	0.652	0.0443516228374704	pLOF	GUCD1
2.40514925011614e-06	0.0883886579419606	0.42	0.32	0.0471577613470272	pLOF	CEPT1
2.48722198804894e-06	0.0883802041897063	0.165	0.103	0.0487669615196755	pLOF	IL7R
2.49170643187396e-06	0.0867814255257201	0.064	0.033	0.0488548880097527	pLOF	FGF20
2.53907521625086e-06	0.103779678270027	0.165	0.098	0.0497836477650306	pLOF	RP11-77H9.1
0	0.426569578505685	0.297	0.051	0	WT	MTRNR2L1
0	0.349101447935314	0.35	0.116	0	WT	CTD-2006C1.10
0	0.331906333238758	0.501	0.249	0	WT	NOVA1
0	0.329355975552683	0.326	0.123	0	WT	AC009336.19
0	0.320206366706538	0.283	0.105	0	WT	ZNF98
0	0.320078154060413	0.496	0.296	0	WT	CALCR
0	0.313552042801618	0.313	0.16	0	WT	MUC20
0	0.310674160264157	0.216	0.061	0	WT	ZNF433
0	0.307545691429812	0.217	0.067	0	WT	HOXD4
0	0.29571295870727	0.54	0.328	0	WT	HOXD3
0	0.273838251388099	0.488	0.299	0	WT	NCAM1
0	0.265524742958173	0.295	0.15	0	WT	ABO
0	0.245469459923035	0.43	0.296	0	WT	CES3
0	0.239902971362573	0.472	0.333	0	WT	MIPOL1
0	0.238591334709368	0.55	0.365	0	WT	ITGA2
0	0.238299279397586	0.593	0.467	0	WT	TMEM179
0	0.226185501513303	0.488	0.332	0	WT	GNAI1
0	0.178502748992406	0.825	0.757	0	WT	CTTNBP2
0	0.176443923888243	0.739	0.664	0	WT	STON2
0	0.171592119885343	0.78	0.74	0	WT	TRPS1
0	0.17102133999723	0.802	0.729	0	WT	ITGA1
0	0.149987198126758	0.851	0.821	0	WT	BNC2
3.45845952088873e-322	0.178584149354645	0.599	0.491	6.78100158260652e-318	WT	DDX10
2.61854792295861e-321	0.176294228942294	0.737	0.685	5.13418691254494e-317	WT	SLC16A12
2.81716231258679e-320	0.218891567622736	0.523	0.4	5.52361014628891e-316	WT	CEP128
8.60339102725347e-316	0.22954159488994	0.369	0.219	1.68686687871359e-311	WT	DENND1C
4.57178845531448e-315	0.269139133669159	0.354	0.219	8.9639056243351e-311	WT	NR2F1
8.02861224836624e-315	0.143136691399108	0.854	0.807	1.57417000353717e-310	WT	DOCK4
1.46219730264886e-312	0.241460005629347	0.132	0.031	2.86693025130361e-308	WT	HIST3H2BB
1.35363459834496e-308	0.238805770700137	0.129	0.03	2.65407135697497e-304	WT	HIST3H2A
4.23735943373505e-308	0.248803391883539	0.324	0.174	8.30819064172431e-304	WT	LRFN5
1.77684920290671e-302	0.20345822799572	0.658	0.531	3.48386823213918e-298	WT	ADSSL1
5.56422472001704e-300	0.149546322549786	0.833	0.772	1.09097754085374e-295	WT	HOXA3
2.35193174252385e-298	0.170075678333559	0.689	0.615	4.61143256756651e-294	WT	TBC1D4
3.39722906280517e-298	0.248581381640269	0.282	0.141	6.6609470234421e-294	WT	HOXD8
4.13387580683411e-298	0.189966305606661	0.515	0.412	8.10529029445965e-294	WT	KTN1
8.50936927586927e-297	0.228014174896374	0.34	0.211	1.66843203391969e-292	WT	CALCRL
2.86912564255605e-296	0.256558932718431	0.309	0.16	5.62549464735965e-292	WT	GRM3
5.31633983026563e-294	0.193282729588767	0.571	0.47	1.04237475052018e-289	WT	SLC25A21
2.44381257940113e-293	0.246905421081614	0.541	0.393	4.7915833244318e-289	WT	EDIL3
6.95544407429604e-286	0.167646236410799	0.614	0.536	1.36375391964722e-281	WT	AGMO
1.92836304471526e-285	0.168363672850808	0.636	0.611	3.78094142177322e-281	WT	STXBP6
1.1035033028838e-284	0.212501150371333	0.504	0.375	2.16363892596426e-280	WT	CFAP54
1.15317202118992e-284	0.170904785657474	0.644	0.572	2.26102438194707e-280	WT	THRB
1.32343306736957e-283	0.223521935928649	0.61	0.42	2.59485521519151e-279	WT	TFPI
5.78459779394386e-283	0.191304487788421	0.532	0.423	1.13418608945857e-278	WT	EFCAB11
5.67138528498364e-282	0.144599144410181	0.815	0.731	1.11198851282674e-277	WT	DIXDC1
5.99555532415552e-281	0.149031594015009	0.706	0.661	1.17554853240717e-276	WT	ADAM22
8.01373352986313e-281	0.252198323021922	0.156	0.042	1.57125273320026e-276	WT	HOXD1
4.38034163339328e-280	0.151126218828318	0.677	0.606	8.5885358405942e-276	WT	ABCB1
1.95395437543125e-279	0.164408969356218	0.567	0.505	3.83111834390805e-275	WT	LRP6
2.66704332312725e-279	0.188785934641665	0.686	0.56	5.22927184365561e-275	WT	DNAH11
1.86689318216149e-276	0.24846150610033	0.373	0.228	3.66041746226404e-272	WT	ASXL3
5.1603163537586e-271	0.231931128835608	0.218	0.108	1.01178322748145e-266	WT	SLC34A3
3.03489440145866e-270	0.18856570973811	0.613	0.525	5.95051745293999e-266	WT	THSD7A
1.33916486108356e-269	0.148106274157741	0.661	0.585	2.62570054312653e-265	WT	SIK3
7.45358221754119e-269	0.169689390141217	0.673	0.568	1.4614238653933e-264	WT	NR6A1
1.35344880808492e-267	0.129499559662495	0.866	0.835	2.6537070780121e-263	WT	DSCAML1
3.66743671817844e-267	0.226556874533262	0.444	0.327	7.19074317333246e-263	WT	BRINP3
2.44756825784744e-266	0.188265379443181	0.464	0.377	4.79894708316148e-262	WT	SEMA3D
7.77776365632778e-266	0.215548240079201	0.427	0.355	1.52498612009619e-261	WT	LPAR1
8.45785905729779e-266	0.235468469125486	0.348	0.211	1.65833242536438e-261	WT	KCNH5
2.11806522342388e-261	0.179602561236862	0.471	0.376	4.15289048356721e-257	WT	ASRGL1
4.85812057549208e-260	0.233551482130491	0.267	0.138	9.52531701236732e-256	WT	GMNC
5.85368087404001e-260	0.161398135605163	0.753	0.72	1.14773120897302e-255	WT	STK39
2.8805553841568e-258	0.23610165599011	0.182	0.089	5.64790494171623e-254	WT	AKR1B10
1.93160607461907e-254	0.163136440705172	0.641	0.546	3.78730003050562e-250	WT	CADM1
9.65561538336891e-251	0.219894442811581	0.404	0.269	1.89317650821714e-246	WT	GUCY1A2
1.23782030443089e-249	0.199787595663705	0.361	0.228	2.42699427089765e-245	WT	OBSL1
1.47490764196851e-249	0.160423454723937	0.581	0.488	2.89185141360766e-245	WT	RP11-108O10.8
3.17891227249008e-249	0.143308320095229	0.723	0.668	6.2328932926713e-245	WT	ANO4
7.430816444578e-249	0.215321754732203	0.427	0.312	1.45696018028841e-244	WT	GOLGA5
4.08920774593183e-245	0.192181497832574	0.415	0.321	8.01770962744855e-241	WT	SNX18
1.24945763092448e-244	0.205506607377751	0.315	0.206	2.44981157695363e-240	WT	RNF212B
1.46979973778394e-243	0.191330305569274	0.451	0.355	2.88183634587296e-239	WT	NDUFAF2
1.85023609033822e-242	0.221140738846093	0.191	0.093	3.62775790232615e-238	WT	RNF224
1.05629859512815e-239	0.179347826515667	0.603	0.54	2.07108465546777e-235	WT	MAP2
2.73559865519123e-239	0.172913168147431	0.47	0.395	5.36368828323345e-235	WT	PELI2
6.96439525355625e-239	0.236224044333502	0.303	0.153	1.36550897736477e-234	WT	SLC2A3
7.40805667060521e-238	0.238480409805584	0.318	0.187	1.45249767140556e-233	WT	SYNPR
5.66543045451589e-237	0.150443865246389	0.746	0.728	1.11082094921693e-232	WT	PCSK5
8.62157629741477e-236	0.149555150887602	0.656	0.631	1.69043246463411e-231	WT	ALDH1A1
2.13929454415528e-234	0.111542511495158	0.834	0.791	4.19451481272525e-230	WT	RERG
5.09137614381882e-234	0.167720094308025	0.571	0.492	9.98266120518555e-230	WT	RCOR1
8.90853701846062e-234	0.195899904750208	0.445	0.329	1.74669685320957e-229	WT	STEAP2
1.04723076884683e-233	0.140578312695788	0.799	0.754	2.05330536847797e-229	WT	ITPK1
1.70795801049878e-232	0.264221857452186	0.19	0.065	3.34879327118497e-228	WT	ZNF878
3.90404961963291e-232	0.216602027814918	0.375	0.256	7.65467008921425e-228	WT	CDH9
7.02340227633462e-232	0.147472022025862	0.713	0.693	1.37707848432093e-227	WT	CCDC91
2.34804001400265e-230	0.149085635174931	0.656	0.574	4.60380205545499e-226	WT	DAAM1
1.75570579249822e-229	0.197317054652201	0.557	0.435	3.44241234735126e-225	WT	PEG10
5.90064349042177e-228	0.167996773878645	0.458	0.387	1.156939169167e-223	WT	NUBPL
1.54040537439135e-227	0.222730314726786	0.188	0.083	3.02027281756912e-223	WT	HOXD9
6.61769564694208e-226	0.219252395972436	0.203	0.088	1.29753158549593e-221	WT	LRIF1
6.91893079050163e-225	0.203491393486514	0.294	0.182	1.35659476009365e-220	WT	ASPG
2.59985770041868e-224	0.140543983227677	0.677	0.651	5.0975409932109e-220	WT	ANKRD44
4.9923253266498e-224	0.172208806689588	0.466	0.388	9.78845226796226e-220	WT	PCNX1
9.83925399976381e-224	0.156955111552804	0.646	0.566	1.92918253173369e-219	WT	BCL2L2
9.72727976241609e-223	0.227699470895757	0.169	0.075	1.90722774301692e-218	WT	OR4N2
2.47101957800634e-222	0.185454634951663	0.469	0.401	4.84492808659703e-218	WT	NOL4
1.10274643283572e-221	0.214170660003521	0.331	0.208	2.162154930861e-217	WT	RP11-545J16.1
3.39618305128671e-221	0.167372027858393	0.542	0.482	6.65889610865786e-217	WT	MEGF9
1.08897649703675e-220	0.218049831826163	0.283	0.18	2.13515621773996e-216	WT	THEMIS
1.13404241161121e-218	0.210743585372274	0.338	0.221	2.22351695644611e-214	WT	PPP1R3A
1.43525896100353e-218	0.104044143393354	0.806	0.767	2.81411224483962e-214	WT	ST7
9.81418762880699e-218	0.12005459537831	0.704	0.679	1.92426776838019e-213	WT	PLEKHM3
1.03869981434942e-217	0.164610981993885	0.496	0.399	2.0365787259949e-213	WT	GLDC
3.40598495355447e-217	0.171900107970451	0.613	0.517	6.67811469843425e-213	WT	SCN9A
1.6622904024993e-216	0.208157212320159	0.339	0.228	3.25925279218038e-212	WT	CYP27A1
3.70965999424673e-216	0.203187052360712	0.317	0.212	7.27353035071957e-212	WT	PDE3B
2.03211217560641e-215	0.185196824699346	0.494	0.396	3.98436234271148e-211	WT	ABCA13
3.00679400095223e-215	0.158637897856721	0.547	0.46	5.89542099766704e-211	WT	GLCCI1
3.34715993788858e-214	0.180813672746243	0.485	0.384	6.56277649021815e-210	WT	PPP1R13B
6.866573744071e-213	0.168462546408705	0.503	0.396	1.346329114e-208	WT	RIN3
8.83634841732263e-213	0.137677649061528	0.666	0.64	1.73254283418445e-208	WT	AC013264.1
9.37936283431359e-211	0.144384728279235	0.617	0.563	1.83901167092387e-206	WT	AKT3
1.18016498271342e-210	0.127886961984052	0.743	0.708	2.3139494816062e-206	WT	SIPA1L1
3.31745537418092e-210	0.137718351206998	0.555	0.501	6.50453475215653e-206	WT	FRMD6
7.24409065072602e-210	0.202794518760474	0.364	0.245	1.42034885388785e-205	WT	CDH8
2.73383926026185e-209	0.165340720619734	0.544	0.445	5.36023863759541e-205	WT	AL078584.1
3.82101935844522e-209	0.172622353583687	0.406	0.324	7.49187265610355e-205	WT	SFMBT1
1.12993922313703e-208	0.187501304309909	0.441	0.346	2.21547183480477e-204	WT	CNTN1
2.64075254004133e-207	0.227837090580708	0.297	0.174	5.17772350525903e-203	WT	KCNH8
3.48468982267303e-207	0.21738744417423	0.321	0.223	6.83243133531501e-203	WT	PCDH10
2.02935781808735e-206	0.211593098168585	0.328	0.213	3.97896187392387e-202	WT	SLC24A2
9.28722549758781e-206	0.151945670131367	0.534	0.462	1.82094630331204e-201	WT	ZNF219
1.40308543018526e-205	0.160362126162855	0.543	0.451	2.75102960296424e-201	WT	NCOA3
1.78742963213597e-205	0.145960315283717	0.537	0.46	3.504613279729e-201	WT	PDZRN3
1.20758852701924e-203	0.180901216732741	0.44	0.338	2.36771882492663e-199	WT	NALCN
4.40770819155706e-203	0.135933218652696	0.757	0.701	8.64219345118592e-199	WT	SKAP2
9.61909517585923e-203	0.159185955516371	0.639	0.557	1.88601599113072e-198	WT	PPP2R5C
1.07511032603102e-202	0.110768376278753	0.835	0.763	2.10796881624902e-198	WT	BCL9L
5.83918071870936e-202	0.126789277532324	0.638	0.614	1.14488816351734e-197	WT	PPP1R14C
2.39926446237103e-200	0.232074453345176	0.208	0.098	4.70423783137088e-196	WT	ZYG11A
4.18748849071196e-200	0.158832112497551	0.422	0.346	8.21040868373895e-196	WT	ALG9
6.49001901017259e-200	0.131608505583752	0.727	0.692	1.27249802732454e-195	WT	MAPT
1.55264263506983e-199	0.171809085055133	0.398	0.307	3.04426641458143e-195	WT	SYT16
6.66716682660715e-199	0.220742554856849	0.161	0.068	1.30723139969286e-194	WT	H1F0
3.98354846315521e-198	0.156141784891938	0.601	0.524	7.81054347170841e-194	WT	RPS6KA5
5.09631600233251e-197	0.124742208685432	0.709	0.665	9.99234678577336e-193	WT	RASAL2
6.59014421312547e-197	0.163595316468986	0.454	0.376	1.29212957586751e-192	WT	RP11-894J14.5
7.38279057364311e-196	0.151090113735298	0.682	0.621	1.44754374777421e-191	WT	BBS9
2.63261002016236e-195	0.103465588816973	0.843	0.785	5.16175846653235e-191	WT	P3H2
2.86992609108363e-195	0.23211322672386	0.275	0.181	5.62706408678766e-191	WT	FN1
3.17710651857862e-195	0.191237302094676	0.282	0.188	6.2293527509771e-191	WT	DACT2
1.88686686961924e-194	0.16512011942057	0.344	0.25	3.69957987126245e-190	WT	LRRC43
3.6989797661091e-194	0.159613248678049	0.528	0.445	7.25258962741012e-190	WT	HOMEZ
4.85177965944842e-194	0.121568206580736	0.64	0.598	9.51288437828051e-190	WT	LRRC8D
2.29678673319011e-193	0.178051119898915	0.429	0.341	4.50330974776584e-189	WT	DACH1
4.16199312807984e-193	0.176888472425965	0.319	0.217	8.16041992622614e-189	WT	JMY
7.51384764634884e-193	0.13725846611959	0.687	0.652	1.47324010801962e-188	WT	HECW1
1.77982234794878e-192	0.218019122678112	0.224	0.117	3.48969767762316e-188	WT	CHRM2
2.6857185232017e-192	0.172096042323309	0.579	0.468	5.26588830844157e-188	WT	PRKCQ
4.1399952886159e-192	0.185583050267715	0.301	0.197	8.11728876238919e-188	WT	ZNF90
1.11210535982169e-191	0.19229813257109	0.286	0.197	2.18050497900238e-187	WT	CFH
2.53893565860301e-191	0.210066011131981	0.268	0.166	4.97809114582293e-187	WT	SPHKAP
8.02291576506013e-191	0.197916966640179	0.342	0.204	1.57305309405534e-186	WT	HOXA5
1.41826567585293e-189	0.169946398500938	0.493	0.423	2.78079351064484e-185	WT	CPED1
7.3076135305201e-189	0.222397634525396	0.148	0.056	1.43280378492908e-184	WT	C14orf39
2.3812011800822e-188	0.147466837075843	0.354	0.3	4.66882115378717e-184	WT	ARHGEF6
9.28808587661498e-188	0.167977060919513	0.503	0.398	1.8211149978279e-183	WT	SSBP4
2.37324602418958e-187	0.124549138621862	0.718	0.653	4.65322347962851e-183	WT	USP2
8.58998009432011e-187	0.205882963117943	0.204	0.116	1.68423739709334e-182	WT	SLC16A14
2.21296928696803e-186	0.1423381439093	0.538	0.484	4.33896888095821e-182	WT	KLF12
2.51489548337151e-185	0.182675024805653	0.25	0.163	4.93095557424653e-181	WT	SOSTDC1
1.43478847962958e-184	0.197344794066515	0.352	0.25	2.81318977200972e-180	WT	BDNF
2.62097376065304e-184	0.155130493168961	0.399	0.331	5.13894325251241e-180	WT	BCL2L14
5.70669938739435e-184	0.141669016997738	0.516	0.467	1.11891254888641e-179	WT	SLIT2
6.69555028678359e-184	0.123570143827186	0.73	0.697	1.31279654472966e-179	WT	SLC2A13
7.52255357273571e-184	0.201287359409963	0.27	0.163	1.47494707900629e-179	WT	KIF26A
5.33639028396791e-183	0.195232370028931	0.341	0.23	1.04630604297759e-178	WT	CCDC39
8.51284026651029e-182	0.196876800501466	0.241	0.154	1.66911259105467e-177	WT	UCN3
1.25349770814631e-181	0.184707028365796	0.398	0.303	2.45773295636247e-177	WT	RIT2
2.89915507760871e-181	0.149271779370536	0.562	0.483	5.6843733606674e-177	WT	PTPN4
1.19911536058974e-180	0.172765889948829	0.498	0.42	2.3511054875083e-176	WT	ADAMTS6
1.66998358954657e-180	0.149005248041455	0.562	0.48	3.27433682402395e-176	WT	ATM
1.69122349144822e-180	0.165844371267679	0.437	0.355	3.31598189968252e-176	WT	KYNU
1.8289168938764e-180	0.159960947213765	0.538	0.468	3.58595735382345e-176	WT	ZHX1
2.71566736294227e-180	0.136493716274487	0.494	0.44	5.32460899852091e-176	WT	SOS2
1.40936757629037e-179	0.189062265820136	0.467	0.367	2.76334700683253e-175	WT	PID1
2.28099815068027e-179	0.12790357618862	0.631	0.588	4.47235307403881e-175	WT	HSPB2-C11orf52
2.81803456022128e-179	0.161172219904319	0.436	0.353	5.52532036222586e-175	WT	CEP164
5.32379756291424e-179	0.108614712408007	0.912	0.902	1.04383698816059e-174	WT	ZBTB16
6.61439276608188e-179	0.166576535979437	0.397	0.314	1.29688398964567e-174	WT	CBL
1.2049010381504e-178	0.150781599168098	0.552	0.48	2.3624494655015e-174	WT	PPP1R3E
1.40530103864907e-178	0.129317365172676	0.602	0.561	2.75537374647922e-174	WT	ISPD
6.90580346708136e-178	0.160161354321888	0.507	0.423	1.35402088579064e-173	WT	AOX1
1.84422375930352e-177	0.218895188291935	0.103	0.03	3.61596952486641e-173	WT	ZNF781
2.4696501304435e-176	0.220226125281802	0.255	0.155	4.84224301076058e-172	WT	GREM2
3.93562398802227e-176	0.182814586789525	0.393	0.288	7.71657795331526e-172	WT	ST8SIA4
5.68652261429248e-176	0.122649083372581	0.614	0.569	1.11495648898433e-171	WT	SPON1
6.76070235543185e-176	0.183203153446842	0.416	0.305	1.32557091082952e-171	WT	TPH2
7.1564040037991e-176	0.162549168771852	0.461	0.383	1.40315613302489e-171	WT	COL24A1
9.93982771405233e-176	0.178152660127434	0.387	0.297	1.94890201989424e-171	WT	PTPRQ
2.36765435085249e-175	0.165975004714191	0.49	0.414	4.64225988571649e-171	WT	DYNC1I1
4.20660458672688e-174	0.143844464830656	0.534	0.448	8.24788961319539e-170	WT	KMT2A
5.22558477388191e-174	0.191163419604146	0.323	0.235	1.02458040661503e-169	WT	PTPRZ1
6.51018889539686e-174	0.15631287788242	0.511	0.451	1.27645273672046e-169	WT	PDZRN4
3.45305859761088e-173	0.123608782524808	0.737	0.68	6.77041199233565e-169	WT	CLMN
1.59024722114243e-171	0.149592364409905	0.54	0.481	3.11799772649396e-167	WT	LIN52
2.26484238351501e-171	0.20459907701207	0.219	0.123	4.44067646135788e-167	WT	FAM19A4
2.43969859092952e-171	0.146876646986457	0.494	0.431	4.78351702723552e-167	WT	RUNDC3B
4.33134297705907e-171	0.135838277780747	0.663	0.583	8.49246417511972e-167	WT	TRIM9
5.99982553703469e-171	0.164698536084226	0.498	0.4	1.17638579304639e-166	WT	KCNJ3
1.00483563058037e-170	0.167838232348786	0.389	0.309	1.97018122087893e-166	WT	ZPBP
1.18699643361251e-170	0.115292251534875	0.656	0.609	2.32734390738406e-166	WT	RP11-561B11.2
2.51057199660592e-170	0.125250923687042	0.658	0.636	4.92247851374522e-166	WT	ACSS3
2.89620120276239e-170	0.135832798058493	0.454	0.398	5.67858169825621e-166	WT	AVEN
4.48565301416909e-170	0.191431074779592	0.144	0.072	8.79501986488134e-166	WT	AGR2
1.31620506005566e-169	0.140613641518229	0.487	0.426	2.58068326125113e-165	WT	C11orf65
1.88397734153013e-169	0.148271227937444	0.479	0.409	3.69391437353813e-165	WT	L2HGDH
3.52420902857266e-169	0.0851896607525403	0.824	0.774	6.90991664232242e-165	WT	RP11-834C11.12
8.26247773856124e-169	0.123663740641549	0.645	0.603	1.6200240101997e-164	WT	GBE1
2.67201175413072e-168	0.134468086559628	0.657	0.599	5.23901344632409e-164	WT	PACS2
5.40704413956725e-168	0.176824796906049	0.405	0.323	1.06015914444495e-163	WT	SLC30A10
5.56840121929887e-168	0.151197431329584	0.388	0.322	1.09179642706793e-163	WT	RALGAPA1
1.4406157659857e-167	0.144839438563258	0.596	0.537	2.82461533236816e-163	WT	ZHX1-C8orf76
1.51858151749756e-167	0.165159087983826	0.546	0.458	2.97748278135746e-163	WT	SGCE
1.80601934078758e-166	0.135135305481551	0.429	0.376	3.5410621214822e-162	WT	TMEM19
2.84847456489568e-166	0.169968134226088	0.455	0.384	5.58500407939097e-162	WT	RARB
3.97298157080162e-166	0.108659568121143	0.676	0.658	7.78982496587073e-162	WT	CHN2
1.25820624536546e-165	0.166308480246598	0.391	0.302	2.46696498528807e-161	WT	USP28
2.34210509886487e-164	0.174720654320367	0.283	0.185	4.59216546734435e-160	WT	MIS18BP1
6.51449702351003e-164	0.192411113696456	0.328	0.211	1.27729743139961e-159	WT	TPO
6.08384457799794e-163	0.131578182797922	0.637	0.574	1.19285940640806e-158	WT	DPY19L1
1.09072314134067e-162	0.121043298444207	0.612	0.58	2.13858086322665e-158	WT	EPHA4
2.18344168664961e-162	0.118329916906166	0.595	0.592	4.28107411501389e-158	WT	BTBD7
3.37571442830476e-162	0.151756941942762	0.453	0.389	6.61876327957714e-158	WT	NELL2
5.81947033577315e-162	0.132947509488524	0.432	0.38	1.14102354873504e-157	WT	RP11-293I14.2
5.88620844157027e-162	0.119904268168395	0.83	0.784	1.15410888913868e-157	WT	SCARB1
7.31292143926955e-162	0.184767037968626	0.405	0.303	1.43384450659758e-157	WT	IQCJ
8.8718354540089e-162	0.140049358741025	0.493	0.424	1.73950077746753e-157	WT	BRMS1L
2.94820000175144e-161	0.110922575233943	0.764	0.729	5.78053574343404e-157	WT	FANCC
3.88967382170365e-161	0.135736910859716	0.552	0.488	7.62648346221434e-157	WT	SPTLC2
5.44489143559821e-161	0.193796471228623	0.142	0.068	1.06757986377774e-156	WT	LRRC34
9.37520710585191e-161	0.162731984543641	0.375	0.28	1.83819685724438e-156	WT	HOXA6
2.54009301087767e-160	0.171330501695099	0.476	0.385	4.98036036642785e-156	WT	SOX5
3.59886455877245e-160	0.155805535951295	0.358	0.292	7.05629374038515e-156	WT	ZFP30
1.51264722220874e-159	0.132167740408412	0.541	0.484	2.96584740858468e-155	WT	PHF14
1.74034567899109e-159	0.14042076792626	0.517	0.448	3.41229577279784e-155	WT	MGAT3
9.50908075385144e-159	0.121610308153592	0.592	0.545	1.86444546340765e-154	WT	GPD2
2.11470363639001e-158	0.138454878151067	0.427	0.363	4.14629941986989e-154	WT	ENPP2
2.56601191715328e-158	0.144236722107753	0.494	0.417	5.03117956596243e-154	WT	SLC16A10
1.05137151124925e-157	0.187634452226904	0.203	0.118	2.0614241221064e-153	WT	STK31
1.65851811920475e-156	0.156875375067362	0.352	0.284	3.25185647632475e-152	WT	COLCA2
3.18964168315735e-156	0.215380014422033	0.114	0.035	6.25393044816661e-152	WT	CCDC8
3.30104088052821e-156	0.11489718020254	0.813	0.777	6.47235085445165e-152	WT	NR1H2
1.03123012107537e-155	0.144005134768472	0.489	0.442	2.02193289839248e-151	WT	ANKRD7
2.93478413094938e-155	0.136383416158918	0.496	0.446	5.75423124555246e-151	WT	LIN7A
2.12369519456917e-154	0.214946706844341	0.142	0.055	4.16392916799178e-150	WT	ZNF354C
1.63493726880893e-153	0.13808102140365	0.478	0.4	3.20562150295367e-149	WT	RP11-176H8.1
3.94629699599702e-153	0.177316004204438	0.221	0.133	7.73750452005136e-149	WT	NSUN7
8.34546073675511e-153	0.123353927006694	0.593	0.548	1.63629448665557e-148	WT	POC1B
9.79593013895825e-153	0.112211586054126	0.755	0.722	1.92068802234554e-148	WT	ABL1
1.05210051950886e-152	0.112798861015402	0.701	0.66	2.06285348860102e-148	WT	NRL
1.16839199795366e-152	0.124647232023349	0.613	0.57	2.29086619038775e-148	WT	LDHB
1.99564687874355e-152	0.127748883891264	0.632	0.589	3.91286483515248e-148	WT	LMBR1
6.61751444932804e-152	0.110177576802092	0.688	0.673	1.29749605807975e-147	WT	NUMB
2.35144711436999e-151	0.197408077031095	0.249	0.151	4.61048235714525e-147	WT	SLC17A4
2.62120166426067e-151	0.10503309699621	0.764	0.748	5.1393901031159e-147	WT	FOXN3
3.60737441847513e-151	0.146240781023892	0.5	0.425	7.07297902230418e-147	WT	NPAT
3.61255436823205e-151	0.0968160905400963	0.873	0.843	7.08313534979259e-147	WT	SETBP1
5.66073644399897e-151	0.109315385360473	0.726	0.717	1.10990059457488e-146	WT	TTC7B
5.77876596835986e-151	0.159754818004825	0.382	0.297	1.13304264341632e-146	WT	LGMN
1.48121054739899e-150	0.110635281162986	0.63	0.603	2.90420952028521e-146	WT	CRYAB
1.53168008862819e-150	0.177002588139469	0.227	0.149	3.0031651497733e-146	WT	HCRTR2
2.55391689792199e-150	0.203466466542778	0.367	0.27	5.00746486175565e-146	WT	EPHA3
4.02353301321072e-150	0.123862652538667	0.585	0.531	7.88894117900225e-146	WT	TMEM263
8.8409128045867e-150	0.151648212752188	0.393	0.329	1.73343777359531e-145	WT	RERGL
1.12533116145392e-149	0.157535230887153	0.409	0.333	2.20643680826269e-145	WT	NXPH1
1.54350236905409e-149	0.157447230333052	0.515	0.446	3.02634509500435e-145	WT	KCNH1
2.35556966553456e-149	0.135951684600509	0.369	0.313	4.61856544321361e-145	WT	PLBD1
5.9443363421783e-149	0.117508475509507	0.663	0.642	1.1655060266109e-144	WT	PCLO
7.3161921774659e-149	0.109680221610288	0.68	0.64	1.43448580023574e-144	WT	GSAP
1.71885999910892e-148	0.130751128401581	0.437	0.388	3.37016880025285e-144	WT	KDELC2
2.08926031339066e-148	0.0881445406433328	0.788	0.765	4.09641269646506e-144	WT	C14orf37
6.55224051686125e-148	0.117244583554994	0.609	0.564	1.28469779814099e-143	WT	SPATS2
1.16409986740964e-147	0.118234805905012	0.632	0.585	2.28245061003009e-143	WT	TMEM135
4.41003738960193e-147	0.112327204455117	0.511	0.473	8.64676030979251e-143	WT	CDKL5
7.02897041678737e-147	0.150864052923438	0.437	0.354	1.3781702296195e-142	WT	SMC5
1.13641094742436e-146	0.159435329030334	0.269	0.198	2.22816094461495e-142	WT	KLHDC1
1.38596521280354e-146	0.121626405433132	0.524	0.469	2.71746199274391e-142	WT	KIAA0391
5.7482710670755e-146	0.156401474068766	0.362	0.273	1.12706350812149e-141	WT	NRDE2
7.05612448825846e-146	0.123139853891808	0.716	0.688	1.38349432841284e-141	WT	CCDC85C
8.09346567913042e-146	0.085850441955705	0.754	0.73	1.5868858157071e-141	WT	RP11-302M6.4
1.74627214751451e-145	0.167732831698405	0.245	0.17	3.42391579963171e-141	WT	SERPINA6
1.77766093634322e-145	0.183840051784625	0.245	0.158	3.48545979788815e-141	WT	RP11-397G17.1
1.79295505109731e-145	0.124109568819005	0.349	0.305	3.5154469686865e-141	WT	C11orf63
3.98178165299392e-145	0.124213403322431	0.468	0.417	7.80707928702518e-141	WT	MPP5
5.11726722008921e-145	0.189381955571226	0.189	0.106	1.00334258384289e-140	WT	RP11-125O5.2
9.55686131521602e-145	0.161737760301127	0.315	0.242	1.8738137980744e-140	WT	FREM1
1.10254717054545e-144	0.111059360586203	0.675	0.641	2.16176423728846e-140	WT	AEBP2
8.05936767580506e-144	0.15650322171354	0.375	0.295	1.5802002201951e-139	WT	PPP4R4
1.98317946165424e-143	0.218220526670721	0.158	0.063	3.88841997046547e-139	WT	ACOT1
2.32475940604966e-142	0.154829393351511	0.246	0.158	4.55815576744157e-138	WT	BMP4
1.66919998679332e-141	0.124319036719748	0.734	0.667	3.27280041410567e-137	WT	KCNC3
1.83585333300042e-141	0.118814988008911	0.578	0.531	3.59955763001391e-137	WT	EVI5
2.06342364106341e-141	0.103915354659463	0.704	0.678	4.04575473303303e-137	WT	SUSD6
2.12703137859723e-141	0.153318023744136	0.414	0.335	4.17047042401558e-137	WT	C12orf40
2.35178082052647e-141	0.132728901240579	0.446	0.403	4.61113665480626e-137	WT	PHEX
2.89937648218299e-141	0.118463599389382	0.582	0.541	5.68480746861619e-137	WT	CNOT4
2.90464226680881e-141	0.119239879438836	0.671	0.642	5.69513209253203e-137	WT	ARL15
3.23538011687765e-141	0.157945960494637	0.43	0.322	6.34360979516201e-137	WT	CYS1
8.92501163531627e-141	0.128771616975852	0.679	0.634	1.74992703133646e-136	WT	DNM1
1.70362454874701e-140	0.134171731809752	0.439	0.376	3.34029665272825e-136	WT	TDP1
2.70709481267221e-140	0.0768037712672957	0.785	0.781	5.3078007992064e-136	WT	NRCAM
9.93070594829613e-140	0.152249922262032	0.515	0.424	1.94711351528242e-135	WT	MYT1
1.96039255352935e-139	0.188691441581113	0.257	0.167	3.843741679705e-135	WT	MEI4
4.73391828150018e-139	0.129618018737875	0.381	0.345	9.2817935745374e-135	WT	C11orf52
5.07454192289601e-139	0.174340874905708	0.347	0.255	9.9496543482222e-135	WT	PRR16
5.08715509375969e-139	0.124132769258307	0.494	0.459	9.97438499233463e-135	WT	PDE3A
7.23386687739392e-139	0.136922543186457	0.361	0.3	1.41834427865063e-134	WT	YLPM1
8.49800546561923e-139	0.137077584725822	0.448	0.391	1.66620393164396e-134	WT	GTF2A1
1.05057362733879e-138	0.132558122442345	0.371	0.325	2.05985971112317e-134	WT	COL9A3
1.0752152621555e-138	0.0783447818524936	0.855	0.854	2.10817456450829e-134	WT	SRGAP1
1.36000410113227e-138	0.140661973546571	0.409	0.338	2.66656004109004e-134	WT	UTP20
2.64560835643253e-138	0.131495951948879	0.354	0.299	5.18724430445726e-134	WT	RP11-1012A1.4
4.0968354525428e-138	0.175128048996156	0.195	0.115	8.03266527180067e-134	WT	ARHGAP20
1.00178443854001e-137	0.121674173036786	0.563	0.521	1.9641987486454e-133	WT	SLC37A4
1.600439384793e-137	0.1718408412062	0.242	0.164	3.13798150176364e-133	WT	MARK1
1.66367455318707e-137	0.13490548951902	0.523	0.489	3.26196669643389e-133	WT	GRIP1
2.82983822502796e-137	0.159151249936748	0.338	0.268	5.54846380781231e-133	WT	C12orf42
3.42795687277378e-137	0.164754095008854	0.258	0.184	6.72119504044755e-133	WT	CXorf57
4.06354030345814e-137	0.13962796823147	0.373	0.321	7.96738347299037e-133	WT	COL28A1
7.8539673990727e-137	0.144129059079655	0.37	0.297	1.53992738793618e-132	WT	ATG2B
9.88482952034008e-137	0.0910226674184779	0.81	0.802	1.93811852405308e-132	WT	PDZD2
1.24275498443754e-136	0.171805838521507	0.251	0.169	2.43666969798669e-132	WT	OLFM3
1.93703282251642e-136	0.177749721291361	0.254	0.157	3.79794025510794e-132	WT	ISYNA1
2.26287744969512e-136	0.129685506294112	0.567	0.522	4.43682381561722e-132	WT	YY1
3.0413568073593e-136	0.137280314249168	0.352	0.303	5.96318829218938e-132	WT	PON2
5.13853828686368e-136	0.159917447111056	0.258	0.192	1.00751320190536e-131	WT	SNCG
1.30516767860373e-135	0.111585699212687	0.447	0.411	2.55904226743834e-131	WT	BAZ1A
1.4424426193712e-135	0.109878249962667	0.533	0.499	2.82819724380112e-131	WT	FERMT2
2.09042320049923e-135	0.137511485565784	0.448	0.379	4.09869276921883e-131	WT	TXNDC16
2.17977535076055e-135	0.0874394189129115	0.674	0.641	4.2738855302362e-131	WT	ARHGEF12
2.907944375441e-135	0.126209714084935	0.333	0.283	5.70160653692717e-131	WT	HYLS1
5.20645072561634e-135	0.116835713374382	0.463	0.41	1.0208287937716e-130	WT	SMURF2
5.55686668975293e-135	0.132083775775429	0.526	0.473	1.08953485185986e-130	WT	INF2
5.91513081894162e-135	0.109439096329473	0.604	0.559	1.15977969966988e-130	WT	UPK2
6.07356854741666e-135	0.0836099897271377	0.762	0.723	1.19084458509199e-130	WT	HOXC6
6.96670775972085e-135	0.181263410327685	0.162	0.085	1.36596239044847e-130	WT	SLCO1B3
1.01364986934596e-134	0.119356491979596	0.514	0.471	1.98746329882663e-130	WT	FAM69A
2.20495018988866e-134	0.127818780440047	0.45	0.399	4.3232458373147e-130	WT	CCDC88A
3.15519798062886e-134	0.0872228454216214	0.828	0.819	6.18639668061901e-130	WT	PRUNE2
4.81940102258466e-134	0.159707219093223	0.262	0.187	9.44939958498174e-130	WT	ABCB4
4.88052770483541e-134	0.115669498772502	0.582	0.538	9.56925067087079e-130	WT	FUT8
5.3220758592567e-134	0.116617309469396	0.576	0.524	1.04349941372446e-129	WT	PELO
6.17228329369521e-134	0.144227363817907	0.421	0.356	1.21019958539482e-129	WT	NTNG1
6.44018789987259e-134	0.14377883230414	0.411	0.351	1.26272764152802e-129	WT	ANO3
6.57544857418846e-134	0.150759770370094	0.397	0.323	1.28924820194113e-129	WT	TECPR2
7.62583385163961e-134	0.12593927210649	0.452	0.401	1.49519724329098e-129	WT	KLHL28
1.24556584062597e-133	0.139908556643274	0.341	0.251	2.44218094371534e-129	WT	CLIP4
1.25589537757244e-133	0.157403954561338	0.361	0.296	2.46243406680629e-129	WT	LEF1
2.18064411516933e-133	0.0987548094321337	0.677	0.658	4.2755889166125e-129	WT	CHURC1-FNTB
2.71133081211997e-133	0.111093593246233	0.569	0.529	5.31610632332362e-129	WT	GXYLT1
4.87724654381426e-133	0.0790414450642539	0.719	0.719	9.56281729845662e-129	WT	TXNRD1
5.05921530033692e-133	0.0756583029966166	0.699	0.668	9.9196034393706e-129	WT	ARHGAP32
5.81867899976885e-133	0.166730209544955	0.176	0.111	1.14086839148468e-128	WT	C14orf180
8.79823272067949e-133	0.147208259424587	0.394	0.322	1.72506948954363e-128	WT	TTC12
1.88736307527932e-132	0.105601898951887	0.615	0.59	3.70055278170017e-128	WT	PPHLN1
3.75651281469796e-132	0.171133545847135	0.264	0.192	7.3653946757783e-128	WT	WDR64
5.35083073660549e-132	0.124799627942094	0.425	0.367	1.04913738252624e-127	WT	FOS
7.46372868796813e-132	0.142540849621278	0.377	0.319	1.46341328384991e-127	WT	BBOF1
9.12589858376908e-132	0.134491439799052	0.316	0.262	1.7893149353196e-127	WT	MNAT1
1.0658200759493e-131	0.100904284919029	0.76	0.708	2.08975342291379e-127	WT	NOL4L
1.12907683030665e-131	0.103256647924915	0.807	0.797	2.21378094118225e-127	WT	FAM172A
1.19937075426362e-131	0.160814393867727	0.297	0.219	2.35160623788469e-127	WT	ADAMTS20
1.22457720186636e-131	0.138144260549226	0.262	0.208	2.40102851969938e-127	WT	FSIP2
2.17321918687977e-131	0.13719442408614	0.302	0.249	4.26103085971516e-127	WT	SLC38A6
3.82863923500313e-131	0.112254826264499	0.527	0.513	7.50681294807065e-127	WT	PSMA1
3.88123356763736e-131	0.122323346191975	0.357	0.331	7.60993465606657e-127	WT	METTL24
4.52216533366329e-131	0.145073931222468	0.372	0.311	8.86660956971361e-127	WT	TTN
5.66010528155958e-131	0.176153014550458	0.245	0.166	1.10977684255539e-126	WT	ADAM23
8.2860164115213e-131	0.132549288568412	0.464	0.405	1.62463923780698e-126	WT	CEP83
1.25119387508376e-130	0.100766173922899	0.755	0.703	2.45321583087672e-126	WT	AL034550.1
2.3408159545625e-130	0.100368989116815	0.741	0.719	4.5896378421107e-126	WT	C14orf159
2.43376543252771e-130	0.124528274709611	0.598	0.537	4.77188388355708e-126	WT	AKAP2
2.58996400780905e-130	0.118953403525508	0.447	0.402	5.07814243011121e-126	WT	PPP4R3A
5.88800775961052e-130	0.171744956878811	0.23	0.149	1.15446168142683e-125	WT	COX7B2
6.9056376447646e-130	0.117047713477161	0.576	0.537	1.35398837300899e-125	WT	POMT2
7.90447085243422e-130	0.113965627340729	0.552	0.512	1.54982960003678e-125	WT	CDON
8.16598640240087e-130	0.145763469516559	0.284	0.219	1.60110495391874e-125	WT	WDHD1
8.31885665078943e-130	0.107497213020959	0.606	0.577	1.63107822352028e-125	WT	SATB2
1.08378471557171e-129	0.143107405873448	0.337	0.27	2.12497669182145e-125	WT	MOK
1.22601625083877e-129	0.140051430394704	0.343	0.285	2.40385006301957e-125	WT	STRA8
1.63918945347462e-129	0.0984111563886497	0.613	0.59	3.21395876142768e-125	WT	CDKL1
2.24511016459824e-129	0.184804428178545	0.166	0.096	4.40198749972777e-125	WT	SLC6A15
4.2284322299256e-129	0.0842868888769731	0.774	0.742	8.29068707321512e-125	WT	RAI14
4.45756604001198e-129	0.130104088184691	0.473	0.42	8.73994973465149e-125	WT	TFEC
7.19414378916031e-129	0.135357154641921	0.298	0.239	1.41055577274066e-124	WT	GNG11
1.95008392686128e-128	0.10992196843775	0.49	0.44	3.82352955539692e-124	WT	DDX6
2.6540078548295e-128	0.141752081428366	0.386	0.336	5.2037132009642e-124	WT	MSRB3
4.1717969169586e-128	0.11581319234797	0.657	0.617	8.17964221508072e-124	WT	BRF1
9.64508863980467e-128	0.111564385952767	0.462	0.427	1.8911125296065e-123	WT	PRKACB
1.03990236563521e-127	0.12427238174128	0.395	0.338	2.03893656830096e-123	WT	PYGL
1.09404911517408e-127	0.133429390993966	0.391	0.343	2.14510210012181e-123	WT	JDP2
6.23827100750038e-127	0.125132946960202	0.505	0.453	1.2231377964406e-122	WT	CERKL
6.58235034354119e-127	0.154419368518467	0.28	0.213	1.29060143185812e-122	WT	KCNC2
8.03180430794095e-127	0.0598299839697725	0.859	0.875	1.57479587065798e-122	WT	FMNL2
8.50658555776167e-127	0.117248388848804	0.515	0.471	1.66788623031033e-122	WT	ARHGAP5
2.65037149206856e-126	0.131361954516592	0.276	0.212	5.19658338449883e-122	WT	ATP5L
6.29730934174419e-126	0.122137376017346	0.451	0.403	1.23471344263578e-121	WT	FAM179B
9.66656665135492e-126	0.128750780905492	0.335	0.29	1.89532372333116e-121	WT	PNP
1.1819300284756e-125	0.16019653436859	0.342	0.259	2.31741020683212e-121	WT	EBF3
2.71007346301297e-125	0.115281813005599	0.631	0.583	5.31364103892952e-121	WT	SLC12A9
3.18331445762349e-125	0.110051253166414	0.584	0.54	6.24152465706237e-121	WT	CAPS2
4.02708133764584e-125	0.135210683393701	0.354	0.293	7.8958983787222e-121	WT	GALC
4.60116488814668e-125	0.107127618193338	0.77	0.732	9.0215039961892e-121	WT	FLNB
9.92201599575211e-125	0.128435681251149	0.438	0.397	1.94540967628712e-120	WT	SHFM1
1.07901751485734e-124	0.152196595841671	0.396	0.318	2.11562964138078e-120	WT	AK7
4.15264761449331e-124	0.106952206453423	0.502	0.459	8.14209617773702e-120	WT	CPM
1.30790159936876e-123	0.15313383909471	0.12	0.062	2.56440266588233e-119	WT	ZNF334
1.86203317133449e-123	0.115484342794569	0.65	0.6	3.65088843903553e-119	WT	ATP2B1
3.35124145720568e-123	0.162634538259056	0.163	0.093	6.57077912514318e-119	WT	TWIST1
4.29827071454543e-123	0.141319783145518	0.293	0.229	8.42761939000922e-119	WT	DIO2
4.31464489349753e-123	0.110172577241462	0.548	0.502	8.45972424268061e-119	WT	ATAD2B
4.61065158548761e-123	0.11953320656849	0.502	0.443	9.04010456366555e-119	WT	MAN1A2
6.40750228184016e-123	0.126862977772531	0.393	0.332	1.2563189724004e-118	WT	RBMS2
9.0474570983815e-123	0.119686110415367	0.439	0.408	1.77393491327966e-118	WT	CLMP
1.51410754932003e-122	0.079251555818911	0.751	0.76	2.96871067195178e-118	WT	STIM1
2.34986534908608e-122	0.129839253548183	0.59	0.532	4.60738098995308e-118	WT	CACNB2
2.73425860501034e-122	0.125787799221401	0.606	0.56	5.36106084684377e-118	WT	ARHGAP18
4.37004856092399e-122	0.114591427913301	0.489	0.439	8.56835421340367e-118	WT	IFT43
7.84310929616963e-122	0.0935171601183638	0.613	0.587	1.53779843969998e-117	WT	HEXB
7.8810077761457e-122	0.11566891022244	0.543	0.49	1.54522919466889e-117	WT	SCYL2
8.71476522722771e-122	0.142641275224311	0.346	0.271	1.70870401810254e-117	WT	MED27
1.40030284520853e-121	0.1152487005215	0.511	0.486	2.74557378860036e-117	WT	KCNH7
1.43802362959145e-121	0.158568362256404	0.266	0.184	2.81953293053995e-117	WT	MARCH9
3.70334775735945e-121	0.166792574761946	0.259	0.189	7.26115394785467e-117	WT	MYBPC1
4.61320820004567e-121	0.122298103290319	0.434	0.383	9.04511731782954e-117	WT	OTOGL
8.74478160232914e-121	0.124518701436989	0.327	0.277	1.71458932876868e-116	WT	FDX1
1.05736824853617e-120	0.157766530392284	0.281	0.21	2.07318192490486e-116	WT	CDH10
1.25942406805061e-120	0.200463968866264	0.075	0.019	2.46935277022683e-116	WT	ZNF492
1.38872140441991e-120	0.118305006390085	0.543	0.49	2.72286605764611e-116	WT	PPP2R5E
2.84375798243581e-120	0.104553080552716	0.52	0.473	5.57575627616189e-116	WT	MGA
3.53924810612989e-120	0.130097261050856	0.548	0.495	6.93940376168887e-116	WT	CCNK
4.11874930410191e-120	0.133889426350345	0.377	0.332	8.07563176055262e-116	WT	LRRIQ1
4.4617256460381e-120	0.141226864587827	0.44	0.371	8.74810547418691e-116	WT	PARP2
4.91665592261018e-120	0.168503725389333	0.186	0.111	9.64008726746177e-116	WT	VWDE
6.52292163151863e-120	0.121117704086666	0.559	0.507	1.27894924429186e-115	WT	CDC42BPB
7.78002177657214e-120	0.192880174986834	0.111	0.042	1.5254288697325e-115	WT	HIST1H4I
1.99085011913702e-119	0.13797347188862	0.352	0.296	3.90345982859196e-115	WT	TTN.1
2.62077101276477e-119	0.166006549150108	0.141	0.076	5.13854572472788e-115	WT	RP11-219A15.1
3.53719378797969e-119	0.124800659378875	0.466	0.408	6.93537586009178e-115	WT	MARK3
4.14409278045863e-119	0.112171893055038	0.564	0.544	8.12532271464524e-115	WT	COG5
4.40223978797323e-119	0.164346971450192	0.269	0.185	8.6314715522791e-115	WT	ANKRD30A
5.47337029784786e-119	0.130671482424596	0.546	0.519	1.07316371429903e-114	WT	FMN2
6.93502103364132e-119	0.158489234538888	0.238	0.17	1.35974957406605e-114	WT	ROS1
1.10825523279043e-118	0.169595171150863	0.169	0.095	2.1729560349322e-114	WT	DRD2
1.99491123295381e-118	0.121073297897896	0.447	0.39	3.91142245445254e-114	WT	BLVRA
2.85870898454862e-118	0.134518262832773	0.34	0.288	5.60507070600447e-114	WT	CCDC141
5.54156006522932e-118	0.08870593328022	0.583	0.573	1.08653368198951e-113	WT	GNGT1
7.25737029688778e-118	0.160433005906293	0.238	0.163	1.42295259411079e-113	WT	GNG2
1.22196083341079e-117	0.140084246600967	0.27	0.208	2.39589860606854e-113	WT	KCNK10
1.99266472301079e-117	0.111568848993222	0.595	0.582	3.90701772240725e-113	WT	DGKI
5.15402529312303e-117	0.112807087531806	0.625	0.598	1.01054973922263e-112	WT	KCNT2
5.71150776093267e-117	0.115844899277597	0.678	0.632	1.11985532668607e-112	WT	IRS1
5.97201949941188e-117	0.158285579060972	0.157	0.098	1.17093386324969e-112	WT	DPP7
6.77291267455187e-117	0.136298024802697	0.393	0.326	1.32796498809939e-112	WT	STAB2
6.88391132296612e-117	0.111499461220971	0.516	0.466	1.34972849309397e-112	WT	CHD8
1.48594379419529e-116	0.124387934348788	0.365	0.31	2.91348999727871e-112	WT	HEATR5A
3.83438621341673e-116	0.126879475736285	0.465	0.407	7.51808104864618e-112	WT	RPH3A
3.93659520398734e-116	0.151218837544139	0.315	0.255	7.71848221645798e-112	WT	ZFHX4
4.4772127036188e-116	0.105051887391904	0.555	0.521	8.77847094798538e-112	WT	RALGPS2
4.8150738567872e-116	0.168088094560804	0.199	0.13	9.44091531100267e-112	WT	CDH7
6.24523155065301e-116	0.130120474806602	0.282	0.222	1.22450255013654e-111	WT	SDHAF3
6.26580384735329e-116	0.142672078061453	0.275	0.217	1.22853616035056e-111	WT	PPP1R1C
6.83505965030164e-116	0.108436593275151	0.488	0.439	1.34015014563464e-111	WT	AP002884.2
7.5944710143992e-116	0.119053418321631	0.495	0.452	1.48904793179325e-111	WT	WDR20
1.10094548794004e-115	0.0943819397780723	0.707	0.686	2.15862381820403e-111	WT	FLVCR2
1.14458492676297e-115	0.10742229025761	0.489	0.441	2.24418766590415e-111	WT	SLC16A9
1.31260635233156e-115	0.104692961218862	0.465	0.435	2.57362727501649e-111	WT	PPM1A
1.36927609075562e-115	0.115238036527816	0.452	0.418	2.68473963114454e-111	WT	PCK2
1.61858905898827e-115	0.131477511670449	0.507	0.444	3.17356756795829e-111	WT	GABBR2
1.84482578485245e-115	0.161121713899658	0.218	0.15	3.61714991636019e-111	WT	MARCH11
2.20364778526496e-115	0.125654948701248	0.273	0.228	4.320692212569e-111	WT	G2E3
2.25316408092266e-115	0.152628874462482	0.117	0.06	4.41777881346506e-111	WT	LRRC63
3.74928447184351e-115	0.146774329640833	0.444	0.384	7.35122206394358e-111	WT	SIVA1
3.80833456698643e-115	0.106763648898446	0.496	0.471	7.46700158549029e-111	WT	TRDMT1
4.93221898340584e-115	0.130451315654865	0.337	0.292	9.67060176076382e-111	WT	ASPM
5.87156611995957e-115	0.0945274191520162	0.553	0.538	1.15123796914047e-110	WT	FBXO34
6.19667544509648e-115	0.156987503974728	0.093	0.039	1.21498215452007e-110	WT	CNTNAP3B
8.85588467480226e-115	0.115488265740381	0.55	0.498	1.73637330818848e-110	WT	BCL2L2-PABPN1
1.01338944151117e-114	0.0936706433477962	0.707	0.66	1.98695267797094e-110	WT	KIAA1549
2.31756426518244e-114	0.132491230674041	0.411	0.363	4.54404825474321e-110	WT	GRM1
6.01232356714478e-114	0.114865635955176	0.768	0.727	1.17883628181008e-109	WT	FER
6.77933606016504e-114	0.157364971861254	0.333	0.253	1.32922442131656e-109	WT	NYAP2
7.46853881569405e-114	0.118874833054126	0.475	0.423	1.46435640559313e-109	WT	MAP4K5
7.9391068498288e-114	0.158019297071678	0.484	0.339	1.55662068004593e-109	WT	PHF19
1.05871699250976e-113	0.153162734066198	0.169	0.108	2.07582640721388e-109	WT	POLE2
1.33383274119372e-113	0.159747703547547	0.22	0.146	2.61524585565852e-109	WT	ATP13A5
1.36776053060835e-113	0.113065391491725	0.451	0.414	2.6817680723638e-109	WT	KIAA1147
1.4331321107749e-113	0.163112706041592	0.219	0.156	2.80994212959635e-109	WT	APOB
1.91731393425192e-113	0.144590170339525	0.253	0.191	3.75927743088773e-109	WT	FLI1
2.55866541585109e-113	0.0793901580314985	0.606	0.609	5.01677528085924e-109	WT	DNAJC6
3.86187122521948e-113	0.156934705053877	0.274	0.191	7.57197091128784e-109	WT	ITGA8
6.12852259156531e-113	0.127012466519745	0.34	0.281	1.20161942452821e-108	WT	RTN1
6.61747171746633e-113	0.107072521445687	0.439	0.415	1.29748767964362e-108	WT	PHGDH
1.315551671955e-112	0.125431551654037	0.435	0.384	2.57940216320216e-108	WT	KITLG
1.33679665973076e-112	0.153128419288444	0.163	0.1	2.6210572107341e-108	WT	WIF1
1.59764495710793e-112	0.128154238428694	0.34	0.288	3.13250246740153e-108	WT	ABCB5
1.94074228893117e-112	0.13501204326154	0.262	0.208	3.80521340590734e-108	WT	GYS2
2.93291392562683e-112	0.147226957827397	0.287	0.209	5.75056433397653e-108	WT	TRPM6
3.3799711873594e-112	0.119952640831929	0.489	0.448	6.62710950705558e-108	WT	SLC23A2
4.19677344797041e-112	0.166519784687909	0.111	0.051	8.22861369943558e-108	WT	SLCO1C1
8.87322896742359e-112	0.168135640234197	0.119	0.059	1.73977400364274e-107	WT	SLCO1B7
1.40409104563081e-111	0.130344951058217	0.292	0.242	2.75300131316834e-107	WT	KIAA0586
1.67400282061967e-111	0.152056184965103	0.173	0.109	3.28221733038898e-107	WT	FAM69B
1.71059588573865e-111	0.120430776618417	0.351	0.3	3.35396535316777e-107	WT	STK38L
1.93776107107633e-111	0.159756640926207	0.235	0.157	3.79936813205936e-107	WT	HFM1
2.28093233262086e-111	0.163521464162325	0.242	0.159	4.47222402456971e-107	WT	RIMBP2
3.18994655495914e-111	0.0814435589111482	0.809	0.836	6.25452821030838e-107	WT	PPM1L
3.36596891369268e-111	0.140339566326363	0.351	0.273	6.59965524907724e-107	WT	DNAJB13
3.79028020651519e-111	0.135812258660589	0.269	0.221	7.43160240091433e-107	WT	TMEM253
4.56881303466824e-111	0.0812255333785508	0.792	0.801	8.95807171707403e-107	WT	MTSS1
5.74550776627017e-111	0.132837233492835	0.487	0.416	1.12652170773259e-106	WT	CUX2
6.19060353237443e-111	0.0958615633356545	0.555	0.524	1.21379163459265e-106	WT	RDX
7.14502046861728e-111	0.106204073090589	0.517	0.497	1.40092416328179e-106	WT	FPGT-TNNI3K
7.52994748748358e-111	0.134739539701419	0.41	0.371	1.4763968038709e-106	WT	CADPS
7.81202945232735e-111	0.159025890992234	0.271	0.178	1.53170461471782e-106	WT	DPY19L2
8.11659034886024e-111	0.107718720811561	0.625	0.584	1.59141986970103e-106	WT	ZNF618
9.69635446485516e-111	0.131375455495632	0.489	0.433	1.90116421992415e-106	WT	GPR158
1.2276919635419e-110	0.118663503405509	0.489	0.438	2.40713563291661e-106	WT	COPG2
1.30549076441868e-110	0.122365639633432	0.143	0.093	2.55967574179572e-106	WT	IRX6
1.3963109559344e-110	0.148677891656524	0.22	0.167	2.73774689130058e-106	WT	ZNF879
1.80601395389561e-110	0.162086746855844	0.141	0.08	3.54105155940312e-106	WT	FGF10
2.27323935807263e-110	0.101585417391914	0.586	0.566	4.45714040937301e-106	WT	KIAA1328
2.41102960600319e-110	0.1395048503033	0.325	0.252	4.72730574849046e-106	WT	ESRRB
2.54282748801976e-110	0.163503018378802	0.163	0.096	4.98572185576035e-106	WT	ADGRL4
2.72602993747818e-110	0.112031996223373	0.51	0.481	5.34492689841347e-106	WT	ENTPD5
3.10740425752094e-110	0.135904388479101	0.264	0.208	6.0926875277213e-106	WT	DDHD1
4.01769987142099e-110	0.131764025459315	0.413	0.367	7.87750413789513e-106	WT	CYP46A1
9.42074397064422e-110	0.165200582659989	0.187	0.112	1.84712527032421e-105	WT	COL6A5
1.0921851799832e-109	0.0948407120017738	0.667	0.641	2.14144748239305e-105	WT	CDC42BPA
1.48378036630437e-109	0.126260037607111	0.49	0.426	2.90924816421298e-105	WT	PKNOX2
1.84115366992115e-109	0.109991426885214	0.326	0.293	3.6099500006144e-105	WT	SCFD1
1.94335733359566e-109	0.106537624996044	0.557	0.537	3.81034072398102e-105	WT	SEMA3C
2.80958606633743e-109	0.132850489366152	0.28	0.227	5.5087554002678e-105	WT	SGPP1
4.20949745602695e-109	0.0960325893902148	0.653	0.626	8.25356166203205e-105	WT	KLC1
5.35897059890565e-109	0.15211493192423	0.162	0.077	1.05073336532743e-104	WT	DKKL1
6.32733402445775e-109	0.156529862553382	0.164	0.101	1.24060038217543e-104	WT	SLCO1B1
1.32769195336771e-108	0.14975042802036	0.147	0.077	2.60320561296807e-104	WT	HOXA7
2.00537225297203e-108	0.108789187269865	0.623	0.58	3.93193337640226e-104	WT	PHTF2
2.27816934889495e-108	0.173112792501364	0.101	0.041	4.46680664237833e-104	WT	SCN11A
2.61978250892781e-108	0.132531122717666	0.338	0.278	5.13660756525475e-104	WT	HBE1
3.20076248479403e-108	0.119241250063955	0.386	0.347	6.27573500393566e-104	WT	TNNI3K
4.5367122007605e-108	0.103204440114407	0.467	0.452	8.89513161203111e-104	WT	TTC6
5.90826461145855e-108	0.122810515648148	0.325	0.272	1.15843344236868e-103	WT	NEMF
7.13216905846218e-108	0.153899461385742	0.389	0.302	1.39840438729268e-103	WT	CAMK4
7.33181383194949e-108	0.113417432410682	0.534	0.495	1.43754873803034e-103	WT	RP5-1021I20.4
9.44937562822692e-108	0.122456313769279	0.375	0.332	1.85273907942645e-103	WT	ACAT1
9.74221143512004e-108	0.0793945021351335	0.782	0.775	1.91015539608399e-103	WT	EHBP1
1.03758577190602e-107	0.0901352914474761	0.603	0.582	2.03439442297612e-103	WT	TNPO1
1.48963248390791e-107	0.0970930097818298	0.414	0.386	2.92072241119823e-103	WT	CHRM5
1.90681430592603e-107	0.103000044924407	0.465	0.433	3.73869080962917e-103	WT	HOMER1
3.40668891666438e-107	0.154318954152503	0.171	0.112	6.67949495890386e-103	WT	SYCP1
4.6599192344209e-107	0.115523496555218	0.395	0.359	9.13670364292905e-103	WT	CALM1
4.88472739855623e-107	0.124866652811228	0.397	0.345	9.57748501034921e-103	WT	GPR137C
6.42400389171595e-107	0.149019748998833	0.15	0.095	1.25955444304875e-102	WT	ASZ1
6.82853557569104e-107	0.149875592777785	0.247	0.186	1.33887097032574e-102	WT	WDR49
7.22968737676573e-107	0.1224887037241	0.256	0.207	1.41752480396246e-102	WT	RDH11
1.08847922766185e-106	0.0995975334756192	0.671	0.633	2.13418122167659e-102	WT	NHSL1
1.30348426581498e-106	0.127962376573911	0.286	0.24	2.55574159998343e-102	WT	SCN2A
1.38770267254232e-106	0.118796188888813	0.447	0.392	2.72086863005373e-102	WT	CENPP
1.44750142647478e-106	0.110762481424276	0.555	0.513	2.8381160468891e-102	WT	DNAJC1
2.04320535362411e-106	0.142738464558888	0.267	0.211	4.0061127368508e-102	WT	DLGAP5
2.78366180893428e-106	0.0934148053709991	0.645	0.623	5.45792570877745e-102	WT	SLC6A13
3.21453213223574e-106	0.156432058766783	0.074	0.027	6.30273315167461e-102	WT	ZNF577
4.43538704892375e-106	0.135745035733973	0.281	0.229	8.6964633868248e-102	WT	GNPNAT1
7.8629528785506e-106	0.112337466296046	0.55	0.499	1.54168917089742e-101	WT	FOXN2
1.3219174192392e-105	0.0871943664959103	0.764	0.74	2.5918834839023e-101	WT	TTLL5
1.34324823098208e-105	0.0890600213479893	0.565	0.545	2.63370680648656e-101	WT	CDK17
1.49359408311916e-105	0.131590776616345	0.428	0.361	2.92848991877174e-101	WT	HEATR4
1.71677179634364e-105	0.125427951623285	0.491	0.447	3.36607446109098e-101	WT	AL928654.7
2.01828527657514e-105	0.0884058904337782	0.707	0.684	3.95725194178087e-101	WT	LIMS1
2.51075985193045e-105	0.128184648654615	0.39	0.333	4.92284684168003e-101	WT	XIRP2
3.73434213901502e-105	0.136197295914185	0.219	0.167	7.32192463196676e-101	WT	RP11-231I13.2
4.98518484803955e-105	0.156243692589258	0.078	0.028	9.77445193155114e-101	WT	ALX1
9.12891326494823e-105	0.147740569848926	0.218	0.152	1.7899060238584e-100	WT	C12orf56
9.87727300513977e-105	0.0865714073660988	0.733	0.718	1.93663691811775e-100	WT	ELMSAN1
1.27742527087654e-104	0.157211304051832	0.358	0.273	2.50464772860764e-100	WT	JAKMIP2
1.43003391181548e-104	0.147334212192859	0.254	0.184	2.80386749089661e-100	WT	RSPO2
1.45354299160226e-104	0.11934381632535	0.41	0.361	2.84996174363456e-100	WT	ATXN3
1.61672926093858e-104	0.165188550166181	0.115	0.058	3.16992106192227e-100	WT	KLRC4-KLRK1
2.81536757842662e-104	0.121751542392067	0.365	0.328	5.52009121102107e-100	WT	MTERF1
2.96505742156019e-104	0.127497332325902	0.498	0.448	5.81358808645307e-100	WT	C14orf80
3.00619784059739e-104	0.0992440511219932	0.49	0.46	5.89425210605931e-100	WT	PCNX4
3.4959817612028e-104	0.145900966739272	0.221	0.14	6.85457143919033e-100	WT	QPRT
5.11992672091999e-104	0.133334798271845	0.429	0.347	1.00386403217078e-99	WT	AGTPBP1
5.16861765598879e-104	0.125876798019171	0.347	0.3	1.01341086380972e-99	WT	EYA4
6.94115475900606e-104	0.137667789318455	0.163	0.112	1.36095221359832e-99	WT	AKR1C1
8.59680293823687e-104	0.0917288211839064	0.556	0.543	1.6855751521001e-99	WT	ELP4
1.19831264754111e-103	0.14285904679903	0.143	0.089	2.34953160803385e-99	WT	ZNF30
1.48870748193862e-103	0.138002788360729	0.342	0.287	2.91890875983705e-99	WT	PSME1
2.52646064456506e-103	0.0898594425387648	0.679	0.654	4.95363138579872e-99	WT	ZNF277
4.43078488639251e-103	0.147381463529874	0.182	0.123	8.6874399267498e-99	WT	SCN7A
5.17909575508018e-103	0.107022301077443	0.412	0.388	1.01546530469857e-98	WT	TTLL7
9.66496910801415e-103	0.132977433258747	0.244	0.192	1.89501049300833e-98	WT	SPATA7
1.43595290249282e-102	0.106029196452761	0.373	0.338	2.81547285591767e-98	WT	ERO1A
5.60062618040647e-102	0.098002209071457	0.71	0.67	1.0981147751923e-97	WT	ZC3H3
8.01332297598378e-102	0.131266719644421	0.332	0.271	1.57117223590114e-97	WT	HSPA2
9.09390217981296e-102	0.0953438455039352	0.346	0.302	1.78304140039593e-97	WT	MUC12
1.04543944648367e-101	0.146407332550479	0.436	0.375	2.04979312272053e-97	WT	FBXO21
1.06466928743058e-101	0.110873524547087	0.577	0.536	2.08749707186514e-97	WT	ANKH
1.46030983823514e-101	0.106609968355101	0.475	0.427	2.86322949982764e-97	WT	RP11-212D19.4
2.57791282122724e-101	0.0941129657999348	0.65	0.64	5.05451366858024e-97	WT	SETD3
2.85638880627029e-101	0.117788610820889	0.452	0.392	5.60052153245416e-97	WT	GCC1
3.12743862395767e-101	0.130561330865622	0.356	0.291	6.1319689099938e-97	WT	CRACR2A
3.48781233973116e-101	0.134773816705792	0.382	0.329	6.83855365451088e-97	WT	CIPC
5.1401987624323e-101	0.0817247895539376	0.522	0.513	1.0078387713501e-96	WT	UCK2
7.7590578944734e-101	0.114802257464402	0.556	0.507	1.5213184813694e-96	WT	RP11-463C8.4
7.88435127208109e-101	0.113245732829197	0.365	0.329	1.54588475391694e-96	WT	NIN
7.91955480654137e-101	0.124848147652469	0.298	0.25	1.55278711091857e-96	WT	ZC3H14
8.35991116062436e-101	0.0887017630167228	0.67	0.672	1.63912778126362e-96	WT	PPP1R9A
1.99093960654615e-100	0.150748425539347	0.193	0.13	3.90363528655504e-96	WT	ERICH3
2.31835827301994e-100	0.140672797452682	0.262	0.198	4.5456050659102e-96	WT	AKR1E2
2.34370605287039e-100	0.10100078154462	0.374	0.354	4.59530445786297e-96	WT	FLNC
2.68119537318023e-100	0.11608798803356	0.467	0.421	5.25701976819448e-96	WT	POT1
3.9773807637891e-100	0.120578688089757	0.267	0.23	7.79845046356129e-96	WT	SCN1A
6.81124225788321e-100	0.105715192604606	0.49	0.463	1.33548026950316e-95	WT	TNFSF12-TNFSF13
7.6586326912851e-100	0.147425433295035	0.141	0.085	1.50162811178027e-95	WT	MCOLN3
9.92450364964891e-100	0.146380674683434	0.103	0.052	1.94589743058666e-95	WT	NAALAD2
1.26486564592995e-99	0.103580371833603	0.427	0.404	2.48002207197486e-95	WT	DEPDC1B
1.73499127021636e-99	0.122457662311094	0.46	0.414	3.40179738351322e-95	WT	PLPPR1
1.81839434497227e-99	0.120246287629926	0.352	0.31	3.56532579218714e-95	WT	ACSF2
2.08931304399047e-99	0.117162458171972	0.494	0.458	4.09651608535211e-95	WT	GABRB1
2.57552768078296e-99	0.0859273816363786	0.643	0.638	5.04983712371114e-95	WT	HBG2
2.67796391922029e-99	0.072910472874762	0.819	0.805	5.25068385641522e-95	WT	ATXN7L1
3.03812164446567e-99	0.138655475273165	0.305	0.222	5.95684510830384e-95	WT	LYPD3
4.45002777810857e-99	0.126802867641025	0.284	0.226	8.72516946453747e-95	WT	H2AFY2
5.58296498580907e-99	0.0960957265870558	0.531	0.509	1.09465194476758e-94	WT	UNC79
5.79091513228346e-99	0.138738359786677	0.248	0.202	1.13542472998682e-94	WT	PTPRC
9.51054991920555e-99	0.0794143917944457	0.605	0.593	1.86473352265863e-94	WT	OSBPL8
9.58796652988144e-99	0.144518018880993	0.302	0.239	1.87991259751385e-94	WT	SMOC1
1.11509884991578e-98	0.136055213943534	0.186	0.136	2.18637431502987e-94	WT	STEAP1
1.37002076966938e-98	0.11477005360488	0.536	0.494	2.68619972309076e-94	WT	HSP90AA1
1.45808571611002e-98	0.106448796951565	0.571	0.519	2.85886866357692e-94	WT	INVS
1.62831916216784e-98	0.157846427949567	0.087	0.037	3.19264538126248e-94	WT	CHGA
1.80219559824432e-98	0.101878430206903	0.54	0.507	3.53356490947764e-94	WT	BMT2
1.9619449373029e-98	0.0941367666234166	0.51	0.495	3.84678543856979e-94	WT	UBE3D
2.48864698633714e-98	0.128491158971853	0.2	0.149	4.87949014611123e-94	WT	PIGH
2.74955023157724e-98	0.134144157894262	0.259	0.198	5.3910431390535e-94	WT	RADIL
2.87518951690632e-98	0.0969529400915221	0.584	0.563	5.63738408579822e-94	WT	PDSS2
2.96965395743159e-98	0.130532701257723	0.208	0.164	5.82260051433612e-94	WT	ZNF583
3.81187024722472e-98	0.139255788112618	0.136	0.089	7.4739339937335e-94	WT	C11orf53
6.58734352615695e-98	0.125739484097963	0.423	0.367	1.29158044517359e-93	WT	CARNMT1
7.29031219275748e-98	0.156085446202107	0.16	0.099	1.42941151163396e-93	WT	LMO3
9.26751432693764e-98	0.132563087070265	0.189	0.135	1.81708153408266e-93	WT	RP11-724O16.1
1.33652230941019e-97	0.116457173290665	0.457	0.419	2.62051929206056e-93	WT	GSTZ1
1.76462203131517e-97	0.0872335757970094	0.54	0.516	3.45989441679966e-93	WT	GGACT
6.46646765572501e-97	0.14842848831738	0.2	0.134	1.267880313258e-92	WT	RGS7BP
7.32060308663114e-97	0.114382077833178	0.441	0.398	1.43535064719577e-92	WT	FAM126A
9.92666922849263e-97	0.0951231861780585	0.482	0.457	1.94632203563055e-92	WT	VPS8
1.01260731820688e-96	0.113596638892132	0.383	0.341	1.98541916880822e-92	WT	ADCK1
1.09322190798167e-96	0.115639607652087	0.419	0.388	2.14348019497966e-92	WT	ZC2HC1C
1.31767488521972e-96	0.111933690229034	0.299	0.268	2.5835651474503e-92	WT	CCDC15
1.44093395618869e-96	0.0991054902106693	0.45	0.423	2.82523920789917e-92	WT	EZH2
1.60737267308087e-96	0.0963464359476486	0.517	0.489	3.15157560010967e-92	WT	SDC1
1.77654708587446e-96	0.141895021101559	0.199	0.141	3.48327587127405e-92	WT	LIN28B
1.84221905473353e-96	0.0875737196183066	0.717	0.693	3.61203890061603e-92	WT	TAOK3
1.88683880506177e-96	0.0830490028339753	0.678	0.657	3.69952484508461e-92	WT	VOPP1
2.0640876267111e-96	0.0830338689984297	0.684	0.662	4.04705660969246e-92	WT	ARSB
2.36490388590782e-96	0.0824976485578358	0.548	0.537	4.63686704909946e-92	WT	ABL2
3.40850000654783e-96	0.132584857843978	0.274	0.222	6.68304596283832e-92	WT	GPR141
4.65609571038293e-96	0.12947637394255	0.15	0.098	9.12920685934781e-92	WT	IGLON5
4.76635520249316e-96	0.11443569712133	0.397	0.348	9.34539264552835e-92	WT	CORIN
7.45709174011785e-96	0.115204127363361	0.369	0.335	1.46211197748491e-91	WT	TMEFF2
7.6238147328352e-96	0.131635709093396	0.311	0.258	1.494801354667e-91	WT	VRK1
7.68019170327842e-96	0.109092965878398	0.473	0.43	1.5058551872618e-91	WT	SRRM3
9.59810403199008e-96	0.121043889343832	0.372	0.312	1.88190025755229e-91	WT	ERG
1.10461949950445e-95	0.147088035870626	0.149	0.09	2.16582745267837e-91	WT	RHOJ
1.11031368341949e-95	0.089772498530045	0.609	0.591	2.17699203908059e-91	WT	RP11-73M18.2
1.287124179151e-95	0.108105323651417	0.256	0.215	2.52366437806136e-91	WT	SLC38A4
2.26748171346399e-95	0.129091271565965	0.179	0.128	4.44585139558884e-91	WT	RNF17
2.29208790750028e-95	0.105803776417275	0.553	0.529	4.4940967602358e-91	WT	PTPRR
3.43180798278061e-95	0.0808658530672703	0.561	0.552	6.72874591183794e-91	WT	RP11-298I3.5
4.18171728524289e-95	0.118242293119025	0.424	0.369	8.19909308117574e-91	WT	LMO4
5.07067185304343e-95	0.0764030440531202	0.694	0.702	9.94206630226224e-91	WT	GCLC
5.20354764981739e-95	0.104272964712467	0.494	0.454	1.0202595876997e-90	WT	PUS7
5.3299667713782e-95	0.118552905057976	0.457	0.405	1.04504658486412e-90	WT	C10orf67
6.99426083540768e-95	0.13721705732401	0.165	0.111	1.37136472199838e-90	WT	RP11-234B24.6
8.05510155944593e-95	0.134289676813951	0.347	0.262	1.57936376276056e-90	WT	CACNA1B
8.13178090436909e-95	0.102353283393515	0.655	0.627	1.59439828191965e-90	WT	GHR
9.32857128494247e-95	0.127175665439069	0.233	0.18	1.82905297183867e-90	WT	TDRD9
1.05044142629013e-94	0.127385296442206	0.358	0.33	2.05960050452705e-90	WT	KIF5C
1.9116604365122e-94	0.116596967671964	0.336	0.299	3.74819261786947e-90	WT	FDXACB1
2.36267364816783e-94	0.14537817985378	0.122	0.067	4.63249422196267e-90	WT	ZNF625
2.4968929557521e-94	0.127036513225403	0.284	0.237	4.89565801834313e-90	WT	ADGB
3.31476159461802e-94	0.145806066650911	0.147	0.089	6.49925305856754e-90	WT	SLC39A12
4.14060860853917e-94	0.132871520653534	0.205	0.153	8.11849129876276e-90	WT	BACE1
4.458380982318e-94	0.0979900534691168	0.471	0.441	8.7415475920309e-90	WT	SRSF5
5.3900716693672e-94	0.0982744140044797	0.454	0.424	1.05683135221283e-89	WT	IKZF2
6.33274931777566e-94	0.147641000721065	0.079	0.032	1.24166215873627e-89	WT	HIST1H3I
6.93762336096177e-94	0.0881870256141825	0.575	0.557	1.36025981238377e-89	WT	STRN3
7.11807551178662e-94	0.112472162976972	0.418	0.391	1.395641065596e-89	WT	ACYP1
7.35653260397555e-94	0.0947906060112536	0.588	0.536	1.44239534766149e-89	WT	BAZ2B
7.60473436665693e-94	0.150922607862805	0.287	0.207	1.49106026727042e-89	WT	MUC4
8.76244281417261e-94	0.117309245836151	0.506	0.453	1.71805216257482e-89	WT	TCF4
9.68385654474928e-94	0.153218100782296	0.221	0.153	1.89871375272899e-89	WT	TRIM71
9.98625229752828e-94	0.145590869673139	0.181	0.124	1.95800448797637e-89	WT	PAX3
1.07231340948093e-93	0.0972825177522578	0.536	0.521	2.10248490196927e-89	WT	CNTLN
1.1851814567787e-93	0.0963259317810842	0.497	0.478	2.32378528230599e-89	WT	PLCL2
1.94350130116772e-93	0.124180675490298	0.29	0.244	3.81062300119954e-89	WT	SLC39A4
1.95102256009186e-93	0.123722245535207	0.332	0.286	3.8253699335721e-89	WT	VSNL1
2.26341488004152e-93	0.123014845222342	0.351	0.306	4.43787755529742e-89	WT	EMC9
2.40045764983382e-93	0.13761071241247	0.354	0.292	4.70657731402918e-89	WT	ADAMTS19
3.50734832965351e-93	0.136621582006323	0.307	0.256	6.87685786995163e-89	WT	SORT1
4.65002759947138e-93	0.10264945084544	0.471	0.443	9.11730911428353e-89	WT	PRKCB
5.32098098796391e-93	0.118847676641654	0.209	0.168	1.04328474231008e-88	WT	UGT1A1
5.46835530043127e-93	0.0976240938281192	0.318	0.292	1.07218042375556e-88	WT	CHEK1
5.89021866402105e-93	0.149264297850144	0.078	0.031	1.15489517345461e-88	WT	DCAF12L1
7.66333306408222e-93	0.135522683185714	0.162	0.105	1.5025497138746e-88	WT	RP11-382A20.3
8.66756422591268e-93	0.10823867686002	0.299	0.258	1.6994493177747e-88	WT	VTI1B
1.02448481893624e-92	0.125761112718621	0.141	0.092	2.00870738448828e-88	WT	MEST
1.04553722049367e-92	0.0742572802740415	0.526	0.514	2.04998482822193e-88	WT	ZC3H12C
1.12182261277365e-92	0.091943213044437	0.473	0.457	2.19955759686529e-88	WT	CUL1
1.27756484521883e-92	0.114562437868165	0.335	0.299	2.50492139202057e-88	WT	C11orf1
1.52830730297488e-92	0.132699403761373	0.201	0.149	2.99655212894284e-88	WT	SLC26A5
1.8097740489553e-92	0.119115267871541	0.335	0.276	3.54842397778666e-88	WT	CCDC38
1.8632151850735e-92	0.120604839434348	0.356	0.307	3.65320601337362e-88	WT	SCIN
2.37491856958984e-92	0.176556505620175	0.093	0.038	4.6565028393948e-88	WT	ZNF471
2.63191932449662e-92	0.098004655190093	0.525	0.508	5.16040421954053e-88	WT	TRPC6
2.64093728876385e-92	0.124776180945457	0.264	0.216	5.17808574207929e-88	WT	TMPRSS4-AS1
3.27648580473382e-92	0.128901854237445	0.212	0.157	6.4242057173416e-88	WT	SLC8A3
4.09485288978339e-92	0.11409130185311	0.31	0.261	8.02877806099829e-88	WT	CWF19L2
4.32225142634763e-92	0.0975365997139732	0.31	0.281	8.4746383716398e-88	WT	CFAP161
4.65215022521198e-92	0.135657690586831	0.211	0.157	9.12147094657313e-88	WT	ZNF559-ZNF177
5.79061892523155e-92	0.101780406613557	0.435	0.405	1.13536665267015e-87	WT	DBF4
5.97836970926498e-92	0.104674963909697	0.267	0.233	1.17217894889558e-87	WT	TMED8
6.50944782797227e-92	0.11866980628083	0.184	0.146	1.27630743563052e-87	WT	CCDC175
8.87812844015857e-92	0.0990336752324419	0.402	0.379	1.74073464326189e-87	WT	TRIM59
1.27207473632526e-91	0.088480894369256	0.776	0.771	2.49415693551293e-87	WT	GNAQ
1.3460756596933e-91	0.0879724500736293	0.678	0.658	2.63925054596066e-87	WT	SPSB2
1.46032577137415e-91	0.130320732246628	0.204	0.144	2.86326073993329e-87	WT	KCTD19
1.88888340905651e-91	0.130782621808976	0.055	0.018	3.7035337001371e-87	WT	NKX2-2
3.26780850407783e-91	0.129149544020863	0.336	0.286	6.4071921339454e-87	WT	STYX
3.42162119343199e-91	0.141487212044922	0.086	0.038	6.7087726739621e-87	WT	TSPYL5
3.79973166580116e-91	0.151421383830468	0.366	0.282	7.45013387713633e-87	WT	ST8SIA6
4.2122147356193e-91	0.133864770702182	0.154	0.1	8.25888943212876e-87	WT	TECTA
4.41796204515107e-91	0.111857997732907	0.38	0.339	8.66229818192771e-87	WT	LYPD6
5.266988451209e-91	0.102745298173428	0.475	0.441	1.03269842562855e-86	WT	ANLN
7.03535401130428e-91	0.123872310936892	0.339	0.282	1.37942186099643e-86	WT	DNAH10
7.45971583924927e-91	0.0956299784804999	0.38	0.363	1.4626264846016e-86	WT	PTPN21
7.53184344524219e-91	0.127034497845038	0.269	0.219	1.47676854430864e-86	WT	GABRA2
7.84812442938696e-91	0.0811327092254687	0.427	0.421	1.5387817568699e-86	WT	JADE3
9.89684048157158e-91	0.100732129868066	0.608	0.566	1.94047351322174e-86	WT	TRIM24
1.12711366497469e-90	0.0934532302462604	0.519	0.512	2.20993176291588e-86	WT	PIK3C2G
1.14172104108147e-90	0.114466882470172	0.306	0.264	2.23857244524843e-86	WT	LGALS3
1.7306824267749e-90	0.110873452454471	0.591	0.537	3.39334903417755e-86	WT	MAGI3
1.82071188001441e-90	0.108215282690268	0.426	0.384	3.56986978314425e-86	WT	ATL1
1.99595844721286e-90	0.122014650417395	0.239	0.18	3.91347572745025e-86	WT	LRRC36
2.06138961846703e-90	0.0706964209601132	0.452	0.447	4.04176662492831e-86	WT	HOXC10
3.66413325600003e-90	0.0881662112692441	0.461	0.451	7.18426607503925e-86	WT	SNX13
5.16881549897281e-90	0.096259630800445	0.319	0.292	1.0134496548836e-85	WT	TRIP11
5.37954089059347e-90	0.101930919607898	0.43	0.416	1.05476658241866e-85	WT	SPATA17
7.87101213919029e-90	0.138216833004367	0.284	0.229	1.54326935013104e-85	WT	CNGB3
9.38304475974844e-90	0.140663641667445	0.082	0.038	1.83973358604388e-85	WT	BTG4
9.39223614746635e-90	0.0908851695872697	0.607	0.571	1.84153574143373e-85	WT	PPP2R1B
1.12544093323548e-89	0.106267480237335	0.324	0.286	2.2066520377948e-85	WT	CFAP69
1.16756438087455e-89	0.153397245524617	0.09	0.042	2.28924348158072e-85	WT	HTR3B
2.08903406982372e-89	0.106989647603868	0.526	0.494	4.09596910070337e-85	WT	ARL3
2.44691394347506e-89	0.136671509635439	0.384	0.359	4.79766416897155e-85	WT	MMP16
2.55721148061507e-89	0.106770600410353	0.521	0.499	5.01392455004196e-85	WT	GLI3
2.79553595794241e-89	0.107079625435027	0.328	0.29	5.48120735273769e-85	WT	TMEM260
4.70575103161458e-89	0.0893923821241385	0.437	0.42	9.22656604768671e-85	WT	C15orf41
5.74643460817924e-89	0.13935122713832	0.121	0.076	1.1267034336257e-84	WT	SPTA1
6.21993567397659e-89	0.0932718879680692	0.634	0.608	1.21954278759659e-84	WT	FBXL13
6.23076884567483e-89	0.0988278369003776	0.694	0.66	1.22166684757146e-84	WT	SNTG2
8.39040455436219e-89	0.0680993518909404	0.416	0.432	1.64510662097379e-84	WT	TSKU
9.21549626013802e-89	0.0687636881893889	0.763	0.754	1.80688235172526e-84	WT	ADCY9
1.18871515369017e-88	0.0995871391407764	0.476	0.451	2.33071380184032e-84	WT	HSPB2
1.19706925334637e-88	0.0998979963222673	0.555	0.52	2.34709368503623e-84	WT	FBXO27
1.75345421386967e-88	0.0853555473026628	0.548	0.547	3.43799767713426e-84	WT	AP3B1
1.8543967574272e-88	0.0965505426828636	0.383	0.362	3.63591572228752e-84	WT	AGK
1.93974021484727e-88	0.147103566366318	0.124	0.069	3.80324863925104e-84	WT	SLC26A4
2.21540248759696e-88	0.0991683752371055	0.454	0.421	4.34373965743135e-84	WT	ABCC5
4.10569079086998e-88	0.136068161676639	0.131	0.083	8.05002793365877e-84	WT	SYT10
4.24685733500456e-88	0.145072302426178	0.116	0.061	8.32681317674343e-84	WT	SEPT14
4.39279792296463e-88	0.101858215281889	0.417	0.378	8.61295888755675e-84	WT	STRBP
4.55316663236168e-88	0.135705098635551	0.309	0.241	8.92739381607154e-84	WT	SKIDA1
5.01222257655359e-88	0.148252977923208	0.133	0.082	9.82746480584863e-84	WT	GCSAML
5.46826982812016e-88	0.102947609499463	0.347	0.315	1.07216366519952e-83	WT	LRP10
6.11339974622818e-88	0.0948799409463423	0.289	0.264	1.19865428824296e-83	WT	NEK9
7.11549061376477e-88	0.0941230528656254	0.528	0.503	1.39513424464086e-83	WT	ALMS1
7.35636067310114e-88	0.10222640950853	0.307	0.271	1.44236163717494e-83	WT	TEP1
8.23646548546278e-88	0.114082177092123	0.422	0.39	1.61492378773469e-83	WT	C14orf1
1.14587401218888e-87	0.122575948416559	0.239	0.186	2.24671517569875e-83	WT	TMEM252
1.33527294829822e-87	0.138161169422823	0.171	0.121	2.61806966972831e-83	WT	CLDN15
2.69794539254937e-87	0.133085360260234	0.234	0.177	5.28986153117155e-83	WT	RNF208
2.73576133746238e-87	0.0925675891122443	0.388	0.358	5.36400725436249e-83	WT	NCKAP5L
3.1124823112339e-87	0.131589129090813	0.147	0.098	6.10264406763632e-83	WT	HOXC11
4.20000495275728e-87	0.0983815088194854	0.453	0.424	8.2349497108712e-83	WT	PCSK2
4.2360614275532e-87	0.115877798843026	0.317	0.281	8.30564564100355e-83	WT	CASP10
5.26334152362265e-87	0.0820072991657206	0.488	0.477	1.03198337253669e-82	WT	SLC7A5
5.29549631667833e-87	0.145714665065782	0.168	0.11	1.03828796281112e-82	WT	COL6A6
5.52408411340398e-87	0.155619178932985	0.107	0.052	1.08310717211512e-82	WT	SCN10A
5.55993045289208e-87	0.121014805920495	0.319	0.269	1.09013556389855e-82	WT	SNAPC1
6.51353541210397e-87	0.103896736163409	0.359	0.328	1.27710888825122e-82	WT	C14orf93
1.22464844815e-86	0.091616673151846	0.54	0.526	2.40116821228771e-82	WT	HECTD4
1.292642528116e-86	0.126216179499734	0.272	0.221	2.53448420487704e-82	WT	GKAP1
1.36722548315678e-86	0.0915487941124847	0.573	0.56	2.68071900482549e-82	WT	CFAP61
1.48787364584106e-86	0.0946835509483394	0.326	0.302	2.91727385740057e-82	WT	AKR1B1
1.69719919127018e-86	0.115922533464373	0.246	0.219	3.32769845432345e-82	WT	ACOT6
1.88084088738463e-86	0.114587654167572	0.306	0.259	3.68776472789505e-82	WT	RBM25
2.35980026931802e-86	0.095205435129888	0.353	0.325	4.62686038805184e-82	WT	TMEM229B
2.61774680688416e-86	0.123318031748724	0.302	0.245	5.13261616425778e-82	WT	MAMDC2
3.74988141519637e-86	0.0754122050702072	0.479	0.485	7.35239249077552e-82	WT	GPR160
4.00468142660201e-86	0.095767896084299	0.38	0.363	7.85197887313856e-82	WT	ME1
5.5717435615148e-86	0.146002915841632	0.204	0.148	1.09245176010621e-81	WT	ZIC1
5.70319731838064e-86	0.10780379344356	0.468	0.444	1.11822589821489e-81	WT	RASGRF2
6.44509886680619e-86	0.12241606930344	0.198	0.142	1.26369053481469e-81	WT	ELAVL3
7.38949532565976e-86	0.142964062729785	0.243	0.171	1.44885834850211e-81	WT	ZNF491
1.20717795808398e-85	0.0944183387817297	0.399	0.37	2.36691382241526e-81	WT	RP11-468E2.1
1.48303946479381e-85	0.090779044069222	0.505	0.476	2.90779547862123e-81	WT	HNRNPC
1.6062088950747e-85	0.112193164043313	0.478	0.438	3.14929378057296e-81	WT	RNF31
1.75330125611062e-85	0.091815689986088	0.574	0.551	3.43769777285609e-81	WT	AGAP3
2.03408953733711e-85	0.0761424767674883	0.672	0.671	3.98823935585687e-81	WT	COMMD1
2.08578843381722e-85	0.0807856464257913	0.562	0.554	4.08960538218543e-81	WT	RNASE4
2.69207307726235e-85	0.0838440680535229	0.581	0.562	5.27834768258829e-81	WT	CEP290
3.29762285995635e-85	0.113802531595318	0.34	0.294	6.46564914151642e-81	WT	CCDC60
4.53724585401063e-85	0.137532821275382	0.126	0.075	8.89617794595865e-81	WT	PLEKHS1
7.91191209763976e-85	0.0935003880084932	0.358	0.335	1.55128860498423e-80	WT	DAD1
8.55268134628617e-85	0.121709499724937	0.465	0.44	1.67692423156633e-80	WT	C8orf34
8.90647274413462e-85	0.0948075774997906	0.562	0.524	1.74629211094247e-80	WT	LTBR
1.17093594384855e-84	0.122788565450748	0.371	0.318	2.29585410510386e-80	WT	KIAA1324L
1.22483664311381e-84	0.0908195360752354	0.558	0.534	2.40153720615325e-80	WT	CNST
1.45500604055269e-84	0.125362951583446	0.124	0.08	2.85283034371165e-80	WT	PROX2
1.49983113357151e-84	0.0966802791350589	0.726	0.7	2.94071890359366e-80	WT	ATP2B2
2.33597086885494e-84	0.131780932591553	0.184	0.135	4.58013808256387e-80	WT	ZNF559
4.17371068079977e-84	0.0790889055799041	0.59	0.571	8.18339453184411e-80	WT	SLC11A2
4.73362538497597e-84	0.093060039653327	0.515	0.488	9.28121929232238e-80	WT	NUDT4
4.89234010232906e-84	0.100625081299502	0.516	0.461	9.59241123863659e-80	WT	MXRA7
5.1381530046687e-84	0.103625001877428	0.359	0.32	1.00743765962539e-79	WT	HOXA10
5.28910560989475e-84	0.0802384650555575	0.559	0.551	1.03703493693206e-79	WT	ANG
6.14868923015009e-84	0.13485917469418	0.178	0.13	1.20557349735553e-79	WT	MROH2B
7.89678033730751e-84	0.102564773768912	0.329	0.285	1.54832172073588e-79	WT	SLC51A
8.42892835683651e-84	0.117173870086085	0.169	0.123	1.65265998292493e-79	WT	ZNF215
9.58322599269097e-84	0.111826099421248	0.258	0.217	1.87898312038692e-79	WT	DNAL1
9.66172622890178e-84	0.12062739525942	0.218	0.161	1.89437466170077e-79	WT	SVOPL
1.59458371043231e-83	0.119262490950396	0.275	0.224	3.12650028104463e-79	WT	CYSRT1
1.9198715764916e-83	0.0977089871384331	0.523	0.48	3.76429220002709e-79	WT	NDRG2
2.05885635739347e-83	0.11270139937922	0.256	0.204	4.03679965994138e-79	WT	KHDC1
2.48341290850576e-83	0.0966175366927918	0.283	0.256	4.86922768970725e-79	WT	AP5M1
2.98520925903498e-83	0.112657385437642	0.433	0.402	5.85309979418989e-79	WT	ALDH6A1
3.20242328353739e-83	0.0668817558453426	0.89	0.89	6.27899133203176e-79	WT	SND1
3.95366104180769e-83	0.112993538520246	0.25	0.207	7.75194320467234e-79	WT	SAMD13
4.69263655190475e-83	0.142875013990337	0.083	0.038	9.20085248731965e-79	WT	PRB1
5.62511437461949e-83	0.0974892311420932	0.582	0.554	1.10291617543164e-78	WT	INPP5F
5.99045482762072e-83	0.108548535161017	0.531	0.514	1.1745484780516e-78	WT	ETV1
6.33692766676105e-83	0.140121460927097	0.161	0.113	1.24248140762184e-78	WT	NLRP3
7.41677247658606e-83	0.12154720664772	0.287	0.229	1.45420657948423e-78	WT	ADAMTS18
7.51050212184432e-83	0.0897618588921996	0.469	0.454	1.47258415103002e-78	WT	RHBDD1
7.55949548163267e-83	0.0988934723722255	0.431	0.406	1.48219027908372e-78	WT	WDR89
8.70185254157139e-83	0.135001099863833	0.128	0.072	1.7061722278259e-78	WT	HOXC13
9.10471705153526e-83	0.106189728121929	0.431	0.407	1.78516187229452e-78	WT	SEMA3E
1.02766093495945e-82	0.147547900663073	0.085	0.04	2.01493479517499e-78	WT	CCDC172
1.18726350276638e-82	0.0958864154777255	0.329	0.279	2.32786754987404e-78	WT	MUC3A
1.66551343228311e-82	0.102989429264429	0.377	0.351	3.2655721866775e-78	WT	ABCA12
1.80480102059595e-82	0.14392150834326	0.113	0.062	3.53867336108248e-78	WT	ANKRD30BL
2.71483517848763e-82	0.0831386994354809	0.438	0.426	5.32297733446069e-78	WT	ZBTB1
2.76864112621801e-82	0.0967290638268258	0.517	0.501	5.42847465617566e-78	WT	CACNA2D4
2.85694281921252e-82	0.0817098330588277	0.472	0.462	5.60160778562999e-78	WT	RP11-407N17.3
3.40572371992487e-82	0.0900578040404282	0.585	0.57	6.67760249765669e-78	WT	CCDC88C
3.74415125016246e-82	0.0952751424507661	0.431	0.405	7.34115735619354e-78	WT	SLC25A40
6.34240019721486e-82	0.113302733210183	0.291	0.247	1.24355440666792e-77	WT	ZNF410
6.96927198608893e-82	0.0865531567789173	0.184	0.156	1.36646515831246e-77	WT	TBX2
7.01235203212952e-82	0.121362018336682	0.236	0.188	1.37491186293963e-77	WT	COL4A5
7.24645128330388e-82	0.105802548532349	0.206	0.167	1.42081170311739e-77	WT	SYCP2
7.54077560983703e-82	0.0837315181845208	0.511	0.502	1.47851987382075e-77	WT	ASB3
7.85987215432985e-82	0.165890229360604	0.204	0.14	1.54108513329945e-77	WT	C5orf46
8.49653551379721e-82	0.0988391579715824	0.487	0.475	1.66591571819022e-77	WT	SKAP1
1.10193852967186e-81	0.0867943142522081	0.425	0.409	2.16057087512761e-77	WT	TBC1D12
1.65312235152614e-81	0.0803840619412802	0.535	0.526	3.24127699463729e-77	WT	RP11-903H12.5
1.96484513369255e-81	0.0883924176341915	0.408	0.383	3.85247185363098e-77	WT	ETNK1
2.30513443315003e-81	0.0786234199385862	0.691	0.675	4.51967708307726e-77	WT	HIBADH
5.78188230393789e-81	0.0686777850813796	0.57	0.564	1.1336536633331e-76	WT	CLNS1A
6.95442353623414e-81	0.114525295852831	0.449	0.397	1.36355382274943e-76	WT	HOXB7
9.56352474540207e-81	0.104198791524425	0.44	0.411	1.87512029683098e-76	WT	RP11-371E8.4
9.87890402301563e-81	0.113522352423564	0.256	0.215	1.93695671179267e-76	WT	TTC8
1.29872620614197e-80	0.125735557515776	0.103	0.061	2.54641247238257e-76	WT	CCDC144A
1.35206104469142e-80	0.106694556145437	0.27	0.237	2.65098609032647e-76	WT	PTCHD4
1.47621865001519e-80	0.101898697606874	0.301	0.266	2.89442190708478e-76	WT	PTS
1.62212140136702e-80	0.108161527918306	0.344	0.3	3.18049343166032e-76	WT	PGAP1
3.23760518631658e-80	0.100321034942388	0.477	0.442	6.34797248881092e-76	WT	SNAP25
3.47581859403481e-80	0.142325108539823	0.095	0.049	6.81503751732406e-76	WT	ART1
3.52677112013294e-80	0.109108485637999	0.237	0.196	6.91494013524466e-76	WT	LRRC9
4.41123086394308e-80	0.127458272457117	0.202	0.151	8.6491003549332e-76	WT	HMGCLL1
4.60712194947893e-80	0.116327209836286	0.283	0.233	9.03318400634333e-76	WT	TACR1
4.79210161351381e-80	0.101989609611781	0.476	0.449	9.39587363361653e-76	WT	PTGR2
9.64874702389411e-80	0.0973554638884085	0.437	0.42	1.89182982897492e-75	WT	ASB4
9.80078731350018e-80	0.0909112881468631	0.452	0.449	1.92164036855798e-75	WT	RPS6KC1
1.13912062616444e-79	0.0748137522545039	0.747	0.718	2.23347381172062e-75	WT	GRIK4
1.18426568853646e-79	0.0625887570230281	0.815	0.808	2.32198973551344e-75	WT	MAP3K5
1.48413837349481e-79	0.113922325979233	0.118	0.078	2.90995010891127e-75	WT	PRR15
1.77484610942344e-79	0.106775749060369	0.367	0.332	3.47994076674654e-75	WT	LRRIQ3
2.09105035797986e-79	0.0866251780379676	0.54	0.509	4.09992243689112e-75	WT	C2orf88
2.17868216207283e-79	0.0837352724760332	0.523	0.51	4.27174211517619e-75	WT	NOD1
2.26740383298915e-79	0.140256429074058	0.132	0.077	4.44569869534183e-75	WT	TBX5
2.85237138380989e-79	0.0798360833271745	0.627	0.603	5.59264457223605e-75	WT	RAD52
3.46151902477944e-79	0.0955774480621609	0.38	0.344	6.78700035188505e-75	WT	SLC6A19
6.8270861157407e-79	0.123662763769339	0.115	0.069	1.33858677471328e-74	WT	ZNF510
6.97240476976258e-79	0.11835976264204	0.148	0.106	1.36707940320735e-74	WT	PDZD3
7.27002573244425e-79	0.108530252636729	0.457	0.422	1.42543394536034e-74	WT	PSME2
7.4216431622887e-79	0.120866237191833	0.131	0.089	1.45516157482995e-74	WT	LDHC
8.45123057367615e-79	0.120941920354146	0.243	0.183	1.65703277858068e-74	WT	PTN
8.47043587481781e-79	0.11646052828778	0.097	0.06	1.66079836197553e-74	WT	CENPV
8.74900390770137e-79	0.0652341769678341	0.774	0.756	1.71541719618301e-74	WT	RBFOX2
9.01824769893121e-79	0.0943645945318256	0.504	0.468	1.76820782632944e-74	WT	GNPTAB
1.05029503867456e-78	0.0752018230911232	0.488	0.482	2.0593134823292e-74	WT	GPR75-ASB3
1.36096459362394e-78	0.147064280359871	0.111	0.065	2.66844327871845e-74	WT	CRISPLD1
1.45086201132656e-78	0.0759807668364725	0.215	0.204	2.84470514560798e-74	WT	OR4F15
2.02467518741726e-78	0.0877142815016945	0.42	0.392	3.96978063996901e-74	WT	GOLM1
2.4968740522835e-78	0.100243076865662	0.236	0.204	4.89562095431226e-74	WT	HPD
2.6891066075358e-78	0.0989789197564875	0.374	0.34	5.27253132539544e-74	WT	WDR63
3.16475895165252e-78	0.131796697097082	0.258	0.186	6.20514287650509e-74	WT	DCDC2C
3.20951276135326e-78	0.118144558240348	0.243	0.191	6.29289167118535e-74	WT	SVEP1
3.32115928012681e-78	0.0646158031815199	0.678	0.681	6.51179700054463e-74	WT	EPDR1
6.38263201733849e-78	0.0900919157274071	0.311	0.291	1.25144265963956e-73	WT	EXOC5
7.28368579996565e-78	0.0861142378421991	0.477	0.463	1.42811227479927e-73	WT	VPS41
7.46021358058563e-78	0.103337348880702	0.484	0.452	1.46272407674543e-73	WT	PIP5K1B
7.71889932606599e-78	0.141190742696823	0.14	0.079	1.51344459086176e-73	WT	FOXC2
1.20159160593167e-77	0.130572171920144	0.146	0.097	2.35596066175023e-73	WT	SAMSN1
1.2608038894346e-77	0.129511448927038	0.145	0.1	2.47205818601443e-73	WT	C2orf72
1.29594528883359e-77	0.0921514030577094	0.207	0.178	2.54095992781602e-73	WT	SLC39A5
1.50342929184106e-77	0.0833188535878648	0.722	0.702	2.94777381251276e-73	WT	DENND2A
1.79138703718383e-77	0.121061373148281	0.32	0.263	3.51237256380633e-73	WT	ADCY1
1.84477558440676e-77	0.0919971174639045	0.448	0.436	3.61705148834633e-73	WT	SERPINA1
1.8597249658394e-77	0.0788984593111258	0.36	0.348	3.64636274052131e-73	WT	ZNF486
1.87195270904456e-77	0.12403216233413	0.116	0.074	3.67033767662367e-73	WT	SLC29A2
2.01443648030282e-77	0.0782543901551906	0.605	0.595	3.94970560692974e-73	WT	MAOA
2.15721549928613e-77	0.0716475752791764	0.605	0.611	4.22965242945032e-73	WT	VEPH1
2.4112739897142e-77	0.106562769417842	0.223	0.184	4.72778491163264e-73	WT	TBPL2
2.76135752238475e-77	0.0751191028941505	0.491	0.477	5.41419369413978e-73	WT	GCNT2
2.8227185263947e-77	0.11199913112966	0.288	0.254	5.53450421470208e-73	WT	CDKN3
2.98155068167568e-77	0.0980505958938744	0.545	0.513	5.84592642156152e-73	WT	PDIA4
3.60255669707677e-77	0.0724749838035568	0.363	0.362	7.06353291595842e-73	WT	KLHL13
4.00530763744584e-77	0.0873619527154582	0.568	0.564	7.85320668474006e-73	WT	EVL
4.7033813697002e-77	0.0829398629406384	0.379	0.371	9.22191985157118e-73	WT	JKAMP
6.41215566031377e-77	0.0813611077255565	0.65	0.63	1.25723136031772e-72	WT	AC068533.7
7.28299020801209e-77	0.114644479537706	0.36	0.314	1.42797589008493e-72	WT	VWA3B
1.12660198699988e-76	0.0921787871155888	0.281	0.261	2.20892851591066e-72	WT	DHRS4
1.37286897423917e-76	0.102457107080072	0.249	0.209	2.69178419779074e-72	WT	RAB15
1.67792534511534e-76	0.100105807741383	0.374	0.345	3.28990822416765e-72	WT	TOX4
1.71264719450411e-76	0.0797557154067932	0.823	0.827	3.35798735426421e-72	WT	MAD1L1
2.09136023541818e-76	0.050284331847708	0.644	0.652	4.10053001358443e-72	WT	MB21D2
2.19005163821362e-76	0.102507519730438	0.477	0.441	4.29403424704545e-72	WT	CIZ1
3.27572253610346e-76	0.0658980584281698	0.576	0.577	6.42270917653805e-72	WT	PAK1
3.31756130609303e-76	0.137930566395295	0.107	0.063	6.5047424528566e-72	WT	GABRG1
3.5484575888633e-76	0.0735666817263737	0.582	0.576	6.95746079448428e-72	WT	CRY1
4.48832489233069e-76	0.102405620230381	0.257	0.228	8.80025861639278e-72	WT	ORC5
5.06728730303957e-76	0.0588444534290278	0.893	0.896	9.93543021506969e-72	WT	BICD1
6.32868951119266e-76	0.107963180451394	0.382	0.349	1.24086615245954e-71	WT	NDUFA12
6.90508555657687e-76	0.0885101176810305	0.661	0.643	1.35388012507803e-71	WT	ATAD2
7.46352762194222e-76	0.0840790921963242	0.55	0.531	1.46337386083421e-71	WT	MAX
8.5129119207808e-76	0.0938556106309575	0.422	0.406	1.66912664030749e-71	WT	SLC25A26
8.68023093222071e-76	0.0595414239013995	0.779	0.793	1.70193287888051e-71	WT	SLC39A11
8.83344729663637e-76	0.112452576204986	0.27	0.208	1.73197401145149e-71	WT	AC009133.22
1.0148864571035e-75	0.0765385215379001	0.691	0.666	1.98988787644282e-71	WT	ZNRF2
1.62103666149059e-75	0.161964838933017	0.115	0.068	3.17836658218459e-71	WT	GATA5
1.80147424063413e-75	0.0858908253489647	0.638	0.619	3.53215054361135e-71	WT	KIAA0895L
1.8269145456297e-75	0.112493793205456	0.161	0.119	3.58203134961616e-71	WT	BBS5
1.89207763431749e-75	0.107971463270176	0.172	0.129	3.7097966176063e-71	WT	LPCAT2
2.08577695451154e-75	0.104744661090189	0.442	0.414	4.08958287471078e-71	WT	RAD54L
2.13553459795091e-75	0.119780403966055	0.203	0.146	4.18714268620234e-71	WT	FLRT2
3.18839619649548e-75	0.0623465745239162	0.668	0.677	6.25148842246868e-71	WT	NINL
3.50157568661078e-75	0.116865113515922	0.098	0.053	6.86553944873777e-71	WT	GP6
3.54383003606302e-75	0.123322340526605	0.192	0.128	6.94838755170876e-71	WT	KBTBD7
3.6970819669645e-75	0.116079288014365	0.351	0.305	7.24886861262729e-71	WT	SSPO
3.85927449308943e-75	0.0888312506035283	0.495	0.482	7.56687949860044e-71	WT	SLC35F4
4.02766761604196e-75	0.114518113886377	0.286	0.256	7.89704789477347e-71	WT	PLA2G4A
4.0989198294936e-75	0.101144062058236	0.302	0.283	8.03675210968811e-71	WT	TRAF5
5.59944747366901e-75	0.0756225361369778	0.619	0.613	1.09788366616228e-70	WT	PPP1R12A
5.83454403000173e-75	0.108729461297504	0.16	0.118	1.14397904796244e-70	WT	PROB1
8.42545040070781e-75	0.10064065218437	0.188	0.154	1.65197806006678e-70	WT	TNFSF12
8.5569487520144e-75	0.114703344098976	0.232	0.189	1.67776094180746e-70	WT	ARPP21
9.05018994668619e-75	0.127043747748957	0.077	0.039	1.77447074284676e-70	WT	DBX2
1.10308585418086e-74	0.0708622903445721	0.774	0.748	2.16282043429242e-70	WT	ZSWIM6
1.1051169664321e-74	0.0834159219820647	0.427	0.409	2.16680283608342e-70	WT	NARS2
1.24190887262981e-74	0.0657173323802978	0.539	0.55	2.43501072656526e-70	WT	DPH6
1.60593462746951e-74	0.0757459192707778	0.475	0.465	3.14875602407946e-70	WT	ZBTB25
1.65773055211522e-74	0.110954493156155	0.326	0.286	3.2503122935323e-70	WT	HINFP
2.05329420844548e-74	0.0925122042011526	0.596	0.581	4.02589395449905e-70	WT	SNX24
2.07398536538448e-74	0.0978848165208807	0.302	0.273	4.06646310590936e-70	WT	CCDC84
2.08550845310719e-74	0.0699394504209025	0.662	0.653	4.08905642400728e-70	WT	DENND5B
2.45404426757096e-74	0.102142702738065	0.366	0.327	4.81164459542638e-70	WT	ZNF10
2.65034779911054e-74	0.107000361313005	0.306	0.263	5.19653692971604e-70	WT	AL356053.1
2.71247185317171e-74	0.113834708035553	0.238	0.188	5.31834356251377e-70	WT	CATSPERB
2.79836374910327e-74	0.113457055447497	0.289	0.25	5.48675180286677e-70	WT	CGRRF1
2.94284277147203e-74	0.111962984946853	0.27	0.225	5.77003182202521e-70	WT	LRRTM3
3.0528105036967e-74	0.0745104758515873	0.39	0.378	5.98564555459811e-70	WT	AQP11
3.61838656727217e-74	0.103644961072344	0.451	0.414	7.09457054245054e-70	WT	OSTF1
3.74461343407514e-74	0.0844990616106082	0.55	0.53	7.34206356019112e-70	WT	LURAP1L
3.92894217837002e-74	0.0766946832002021	0.619	0.623	7.70347692913009e-70	WT	CAMKMT
5.06111568473476e-74	0.113711911503256	0.168	0.126	9.92332952305944e-70	WT	DEUP1
5.78710566011868e-74	0.0893472039339195	0.501	0.466	1.13467780677947e-69	WT	ERP44
6.33033600760639e-74	0.104745796629354	0.275	0.237	1.24118898101138e-69	WT	GALNT8
6.50753255580585e-74	0.0946819111034004	0.483	0.465	1.27593190821685e-69	WT	STK4
6.61726085769266e-74	0.0973714794755065	0.274	0.242	1.2974463363678e-69	WT	TMEM220
7.45245580201876e-74	0.140003213129208	0.073	0.034	1.46120300910182e-69	WT	KLRK1
7.46952289581104e-74	0.0850064403561003	0.429	0.411	1.46454935418167e-69	WT	LMCD1
7.53109120520165e-74	0.0904980376989238	0.492	0.469	1.47662105260389e-69	WT	GRIK1
7.98897291261349e-74	0.0701372101683148	0.425	0.426	1.56639791897613e-69	WT	IGFBP3
8.96317431189834e-74	0.126153295906519	0.058	0.024	1.75740958733391e-69	WT	NXPE2
8.97459111872068e-74	0.0684197734134128	0.794	0.773	1.75964808064756e-69	WT	KIF2A
9.25436974199685e-74	0.102124554505228	0.19	0.153	1.81450427531332e-69	WT	AC005281.1
1.0247596866843e-73	0.0997950168557298	0.382	0.352	2.0092463176819e-69	WT	ZFYVE1
1.0261799476233e-73	0.0907308519372201	0.329	0.302	2.012031023305e-69	WT	PAPOLA
1.06078807954737e-73	0.129725346295388	0.178	0.125	2.07988718756852e-69	WT	ZAN
1.07239453260828e-73	0.116371088619444	0.405	0.371	2.10264396008505e-69	WT	TMEM108
1.07720424155193e-73	0.0810059215534498	0.354	0.332	2.11207435641088e-69	WT	NQO1
1.16904077321272e-73	0.0814800012376506	0.372	0.363	2.29213824403818e-69	WT	MLH3
1.91290547756624e-73	0.0850775302987811	0.46	0.451	3.75063376986412e-69	WT	LEKR1
1.91314011489218e-73	0.11642799125822	0.16	0.113	3.75109382326909e-69	WT	LY86
2.00534427404172e-73	0.0980807098845466	0.365	0.337	3.93187851811359e-69	WT	LAMB4
2.58991173433339e-73	0.0884275464477497	0.485	0.452	5.07803993750748e-69	WT	GNA14
2.78905535550835e-73	0.0855126305391373	0.536	0.522	5.46850083554522e-69	WT	VRK2
2.96499397649539e-73	0.113004322208472	0.251	0.213	5.81346368971452e-69	WT	DNAH12
3.34057786200448e-73	0.11480884373569	0.278	0.234	6.54987101403219e-69	WT	COL11A1
3.82401405311997e-73	0.082480328649263	0.434	0.425	7.49774435395232e-69	WT	KLHL1
4.7418498460071e-73	0.13709637837038	0.085	0.043	9.29734499306612e-69	WT	PON1
6.39180360615991e-73	0.120857806157917	0.288	0.226	1.25324093305977e-68	WT	ZNF440
6.55714395177257e-73	0.120690552142218	0.282	0.229	1.28565921462405e-68	WT	SH2D4B
6.59202637796009e-73	0.124028945758981	0.145	0.097	1.29249861192663e-68	WT	LIPI
7.96910947961221e-73	0.131608747192479	0.188	0.13	1.56250329566757e-68	WT	ADCYAP1R1
7.97613927272376e-73	0.117437035929341	0.212	0.181	1.56388162720295e-68	WT	MROH9
8.08244713707167e-73	0.101745850569925	0.219	0.192	1.58472541016564e-68	WT	HACD3
8.51827703755827e-73	0.0884563479715921	0.442	0.424	1.67017857875405e-68	WT	VIPR2
8.87300977688661e-73	0.126082185687858	0.282	0.242	1.73973102695416e-68	WT	TESC
9.00536521258278e-73	0.0764125931949484	0.45	0.442	1.7656819572311e-68	WT	ANXA2R
9.06341249150104e-73	0.085636317387506	0.453	0.431	1.77706328720861e-68	WT	FNTB
9.97381410888915e-73	0.0909402786758123	0.228	0.201	1.9555657323299e-68	WT	BANF2
1.13723210963165e-72	0.118175780403163	0.145	0.099	2.22977099735478e-68	WT	ZNF788
1.23255509873507e-72	0.0957143932159817	0.368	0.35	2.41667078208985e-68	WT	ZNF839
1.30909968128391e-72	0.0766878783286588	0.5	0.493	2.56675174509335e-68	WT	DENND1B
1.78314227871678e-72	0.087972844489296	0.417	0.394	3.49620706587998e-68	WT	TWSG1
2.30185408241183e-72	0.0621099663403658	0.678	0.667	4.51324529938487e-68	WT	SIK2
2.52794138623416e-72	0.0592390099945806	0.651	0.661	4.95653467598931e-68	WT	FRAS1
2.70995609061405e-72	0.0982289898176519	0.392	0.371	5.31341090686697e-68	WT	DICER1
3.14564019649512e-72	0.0868590877876504	0.378	0.36	6.16765673326798e-68	WT	FANCM
3.86482487923687e-72	0.111626309116196	0.296	0.249	7.57776214071973e-68	WT	OAT
3.95442177287585e-72	0.0962629243941693	0.407	0.372	7.75343477007768e-68	WT	C2CD2L
4.27615926979179e-72	0.120751543130888	0.184	0.136	8.38426548028077e-68	WT	ZFP37
4.41521082797492e-72	0.120170397399847	0.473	0.443	8.65690387041043e-68	WT	TMTC1
4.4294583953795e-72	0.101009634774771	0.292	0.25	8.68483907582058e-68	WT	ANKDD1B
4.48644209899826e-72	0.160800073412922	0.099	0.051	8.7965670235059e-68	WT	ZNF667
4.7363242441631e-72	0.112433773937519	0.364	0.305	9.28651094553058e-68	WT	CMKLR1
6.41496413014203e-72	0.0783055634173726	0.406	0.389	1.25778201699695e-67	WT	RPS29
7.57335369996066e-72	0.0813196665681625	0.398	0.383	1.48490745995129e-67	WT	EML5
7.76534838334958e-72	0.0808252649266171	0.44	0.426	1.52255185752335e-67	WT	MEMO1
8.44277108692415e-72	0.10228236503132	0.542	0.504	1.65537412701322e-67	WT	CDK4
9.56322783777839e-72	0.0964752332868956	0.366	0.334	1.87506208215321e-67	WT	MYO7B
1.36603064632869e-71	0.0879348303018533	0.456	0.428	2.67837628825666e-67	WT	RNF157
1.52646256633535e-71	0.138781376179118	0.152	0.099	2.99293515381372e-67	WT	LVRN
1.79663428318796e-71	0.0708806424492401	0.565	0.593	3.52266083904664e-67	WT	RSRC1
1.82817844307629e-71	0.106492871899195	0.267	0.228	3.58450947333967e-67	WT	GNG4
1.86215167813673e-71	0.113804532927688	0.341	0.279	3.65112079532269e-67	WT	TOX3
2.54595826362318e-71	0.115991934523991	0.249	0.211	4.99186036748596e-67	WT	C14orf79
2.79332366981566e-71	0.120490758234869	0.114	0.07	5.47686971940756e-67	WT	SLC52A3
3.53096219370043e-71	0.0792722437734941	0.604	0.599	6.92315757318844e-67	WT	MLXIP
3.8622513090303e-71	0.0798040664928638	0.204	0.182	7.57271614161571e-67	WT	RPP25
4.00045154740147e-71	0.0873028083363312	0.279	0.259	7.84368534899005e-67	WT	SLC30A4
4.57356743156595e-71	0.125945455229159	0.086	0.047	8.96739366307137e-67	WT	CLEC12A
4.86976840744485e-71	0.12162401616582	0.191	0.129	9.54815491647711e-67	WT	TEAD2
5.51700109586486e-71	0.110581000060229	0.213	0.172	1.08171840486622e-66	WT	RAD54L2
5.54240251074448e-71	0.103165527150656	0.379	0.351	1.08669886028167e-66	WT	UNC80
5.62616356545362e-71	0.103601437749249	0.247	0.212	1.10312189027849e-66	WT	ZW10
6.44001512614843e-71	0.0719301441752487	0.464	0.463	1.26269376578392e-66	WT	ZCCHC7
6.70898287797737e-71	0.102370007330907	0.309	0.276	1.31543027288502e-66	WT	CFAP47
7.26230669337193e-71	0.0726813321169847	0.352	0.341	1.42392047336943e-66	WT	EFCAB13
7.40917929763485e-71	0.100433866387659	0.488	0.446	1.45271778488726e-66	WT	MBOAT1
8.10171281159146e-71	0.107445586215452	0.346	0.315	1.58850283096874e-66	WT	DKK2
9.14614884538938e-71	0.120129032753161	0.172	0.127	1.7932854041155e-66	WT	PGR
1.16162407298324e-70	0.086362007302368	0.416	0.394	2.27759631989823e-66	WT	KHNYN
1.37991868446727e-70	0.087949427094533	0.309	0.297	2.70560656463497e-66	WT	CARMIL3
1.61811819674304e-70	0.111633857942595	0.356	0.34	3.17264434835408e-66	WT	CPE
1.69436402107007e-70	0.0835742564713572	0.4	0.381	3.32213953611208e-66	WT	HNRNPLL
1.95565303961226e-70	0.0521436571326184	0.843	0.849	3.83444891476775e-66	WT	ITPR2
2.07323535323116e-70	0.0690906741891762	0.729	0.717	4.06499255708033e-66	WT	TTC33
2.13905975458234e-70	0.0938611620653134	0.684	0.65	4.1940544608096e-66	WT	SP4
2.4848407139387e-70	0.0942134100368818	0.193	0.157	4.87202718781961e-66	WT	TBCEL
2.5936888331389e-70	0.100275448490502	0.272	0.239	5.08544569513545e-66	WT	NAA30
2.66591394946087e-70	0.113763123653664	0.108	0.073	5.22705748070793e-66	WT	EPYC
3.09172421884926e-70	0.0761358345433663	0.672	0.661	6.06194367589773e-66	WT	RP11-793H13.10
3.36766537049348e-70	0.0538993529419822	0.801	0.797	6.60298149192657e-66	WT	PITPNM2
3.37997887006712e-70	0.111207711840705	0.239	0.195	6.62712457054061e-66	WT	KISS1R
3.65219655616576e-70	0.106785159597827	0.303	0.27	7.1608617876742e-66	WT	UBR7
4.00307858268421e-70	0.116183257369125	0.216	0.164	7.84883617706892e-66	WT	KLRD1
4.32168287181566e-70	0.0977447839595458	0.405	0.375	8.47352360676896e-66	WT	ATP23
4.75787623893051e-70	0.113419118980651	0.36	0.319	9.32876794167104e-66	WT	SCN4B
4.8881335444968e-70	0.114074533816853	0.193	0.144	9.58416344069488e-66	WT	TDRD12
5.413579664768e-70	0.069967840060966	0.862	0.863	1.06144056487106e-65	WT	RXRA
6.70125904013614e-70	0.0692711488767198	0.744	0.733	1.31391585999949e-65	WT	FRMD4B
6.91278547502798e-70	0.0674040861627043	0.556	0.551	1.35538984808874e-65	WT	MARCH6
8.11735900194269e-70	0.0743087621193469	0.757	0.754	1.5915705795109e-65	WT	CACNA1D
8.47322979130608e-70	0.0942290712075519	0.422	0.403	1.66134616518138e-65	WT	TNFSF13
8.74894892709213e-70	0.063139617674611	0.829	0.821	1.71540641613495e-65	WT	EPAS1
9.21082938156858e-70	0.061217879667759	0.436	0.433	1.80596731684415e-65	WT	C11orf95
1.01837989032389e-69	0.0963899944723949	0.22	0.197	1.99673745095805e-65	WT	RNF125
1.05806621451503e-69	0.0772916008619435	0.434	0.414	2.07455042679961e-65	WT	CHPT1
1.09988107163084e-69	0.0798490654128445	0.741	0.735	2.15653681714659e-65	WT	ABCA1
1.15394475092482e-69	0.106072226318692	0.442	0.399	2.26253947313829e-65	WT	HS3ST4
1.34662800358726e-69	0.112716032555294	0.279	0.234	2.64033352663354e-65	WT	LGR5
1.47139726955085e-69	0.13164880647204	0.103	0.06	2.88496862640836e-65	WT	CHRNB3
1.52325616542289e-69	0.0792458022135221	0.612	0.605	2.98664836354467e-65	WT	IQGAP2
2.02478169788102e-69	0.0598759669434206	0.843	0.909	3.96998947503531e-65	WT	EFNA5
2.49784385063106e-69	0.0909344091868294	0.776	0.748	4.89752243793232e-65	WT	KRBA1
2.56553983755123e-69	0.0749353042700464	0.505	0.502	5.03025395948669e-65	WT	ATE1
2.85901373427706e-69	0.133032566982334	0.062	0.029	5.60566822879703e-65	WT	POPDC3
3.30719267338006e-69	0.0873291460490087	0.282	0.258	6.48441267469627e-65	WT	IFT46
3.34162756822229e-69	0.0828203490512557	0.554	0.531	6.55192917301344e-65	WT	KIAA0895
3.53777065017467e-69	0.0774258234743814	0.664	0.69	6.93650691379747e-65	WT	SAMD12
3.61152735253054e-69	0.0781316475434058	0.496	0.484	7.08112168010662e-65	WT	TAF3
4.24452532008316e-69	0.147734199039569	0.202	0.117	8.32224079508706e-65	WT	HIST1H3G
4.24783778254887e-69	0.0674239045047317	0.613	0.609	8.32873554024358e-65	WT	DCAF5
4.44807805732384e-69	0.0871078794021364	0.575	0.551	8.72134664699485e-65	WT	PKP2
5.47707410936717e-69	0.116726199581202	0.394	0.364	1.07388992062362e-64	WT	LY6E
5.58232118432705e-69	0.14332296653585	0.142	0.085	1.094525714611e-64	WT	VGLL3
5.70199369246602e-69	0.0859322559594308	0.433	0.415	1.11798990328181e-64	WT	ARG2
6.04333114857432e-69	0.12382338829791	0.077	0.04	1.18491593830097e-64	WT	NLRP4
7.13874316983389e-69	0.130943733553357	0.121	0.074	1.39969337330933e-64	WT	GPR149
7.71374823839978e-69	0.126847500965991	0.069	0.035	1.51243461710304e-64	WT	F13B
8.06494426052672e-69	0.0981335481307763	0.271	0.245	1.58129362116147e-64	WT	COL5A2
8.3762484110424e-69	0.0708186246192273	0.536	0.528	1.64233102595308e-64	WT	TAX1BP1
1.04676532493791e-68	0.092799520975154	0.471	0.446	2.05239277260575e-64	WT	DCAF11
1.06153633149418e-68	0.0640273874184226	0.706	0.691	2.08135428516064e-64	WT	CDK13
1.08573766531852e-68	0.0614203284593752	0.799	0.788	2.12880584039003e-64	WT	CORO1C
1.27380744726099e-68	0.0872365348088924	0.533	0.513	2.49755426184463e-64	WT	IGF2BP2
1.72185703700764e-68	0.0557368113438197	0.853	0.84	3.37604509246088e-64	WT	CRIM1
1.8033271953758e-68	0.0786220184071991	0.619	0.607	3.53578363197332e-64	WT	LRIG1
1.81648120235224e-68	0.119015704424017	0.076	0.037	3.56157469345203e-64	WT	ZNF883
2.12828828980039e-68	0.0698627838492496	0.591	0.601	4.17293484981163e-64	WT	DYNC2H1
2.19603710287957e-68	0.0750585142319661	0.391	0.38	4.30576994761598e-64	WT	TBC1D15
2.23211212139747e-68	0.06235282594128	0.601	0.601	4.37650223642402e-64	WT	MICU1
2.45040002470757e-68	0.0749547047569503	0.67	0.66	4.80449932844413e-64	WT	ATF7
3.50439039172819e-68	0.0922015174674244	0.624	0.622	6.87105824106146e-64	WT	KIAA0825
4.10765686141609e-68	0.108897454009547	0.132	0.096	8.05388280817853e-64	WT	TPTE2
4.44689448865968e-68	0.106321809443357	0.288	0.246	8.71902602391503e-64	WT	IL12RB1
4.55907030248638e-68	0.107387138964207	0.229	0.178	8.93896914208505e-64	WT	LRRC4B
5.85613480949761e-68	0.0981404322875301	0.327	0.297	1.1482123520982e-63	WT	H2AFX
6.12053019354907e-68	0.0937977007176982	0.332	0.311	1.20005235504917e-63	WT	CLASP2
6.73474942908011e-68	0.100722719036349	0.383	0.35	1.32048232055974e-63	WT	SEL1L
6.98989569204008e-68	0.0610260802662421	0.684	0.683	1.3705088483383e-63	WT	MORC4
8.77403180327336e-68	0.0973669859841221	0.346	0.308	1.72032441566781e-63	WT	CHD3
8.80713434976043e-68	0.0824726850745578	0.41	0.392	1.72681483195753e-63	WT	FBXO33
9.85617637571745e-68	0.113467643680883	0.29	0.243	1.93250050198692e-63	WT	LYPD6B
1.01749851247947e-67	0.0701770330528246	0.535	0.53	1.99500933341851e-63	WT	DPY30
1.02552628576817e-67	0.129365324839868	0.082	0.043	2.01074938850565e-63	WT	ESM1
1.14586218367243e-67	0.0913536131006963	0.358	0.336	2.24669198352654e-63	WT	KLHL7
1.28956322331112e-67	0.0915009699089533	0.316	0.296	2.52844661194611e-63	WT	PPP4R2
1.37705799368168e-67	0.124550550380791	0.186	0.138	2.69999760821166e-63	WT	RASSF9
1.52237241543703e-67	0.110347181133447	0.292	0.243	2.98491559494739e-63	WT	ZNF831
1.66162652210223e-67	0.0970399114010693	0.183	0.151	3.25795112188583e-63	WT	MANSC1
1.67182111360528e-67	0.0855498489155051	0.469	0.437	3.27793965744587e-63	WT	HECTD2
1.71462108387949e-67	0.0816702349103208	0.409	0.395	3.36185755916251e-63	WT	ATP5S
1.8567892934207e-67	0.0925076476559023	0.639	0.588	3.64060676760996e-63	WT	HOXB3
1.89857408409575e-67	0.100784234179535	0.267	0.236	3.72253420668653e-63	WT	ACTR10
1.9778148331525e-67	0.109213419921921	0.111	0.076	3.87790154336211e-63	WT	RIC3
2.35772976185806e-67	0.0965014482576157	0.196	0.165	4.62280074407509e-63	WT	FAP
2.91725161588938e-67	0.114883529318397	0.127	0.086	5.7198552432743e-63	WT	NCKAP1L
2.91853249599534e-67	0.0933637232388158	0.399	0.366	5.72236666489807e-63	WT	DPAGT1
2.92446556605959e-67	0.0811465515911662	0.52	0.5	5.73399963537303e-63	WT	USP6NL
3.60699972988812e-67	0.07598473293942	0.177	0.155	7.07224437039164e-63	WT	PLA2G12B
3.66111161116686e-67	0.110615564619596	0.325	0.271	7.17834153601486e-63	WT	CARD11
3.98074269149617e-67	0.0699229193661999	0.462	0.46	7.80504219521654e-63	WT	ATP11B
4.64633499787572e-67	0.100821832865318	0.192	0.16	9.11006903033493e-63	WT	ABCD2
5.31867108513418e-67	0.114889728777312	0.165	0.131	1.04283183966226e-62	WT	C7
5.45219174506665e-67	0.145744431110446	0.186	0.106	1.06901123545522e-62	WT	HIST1H2BI
5.84947522900287e-67	0.0729861865430476	0.682	0.67	1.14690660815059e-62	WT	IPO11
6.39834624415043e-67	0.0590360750928215	0.771	0.767	1.25452374809058e-62	WT	PTPN1
7.5126291267333e-67	0.110020985498189	0.344	0.293	1.4730011928786e-62	WT	TMEM38B
7.79116437229448e-67	0.0734449391950743	0.364	0.362	1.52761359847578e-62	WT	SIAE
7.91395968388323e-67	0.121925491704619	0.068	0.033	1.55169007521899e-62	WT	RXFP4
8.82079118497147e-67	0.083121087652204	0.354	0.343	1.72949252763736e-62	WT	GALNT1
9.05573449496762e-67	0.115109863173571	0.349	0.315	1.7755578624283e-62	WT	ZFYVE21
9.39028354932746e-67	0.126707596740423	0.081	0.039	1.84115289551664e-62	WT	IRX2
1.03154253115909e-66	0.0565159714408164	0.41	0.427	2.02254544084363e-62	WT	PLPPR5
1.2525490316232e-66	0.0905481352822757	0.318	0.297	2.45587288630361e-62	WT	METAP1D
1.54508173912297e-66	0.0725881922700066	0.619	0.613	3.02944176589841e-62	WT	COL4A3BP
1.80822256376976e-66	0.106475912921037	0.148	0.114	3.54538198078337e-62	WT	HYAL4
2.13514084091109e-66	0.0942268659107276	0.331	0.295	4.18637064677438e-62	WT	TSHR
2.30079128312492e-66	0.118972295577595	0.089	0.055	4.51116146882303e-62	WT	RGS21
2.40589811528108e-66	0.0935731935607684	0.397	0.374	4.71724443463162e-62	WT	ZFYVE9
2.64695536343986e-66	0.117341553099089	0.172	0.126	5.18988538109653e-62	WT	ENTHD1
2.6532158732483e-66	0.0911560584928239	0.417	0.389	5.20216036267794e-62	WT	GLIPR1L2
2.66197068965989e-66	0.110499896422499	0.177	0.136	5.21932593121615e-62	WT	ZNF439
2.66716087946957e-66	0.11145492262972	0.325	0.292	5.22950233637598e-62	WT	CIB4
2.75819588565322e-66	0.102581023090682	0.441	0.392	5.40799467300027e-62	WT	SCAI
2.85221262704545e-66	0.06003094950377	0.342	0.348	5.59233329784802e-62	WT	STAC
3.31524970500092e-66	0.0815895688772744	0.411	0.395	6.50021009659531e-62	WT	TGIF2
3.80369147238782e-66	0.0798566967726569	0.522	0.518	7.4578978699108e-62	WT	GBAS
3.94640302816888e-66	0.0731065803330492	0.411	0.406	7.73771241733073e-62	WT	ENC1
3.95785231022849e-66	0.124120989225587	0.098	0.055	7.76016102466501e-62	WT	TFAP2D
4.39806092274717e-66	0.0669959173717124	0.606	0.596	8.62327805123037e-62	WT	HS2ST1
4.53724865803426e-66	0.0930980962619644	0.31	0.283	8.89618344380778e-62	WT	RNF214
4.93109231626107e-66	0.137421876875055	0.094	0.05	9.66839270449308e-62	WT	NLRP8
6.23698139734305e-66	0.0963440015282789	0.466	0.423	1.22288494257705e-61	WT	MASP1
7.464179736244e-66	0.0517770779770287	0.856	0.85	1.46350172088536e-61	WT	RFX2
7.57616518305646e-66	0.0770295377474499	0.374	0.367	1.48545870744188e-61	WT	PSMA6
1.03773129244287e-65	0.0691675124352072	0.448	0.444	2.03467974509274e-61	WT	L3HYPDH
1.10422381244633e-65	0.0879315620602851	0.221	0.197	2.16505162906351e-61	WT	ARCN1
1.17552953502641e-65	0.0853828595803955	0.416	0.405	2.30486075932628e-61	WT	INTS12
1.17735961874977e-65	0.119437555429887	0.055	0.023	2.30844900448268e-61	WT	NXPE1
1.18789123163652e-65	0.102445518539474	0.216	0.178	2.32909833786973e-61	WT	HRASLS
1.31502760566281e-65	0.0933486194376956	0.367	0.339	2.57837462642307e-61	WT	CNTNAP4
1.42169007064935e-65	0.108020121889207	0.337	0.307	2.78750772152219e-61	WT	CDCA4
1.59393873394163e-65	0.062948010894154	0.67	0.669	3.12523567563935e-61	WT	USP32
2.12897276430915e-65	0.0985416798858665	0.341	0.313	4.17427689898095e-61	WT	CEP126
2.34338559986475e-65	0.117093861998849	0.163	0.121	4.59467614565482e-61	WT	GNB4
2.37165024279756e-65	0.0840277114490849	0.466	0.45	4.65009463105317e-61	WT	PROCR
3.08807348776617e-65	0.111156329230708	0.051	0.023	6.05478568746313e-61	WT	ZNF99
3.18102415137938e-65	0.0700110840191958	0.466	0.461	6.23703405360954e-61	WT	CTAGE5
3.34208281747375e-65	0.118857288549554	0.102	0.068	6.55282178022079e-61	WT	CCDC152
4.43287909344236e-65	0.104472489031344	0.471	0.431	8.69154603851243e-61	WT	AHRR
4.48050464621961e-65	0.110679672877483	0.395	0.363	8.78492545984278e-61	WT	PEX5L
4.67350748892288e-65	0.093979128934037	0.208	0.184	9.16334613353109e-61	WT	TRMT5
5.30790284557116e-65	0.101787331875684	0.164	0.137	1.04072051093114e-60	WT	ASB15
5.72371864819968e-65	0.0664168993795897	0.57	0.564	1.12224951535251e-60	WT	ADGRA3
5.75381176463129e-65	0.0824536196156058	0.425	0.403	1.12814987269126e-60	WT	TMED10
6.13232609592945e-65	0.0917619005719713	0.254	0.227	1.20236517762889e-60	WT	CCDC138
6.15155438653426e-65	0.0652026107206962	0.504	0.501	1.20613526856777e-60	WT	PLEKHA8
6.24322148053439e-65	0.0803212473245026	0.286	0.265	1.22410843568838e-60	WT	BCO2
8.12162111484523e-65	0.0744762457822445	0.609	0.588	1.5924062519877e-60	WT	ESR2
8.35640368228734e-65	0.0923976582762964	0.282	0.245	1.63844006998608e-60	WT	TRPC4
8.53842127985817e-65	0.118565023051383	0.313	0.267	1.67412826034179e-60	WT	CFAP58
8.60805985991835e-65	0.0807593947938072	0.34	0.334	1.68778229673419e-60	WT	NUP205
9.93340652688362e-65	0.110367189781996	0.172	0.128	1.94764301772607e-60	WT	TYR
1.02709556534103e-64	0.0940146924261196	0.356	0.33	2.01382627496416e-60	WT	PDGFD
1.03736131836254e-64	0.0700173163979326	0.5	0.521	2.03395433691343e-60	WT	TANC2
1.14628510112708e-64	0.105720071150307	0.389	0.342	2.24752119777987e-60	WT	SMIM3
1.17332711523722e-64	0.0730314456179184	0.513	0.501	2.30054247484561e-60	WT	SYNJ1
1.24063919840621e-64	0.0711689094493307	0.486	0.482	2.43252127631506e-60	WT	EPM2A
1.29022551991488e-64	0.0594978902440003	0.733	0.74	2.5297451768971e-60	WT	KMT2C
1.44911968658872e-64	0.0801577245369504	0.231	0.212	2.84128896949449e-60	WT	B3GALNT1
1.65860609085221e-64	0.0653204973258281	0.591	0.601	3.25202896233393e-60	WT	BRAF
1.7029846735869e-64	0.0673726904366883	0.426	0.424	3.33904204950184e-60	WT	KCTD14
1.95120983983897e-64	0.0766662343482824	0.423	0.412	3.82573713297227e-60	WT	FAM177A1
1.99820797420245e-64	0.106363491292868	0.296	0.255	3.91788637501875e-60	WT	ARF5
2.1187732726149e-64	0.110623226696976	0.092	0.058	4.15427875561603e-60	WT	PON3
2.26385352811644e-64	0.109021007713584	0.075	0.048	4.4387376125779e-60	WT	ANGPTL1
2.37084600117463e-64	0.0700216366648548	0.715	0.701	4.6485177545031e-60	WT	IQUB
2.48854640264868e-64	0.110778763039753	0.191	0.142	4.87929293167327e-60	WT	OPRD1
3.20883123177632e-64	0.0938278494332707	0.355	0.334	6.29155539614382e-60	WT	RAB2B
3.32710528283983e-64	0.0912414761938677	0.406	0.378	6.52345532806406e-60	WT	RBM23
3.54844969773514e-64	0.0880657294501944	0.454	0.42	6.9574453223493e-60	WT	PLXNC1
3.7600351500785e-64	0.0736394773694549	0.749	0.737	7.37230091875891e-60	WT	PALM2-AKAP2
3.7768088041898e-64	0.0931431468481263	0.376	0.352	7.40518902237494e-60	WT	CTD-2207O23.3
3.78516250275264e-64	0.110566073685997	0.258	0.211	7.42156811914711e-60	WT	MGAT5B
3.82426593024689e-64	0.127436140093675	0.165	0.119	7.49823820943507e-60	WT	SELPLG
4.41310445817851e-64	0.0851653409367139	0.611	0.599	8.6527739111506e-60	WT	TMEM132B
4.41531550192082e-64	0.0926413400560577	0.205	0.176	8.65710910461615e-60	WT	SLC35G1
4.92850745616832e-64	0.0910285992551951	0.175	0.151	9.66332456930922e-60	WT	GLIPR1L1
5.38132837194814e-64	0.0768413749420587	0.58	0.559	1.05511705388787e-59	WT	DEPDC4
5.98254071113914e-64	0.10626038991572	0.25	0.206	1.17299675723305e-59	WT	RP4-809F18.1
5.98693398782788e-64	0.0928984648541891	0.356	0.333	1.17385814699341e-59	WT	ARHGEF18
6.01326942379749e-64	0.106074409377719	0.262	0.218	1.17902173592397e-59	WT	TMPRSS15
6.72047972286084e-64	0.104928375677094	0.095	0.059	1.31768445926132e-59	WT	FAM71D
6.98591111308834e-64	0.116052445492093	0.193	0.129	1.36972759194323e-59	WT	ZNF614
7.43344696775794e-64	0.0974126172459441	0.481	0.433	1.4574759469683e-59	WT	NACC2
7.47602967788516e-64	0.101281670404409	0.196	0.165	1.46582513894294e-59	WT	BMP5
9.23637839540668e-64	0.0979497387862732	0.438	0.39	1.81097671198739e-59	WT	C10orf99
9.69382444783417e-64	0.0740970483180007	0.553	0.543	1.90066815948685e-59	WT	APAF1
1.11480908036153e-63	0.0604306530431158	0.607	0.604	2.18580616386485e-59	WT	GOLIM4
1.19744737947099e-63	0.0883052206436243	0.42	0.416	2.34783507692877e-59	WT	ZNF804A
1.23605404371127e-63	0.101362078545166	0.493	0.456	2.42353116350469e-59	WT	C5orf30
1.29502318964095e-63	0.0857950462353572	0.286	0.261	2.53915196792901e-59	WT	AP1G2
1.34055941294193e-63	0.0681986633699978	0.573	0.575	2.62843484095524e-59	WT	STRADB
1.34943510544005e-63	0.0873173836257384	0.321	0.291	2.64583741123631e-59	WT	ELFN2
1.77473227780962e-63	0.101392242565791	0.29	0.263	3.47971757710131e-59	WT	HYOU1
1.81129984502695e-63	0.0844430032019475	0.269	0.245	3.55141560614435e-59	WT	NID2
1.99193566800448e-63	0.0967570966380798	0.068	0.04	3.90558826425637e-59	WT	SERTM1
2.02447211319444e-63	0.0844946506240715	0.249	0.226	3.96938247234033e-59	WT	TTC26
2.19790713632779e-63	0.122254731779654	0.309	0.238	4.3094365221979e-59	WT	KIF1A
2.60269531948671e-63	0.0854003506693166	0.396	0.379	5.10310471291758e-59	WT	PKDCC
2.72290494513704e-63	0.138211480432182	0.227	0.155	5.33879972593019e-59	WT	HGF
3.00644452050865e-63	0.0896246762439229	0.26	0.237	5.89473577136131e-59	WT	PARPBP
3.01831328167727e-63	0.0801446053528255	0.186	0.165	5.91800685138462e-59	WT	ANKS4B
3.05685409747154e-63	0.0695515672222906	0.457	0.453	5.99357382891244e-59	WT	INHBA
3.06785096726923e-63	0.0764200002907862	0.422	0.415	6.01513539152479e-59	WT	C5orf42
3.55159425027022e-63	0.0765645097007241	0.78	0.78	6.96361084650483e-59	WT	DAPK1
3.55771319224406e-63	0.0877104536033555	0.478	0.475	6.97560825603293e-59	WT	SLC35F1
3.92705420882974e-63	0.113291226587129	0.285	0.245	7.69977518725247e-59	WT	NUP210
4.04967915660042e-63	0.122214366957029	0.116	0.078	7.94020592234644e-59	WT	A2M
4.1583328325415e-63	0.086218208886458	0.176	0.15	8.15324318476413e-59	WT	LECT2
4.44691164330473e-63	0.12067186486774	0.127	0.083	8.71905965902758e-59	WT	MMD2
4.80437034397917e-63	0.0710476145787076	0.423	0.411	9.41992893343996e-59	WT	ACVR2A
4.82680423850479e-63	0.0800690776014822	0.513	0.505	9.46391507043634e-59	WT	C1orf101
4.96510286155864e-63	0.0966103350068592	0.251	0.225	9.73507718065803e-59	WT	CCDC125
5.67121991406906e-63	0.0665697322163878	0.508	0.494	1.11195608855152e-58	WT	NAPEPLD
6.64827306351425e-63	0.079837650911573	0.329	0.313	1.30352689956324e-58	WT	ZFHX2
7.07842184660926e-63	0.0558792187571784	0.837	0.834	1.38786617146468e-58	WT	TMTC2
7.1321994022728e-63	0.0695262727226465	0.503	0.515	1.39841033680363e-58	WT	CCDC85A
7.66375808730659e-63	0.0804423865534502	0.234	0.219	1.5026330481782e-58	WT	GMFB
7.78063905262893e-63	0.0662543620282118	0.553	0.557	1.52554989904895e-58	WT	NCOA1
1.03442878694625e-62	0.0892238401542694	0.627	0.604	2.0282045225655e-58	WT	DTWD2
1.07992367119369e-62	0.0974632211257479	0.467	0.441	2.11740634210948e-58	WT	VKORC1L1
1.11569945884168e-62	0.0754815696348065	0.563	0.551	2.18755192895089e-58	WT	ACAP2
1.15879820344394e-62	0.0706629612482151	0.389	0.379	2.27205563749253e-58	WT	SOBP
1.22435329815775e-62	0.0992060835385452	0.147	0.109	2.4005895116979e-58	WT	EGFL7
1.47386794126063e-62	0.104907854614838	0.177	0.134	2.88981287242972e-58	WT	SYCE2
1.49195813724262e-62	0.0794216619151321	0.266	0.245	2.92528231969161e-58	WT	SAV1
1.67979833475421e-62	0.0822032994425265	0.514	0.492	3.29358059495258e-58	WT	WDR25
1.68545214119081e-62	0.073996125151257	0.509	0.498	3.30466601323281e-58	WT	HOXA10-HOXA9
2.39426829438502e-62	0.1211538563516	0.051	0.021	4.69444184480072e-58	WT	HOXD13
2.59051402516932e-62	0.09217495471526	0.151	0.124	5.07922084914948e-58	WT	ZPR1
3.15245839231729e-62	0.0815335309908802	0.231	0.207	6.18102516981651e-58	WT	B3GNT4
3.46494236737198e-62	0.118151717872175	0.099	0.059	6.79371249970624e-58	WT	GFRAL
3.75382477660685e-62	0.0881360850638436	0.369	0.352	7.36012423949304e-58	WT	NUP155
3.82035822162081e-62	0.0937153660977179	0.226	0.193	7.49057636513192e-58	WT	IL18
5.11685494008247e-62	0.0941984597697713	0.408	0.387	1.00326174810197e-57	WT	TMEM170B
6.23034073961005e-62	0.10012034150186	0.239	0.208	1.22158290881534e-57	WT	DTD2
6.41851240010026e-62	0.107414474016966	0.219	0.171	1.25847772628766e-57	WT	CHRD
6.8655757807959e-62	0.083737406970756	0.416	0.396	1.34613344334065e-57	WT	UBE2N
6.95730509261755e-62	0.0695333355344981	0.639	0.651	1.36411880950952e-57	WT	SRPK2
7.44270402652768e-62	0.0933665272769337	0.136	0.104	1.45929097848128e-57	WT	FOXB1
8.56264934694864e-62	0.104627961952349	0.213	0.18	1.67887865745622e-57	WT	CNKSR2
9.26953675250791e-62	0.097364739895606	0.148	0.119	1.81747807106423e-57	WT	LRRC72
9.28667387598633e-62	0.0680289376684258	0.677	0.668	1.82083814686464e-57	WT	CPEB3
9.4135132052364e-62	0.0799256356772043	0.338	0.323	1.8457075341507e-57	WT	FAM184B
1.05807441863517e-61	0.0755396696006774	0.481	0.479	2.07456651261798e-57	WT	AKAP9
1.05888798290534e-61	0.0636460809782663	0.707	0.704	2.07616166808251e-57	WT	EML6
1.208508722707e-61	0.085350048316888	0.241	0.22	2.36952305261162e-57	WT	SDHD
1.2407352983399e-61	0.100659213726953	0.187	0.148	2.43270969945505e-57	WT	INHA
1.41512509824617e-61	0.0841253916626412	0.369	0.353	2.77463578013127e-57	WT	ATP6V1D
1.41685320974636e-61	0.06883169797649	0.529	0.533	2.77802408834968e-57	WT	MCU
1.42958386104069e-61	0.096452174607813	0.203	0.175	2.80298507634249e-57	WT	SOCS4
1.65690939992601e-61	0.116288849320144	0.168	0.118	3.24870226043492e-57	WT	RP11-153I24.5
1.75634511248438e-61	0.103812463783445	0.137	0.105	3.44366586204812e-57	WT	LINC00238
1.78804473504807e-61	0.10290595659255	0.209	0.172	3.50581931200875e-57	WT	HCK
1.80643839824003e-61	0.110980938316342	0.185	0.142	3.54188376742923e-57	WT	CRHR2
1.8227057556222e-61	0.0921732885620614	0.541	0.56	3.57377917504846e-57	WT	PCNX2
1.89191053462933e-61	0.0904609299826704	0.409	0.408	3.70946898524772e-57	WT	NVL
2.0098478278508e-61	0.0671207254795881	0.565	0.56	3.94070863606706e-57	WT	RIC8B
2.11175917570596e-61	0.0648642784816421	0.875	0.888	4.14052621580668e-57	WT	DAB2IP
2.41529307974057e-61	0.0855860020654909	0.371	0.348	4.73566514144733e-57	WT	TSPAN2
2.61100438192132e-61	0.0896752179403248	0.426	0.391	5.11939629163313e-57	WT	WHRN
2.6114946197606e-61	0.0614589424568815	0.476	0.489	5.12035750096461e-57	WT	AJUBA
2.96306904063184e-61	0.112608445545817	0.136	0.097	5.80968946796684e-57	WT	GABRA4
3.0694702138065e-61	0.107641580654292	0.197	0.149	6.0183102482104e-57	WT	THPO
3.54685672394077e-61	0.083770363786589	0.57	0.568	6.95432197863067e-57	WT	ANO2
4.12466946159521e-61	0.12494392400441	0.152	0.104	8.08723941334973e-57	WT	SALL2
4.82814834694614e-61	0.0717413614648808	0.473	0.472	9.46655046385729e-57	WT	CDKN1B
4.84423417225472e-61	0.106487242179688	0.319	0.274	9.49808994153984e-57	WT	TMEM74
5.35453340383863e-61	0.108101655065401	0.103	0.071	1.04986336449064e-56	WT	FAM180A
5.77940018782123e-61	0.102283162626066	0.603	0.563	1.13316699482611e-56	WT	RP11-216L13.17
6.69726031808694e-61	0.0953258005168783	0.279	0.254	1.31313183056731e-56	WT	GCAT
7.5105032365026e-61	0.0590277091980517	0.614	0.616	1.47258436958106e-56	WT	ERBIN
8.01209616937623e-61	0.0599010541861126	0.765	0.749	1.5709316959296e-56	WT	AHCYL2
9.70529840236982e-61	0.0696139221999549	0.532	0.529	1.90291785775265e-56	WT	OSTM1
9.95862437724189e-61	0.118554690946151	0.346	0.318	1.95258748164582e-56	WT	FGD5
1.11997002048611e-60	0.0946123842864094	0.356	0.333	2.19592521916712e-56	WT	HOXA4
1.24604594291904e-60	0.0707792502310216	0.623	0.619	2.44312228028137e-56	WT	STARD3NL
1.29639117854939e-60	0.0898427370743092	0.392	0.379	2.54183418378179e-56	WT	EIF5
1.33173213347485e-60	0.118831076720205	0.057	0.026	2.61112719410414e-56	WT	ACSM4
1.55134213965761e-60	0.0561514612124276	0.562	0.574	3.04171653322668e-56	WT	PRH1
1.5520801466681e-60	0.0874274980133202	0.259	0.24	3.04316354357215e-56	WT	KRR1
1.65187649074925e-60	0.104923427806288	0.172	0.139	3.23883423541205e-56	WT	COL9A1
2.01550385405643e-60	0.0911103432209297	0.451	0.431	3.95179840664845e-56	WT	KYAT1
2.03206990779424e-60	0.0586803925532086	0.747	0.728	3.98427946821216e-56	WT	BCL9
2.04127829783745e-60	0.0898897593011695	0.359	0.334	4.0023343585699e-56	WT	ZNF891
2.12101104004916e-60	0.080951324236376	0.305	0.291	4.15866634622439e-56	WT	DLAT
2.43226729905046e-60	0.0676698681474973	0.539	0.53	4.76894649324825e-56	WT	OLA1
2.50377757030711e-60	0.112300831223102	0.199	0.158	4.90915668210115e-56	WT	GML
2.54309653459649e-60	0.0611676475689291	0.671	0.685	4.98624937538335e-56	WT	VTI1A
2.57686926572372e-60	0.0765950260248966	0.387	0.378	5.05246756930451e-56	WT	FAM102B
2.7287052824874e-60	0.0752023062510213	0.28	0.262	5.35017244737304e-56	WT	C16orf52
2.76306435134407e-60	0.0797149302673222	0.419	0.411	5.41754027368031e-56	WT	PCGF2
2.83454865420731e-60	0.0734113455867403	0.481	0.47	5.55769954630427e-56	WT	EPB41L5
2.96334864426181e-60	0.0838251611133972	0.394	0.369	5.81023768680412e-56	WT	C9orf172
3.14116521258473e-60	0.0804374652968063	0.263	0.245	6.15888263231488e-56	WT	ATP7A
3.54701405338554e-60	0.0701762686753428	0.277	0.267	6.95463045447302e-56	WT	GLTPD2
3.78026705060995e-60	0.0637458359473529	0.672	0.664	7.41196960613092e-56	WT	MAST3
4.01809772566961e-60	0.10048502724166	0.202	0.164	7.87828421072041e-56	WT	VWA5B1
4.08686857477519e-60	0.0862425599406663	0.331	0.312	8.0131232145617e-56	WT	VIPAS39
4.15302441284576e-60	0.0834158589948816	0.395	0.382	8.14283496626668e-56	WT	VPS50
4.29766905774104e-60	0.0907792555200808	0.212	0.189	8.42643972151286e-56	WT	SC5D
4.46851427225784e-60	0.0617207738995724	0.477	0.474	8.76141593361594e-56	WT	NID1
4.80092222465539e-60	0.0624363489712676	0.575	0.573	9.41316820588183e-56	WT	PKN2
4.91598526752399e-60	0.0541768905042719	0.596	0.592	9.63877231403429e-56	WT	ICA1
5.31587822348628e-60	0.125794249329268	0.106	0.06	1.04228424327895e-55	WT	BTNL9
6.14652825685718e-60	0.0875063550358015	0.449	0.454	1.20514979532199e-55	WT	EYA1
6.19176813678982e-60	0.0928778163269441	0.302	0.266	1.21401997858038e-55	WT	DEPDC7
6.65358689029656e-60	0.116170355886665	0.08	0.045	1.30456878158045e-55	WT	MYH6
7.86185952093473e-60	0.116763258619624	0.135	0.098	1.54147479626967e-55	WT	SI
8.1197705103478e-60	0.0795380828951548	0.509	0.499	1.59204340396389e-55	WT	PTCD1
8.40991710696612e-60	0.0919090046599459	0.184	0.163	1.64893244716285e-55	WT	SSTR1
8.940260426098e-60	0.0664036461341986	0.626	0.628	1.75291686174504e-55	WT	OTUD7A
9.3532336089799e-60	0.102798082842726	0.371	0.347	1.83388851371269e-55	WT	XRCC3
1.0209200954902e-59	0.104944577225341	0.181	0.14	2.00171803122764e-55	WT	TFR2
1.15419286563569e-59	0.0734273363389107	0.239	0.228	2.26302595165189e-55	WT	THY1
1.18208932776029e-59	0.0694280842450806	0.71	0.713	2.31772254493959e-55	WT	UMAD1
1.46824954963781e-59	0.0661252740130961	0.574	0.567	2.87879689197485e-55	WT	KDM7A
1.49347708000386e-59	0.0718171930244249	0.301	0.294	2.92826051076356e-55	WT	ZNF8
1.71190099148895e-59	0.0796155989608013	0.441	0.433	3.35652427401238e-55	WT	RACGAP1
1.85122760572152e-59	0.0625916133154245	0.695	0.67	3.62970196653818e-55	WT	SCNN1A
2.02485418313033e-59	0.107053845641446	0.16	0.121	3.97013159686364e-55	WT	TMEM71
2.081318138778e-59	0.0642411306500699	0.758	0.755	4.08084047470203e-55	WT	LRRC23
2.4830066395136e-59	0.0966471856422784	0.189	0.158	4.86843111809432e-55	WT	ARHGEF33
2.48447502573844e-59	0.109042091194835	0.162	0.114	4.87131018296535e-55	WT	DMKN
2.4848177769154e-59	0.0685599165483617	0.417	0.406	4.87198221519803e-55	WT	LDAH
2.4873832080177e-59	0.0637276269474268	0.574	0.57	4.87701225596031e-55	WT	ZNF398
2.88680061071472e-59	0.112851759043067	0.17	0.126	5.66014995742835e-55	WT	ALS2CR11
3.8889279556449e-59	0.0717803334190943	0.355	0.342	7.62502104263296e-55	WT	FBN1
3.89837621223632e-59	0.0919289213632895	0.299	0.284	7.64354623933176e-55	WT	MEOX2
4.01222901934819e-59	0.0570060138039967	0.49	0.499	7.86677743823599e-55	WT	TAS2R14
4.23768039086103e-59	0.107971952935337	0.154	0.119	8.30881994236122e-55	WT	LPA
4.94383597409056e-59	0.114501748627767	0.083	0.048	9.69337919439936e-55	WT	BOLL
5.80541314346144e-59	0.072656749895708	0.623	0.611	1.13826735503849e-54	WT	CCSER2
6.49286175054796e-59	0.0838934834340049	0.478	0.452	1.27305540342994e-54	WT	CAPRIN2
6.60488903000236e-59	0.0672101534473711	0.506	0.502	1.29502059211256e-54	WT	SPPL3
7.28451364381567e-59	0.0635156299972326	0.59	0.582	1.42827459014294e-54	WT	FOCAD
7.48042282715108e-59	0.0976748886902133	0.206	0.174	1.46668650371951e-54	WT	C14orf2
7.62675221685698e-59	0.0853254412049065	0.242	0.223	1.49537730715915e-54	WT	HAPLN1
8.36362528737612e-59	0.084473996381412	0.245	0.226	1.63985601009584e-54	WT	EXD2
9.31677321593321e-59	0.0594812534266233	0.535	0.538	1.82673972444802e-54	WT	NMRAL1
1.00748926408663e-58	0.0720175378900615	0.392	0.392	1.97538420009466e-54	WT	CRLF1
1.08482127866041e-58	0.0528677801067537	0.513	0.525	2.12700908106947e-54	WT	FREM2
1.20875957713409e-58	0.0766622973991518	0.511	0.488	2.3700149028868e-54	WT	ELMO2
1.21616906597403e-58	0.107570300412476	0.124	0.09	2.38454268765528e-54	WT	DYTN
1.37600221454048e-58	0.0946446281911661	0.443	0.424	2.69792754204953e-54	WT	CFTR
1.52999466355228e-58	0.0943421436612634	0.253	0.218	2.99986053682695e-54	WT	VIT
1.70403349900263e-58	0.113207002526964	0.121	0.085	3.34109848149446e-54	WT	RP3-468K18.7
2.01824270222242e-58	0.0770923251215648	0.246	0.237	3.95716846624749e-54	WT	SLCO1A2
2.18823721901597e-58	0.11309443371629	0.082	0.047	4.2904767153246e-54	WT	BEND4
2.2855109201588e-58	0.059099923099199	0.759	0.747	4.48120126115535e-54	WT	KDM2B
2.34200081560646e-58	0.0827566457134953	0.135	0.109	4.59196099915959e-54	WT	ISM2
2.59261304351615e-58	0.0591255897477899	0.523	0.538	5.08333639442211e-54	WT	GRIA4
3.22294193662588e-58	0.106711180930717	0.269	0.224	6.31922225514237e-54	WT	ARMC4
3.25122344988134e-58	0.0536209233741406	0.601	0.603	6.37467381818235e-54	WT	NIPBL
3.37585551127271e-58	0.110240581102264	0.168	0.13	6.61903990095241e-54	WT	ADAM29
3.47960417055963e-58	0.0855160281846752	0.305	0.273	6.82245989721626e-54	WT	GRIN3A
3.6155981578835e-58	0.113585603580124	0.106	0.071	7.08910330816219e-54	WT	BRDT
3.70379286425862e-58	0.0781591981545361	0.5	0.492	7.26202666895187e-54	WT	ATP5J2-PTCD1
4.25803076127341e-58	0.0827136524200421	0.155	0.134	8.34872091362877e-54	WT	FAM26D
5.32033292001963e-58	0.129834695925554	0.083	0.049	1.04315767562825e-53	WT	ISL1
5.35505792130085e-58	0.0681933287744721	0.419	0.419	1.04996620662946e-53	WT	CLDN2
5.38711414088685e-58	0.0959738446567229	0.387	0.359	1.05625146960368e-53	WT	ALAD
6.42243058315658e-58	0.101483893136192	0.183	0.152	1.25924596443951e-53	WT	PMPCA
6.82967691349148e-58	0.0721234398055541	0.349	0.341	1.33909475242827e-53	WT	CHURC1
6.97888334851806e-58	0.054622055793851	0.713	0.708	1.36834965814394e-53	WT	KIF21A
7.38696568728416e-58	0.0872271535314585	0.201	0.174	1.4483623623058e-53	WT	C9orf84
7.62820943857944e-58	0.0667813277002725	0.59	0.594	1.49566302462227e-53	WT	FAM135A
8.4549350535742e-58	0.139286466287634	0.091	0.043	1.65775911595429e-53	WT	HIST1H4F
9.45392358381069e-58	0.0604276984910633	0.642	0.653	1.85363079707776e-53	WT	DTNB
9.69885871307678e-58	0.094491003972706	0.125	0.093	1.90165522787296e-53	WT	GPR85
9.95282938406888e-58	0.060403567587726	0.722	0.731	1.95145125733439e-53	WT	GTDC1
1.0293954515989e-57	0.0949519465588286	0.286	0.258	2.01833566194996e-53	WT	CEP41
1.05896279961245e-57	0.0774148034971941	0.499	0.493	2.07630836120012e-53	WT	WDR41
1.08961399022923e-57	0.0868485574456146	0.346	0.33	2.13640615064245e-53	WT	ZCWPW2
1.16005575727914e-57	0.0721016754403053	0.541	0.538	2.27452132329721e-53	WT	CCDC59
1.29799209988104e-57	0.072632769653707	0.562	0.545	2.54497311023675e-53	WT	VPS13A
1.39652937990591e-57	0.0771441426514092	0.432	0.424	2.73817515518151e-53	WT	APOPT1
1.94357203586725e-57	0.095107835740646	0.424	0.406	3.81076169072492e-53	WT	NRBP2
2.39775576761594e-57	0.0772530156887128	0.399	0.39	4.70127973356457e-53	WT	PYM1
2.48454102579344e-57	0.107176531531604	0.116	0.081	4.8714395892732e-53	WT	CYP2W1
2.75755585879333e-57	0.0871473164803369	0.25	0.21	5.40673977233608e-53	WT	MTHFD2
2.89796011790579e-57	0.105701626625732	0.214	0.154	5.68203040317788e-53	WT	GLP2R
3.62203607308085e-57	0.0690154093579293	0.61	0.621	7.10172612848962e-53	WT	BCL11A
4.18869977100311e-57	0.0973147021774177	0.162	0.132	8.2127836410058e-53	WT	CLVS2
5.05226857039122e-57	0.0940508104628739	0.291	0.263	9.90598298596607e-53	WT	TC2N
5.24684439312837e-57	0.0631609389496243	0.634	0.628	1.02874878016068e-52	WT	CAPZA2
5.64295929023591e-57	0.096589201487382	0.287	0.263	1.10641502803656e-52	WT	NDST4
6.96098213628486e-57	0.0660037299943276	0.435	0.445	1.36483976746137e-52	WT	TDP2
7.13691768148797e-57	0.0990446936066031	0.141	0.112	1.39933544980935e-52	WT	GBX1
7.22111250997071e-57	0.0829556335177299	0.367	0.351	1.41584352982996e-52	WT	POLR3G
8.56882531671913e-57	0.0928606830444431	0.151	0.12	1.68008957984912e-52	WT	RP11-257K9.8
9.01994820211009e-57	0.07778382443447	0.485	0.478	1.76854124398773e-52	WT	FAM3C
1.05714872465664e-56	0.107801580219624	0.123	0.087	2.07275150443428e-52	WT	IGFBP1
1.08593925555554e-56	0.100597050439827	0.186	0.153	2.12920109836774e-52	WT	SLC12A5
1.43013854945559e-56	0.0691380137184087	0.553	0.549	2.80407265391757e-52	WT	BORCS5
1.52473387649871e-56	0.0755483486055473	0.325	0.311	2.98954571165102e-52	WT	WDR35
1.53274780934239e-56	0.0743596009919787	0.411	0.4	3.00525862977763e-52	WT	C6
1.5659691753e-56	0.0680763788380143	0.364	0.349	3.07039576201072e-52	WT	OAF
1.6772163705522e-56	0.0935454476457561	0.199	0.165	3.2885181377417e-52	WT	HS3ST2
1.76519458863422e-56	0.0904107915493618	0.334	0.3	3.46101702993512e-52	WT	SPTLC1
1.7843662022838e-56	0.0928265084153454	0.405	0.375	3.49860681281784e-52	WT	MAN1B1
1.84675132260204e-56	0.107610646712888	0.117	0.086	3.62092531822582e-52	WT	DAZL
1.86093016422477e-56	0.0513963166182363	0.655	0.668	3.6487257729955e-52	WT	PLD1
2.02287936121851e-56	0.0777201976960497	0.233	0.212	3.96625956354114e-52	WT	SYNJ2BP-COX16
2.07904963456065e-56	0.0847662179964664	0.235	0.211	4.07639261848307e-52	WT	TGFB3
2.2209038055522e-56	0.103304885472445	0.109	0.077	4.3545260915462e-52	WT	LRRC3B
2.32502942474672e-56	0.0968540019610845	0.152	0.12	4.5586851931009e-52	WT	HAO1
2.49641350052019e-56	0.0823889595618741	0.426	0.403	4.89471795046993e-52	WT	RABGAP1
2.68311136029674e-56	0.104912167152409	0.094	0.061	5.26077644413381e-52	WT	LAYN
2.87010191420972e-56	0.0954816612881421	0.189	0.157	5.627408823191e-52	WT	NETO1
3.02069872541038e-56	0.0631021211474988	0.381	0.382	5.92268399091213e-52	WT	SEC23A
3.49182542014458e-56	0.0586515357536136	0.739	0.724	6.84642210127747e-52	WT	CREB3L2
3.62206876895587e-56	0.0979399334290636	0.264	0.237	7.10179023529178e-52	WT	CCDC129
3.8570305092116e-56	0.0841812785511745	0.263	0.242	7.56247971941118e-52	WT	SPATC1
4.19410499826294e-56	0.111564398050684	0.101	0.068	8.22338167009414e-52	WT	CCL26
4.27853998112309e-56	0.0694677982247714	0.483	0.475	8.38893334098804e-52	WT	DYNC1H1
6.50415594437412e-56	0.0805267381114144	0.201	0.177	1.27526985601343e-51	WT	AREL1
7.02854471588892e-56	0.0914813808028094	0.173	0.148	1.37808676244434e-51	WT	PRODH2
7.87611491045275e-56	0.064078841217745	0.628	0.624	1.54426985049247e-51	WT	STIM2
8.8365228308094e-56	0.0647720358527332	0.685	0.691	1.7325770314368e-51	WT	MLLT3
9.13823436143374e-56	0.0870931577728596	0.41	0.389	1.79173361124631e-51	WT	CASP2
9.25762563724937e-56	0.0903862903654953	0.391	0.384	1.81514265869548e-51	WT	INTS1
1.00193973564756e-55	0.0689767536242459	0.335	0.331	1.96450323968418e-51	WT	IL17RD
1.22583398469655e-55	0.0750618705467208	0.456	0.443	2.40349269379454e-51	WT	CTD-2140B24.4
1.3030638393666e-55	0.0744909411628293	0.411	0.409	2.5549172698461e-51	WT	STT3A
1.3353687370007e-55	0.0708572648418712	0.28	0.27	2.61825748263727e-51	WT	NEMP2
1.36986378398026e-55	0.0886713091140429	0.219	0.201	2.68589192125009e-51	WT	HTR2C
1.47077370310256e-55	0.100363400034849	0.228	0.186	2.8837459996732e-51	WT	IKZF1
1.56475583943495e-55	0.0839229678904592	0.277	0.254	3.06801677438011e-51	WT	METTL3
1.65391316373827e-55	0.0668533925630582	0.741	0.71	3.24282754014162e-51	WT	RUNX2
2.10574300625142e-55	0.0806827234892507	0.288	0.274	4.12873031235715e-51	WT	ERCC8
2.20025819008479e-55	0.0922045552073864	0.318	0.298	4.31404623329925e-51	WT	DENND2C
2.37382534658754e-55	0.0941426262723095	0.113	0.076	4.6543593570542e-51	WT	ZDHHC19
2.55594896767443e-55	0.0736357087664257	0.364	0.352	5.01144914091925e-51	WT	STAT4
2.78634436169715e-55	0.0637091990271593	0.547	0.552	5.46318538997959e-51	WT	TRAK2
3.04920585146473e-55	0.101310178971464	0.082	0.054	5.9785779129669e-51	WT	SFTA3
3.19938961705189e-55	0.0871727659212545	0.288	0.267	6.27304322215363e-51	WT	C7orf31
3.52713683522302e-55	0.0560466293483764	0.322	0.34	6.91565719282178e-51	WT	DPEP1
3.57937862075805e-55	0.0842114704504482	0.324	0.315	7.01808766172031e-51	WT	SYT14
3.94141235611012e-55	0.108647346507027	0.058	0.031	7.72792720662511e-51	WT	AADACL2
3.99104780525068e-55	0.0882555890702703	0.227	0.206	7.82524743175502e-51	WT	TMX1
4.06154607573894e-55	0.0945137268163233	0.31	0.286	7.96347339070133e-51	WT	RP11-468E2.4
4.72270945642342e-55	0.104439178427412	0.197	0.162	9.25981643120941e-51	WT	IRAK3
4.79133932714707e-55	0.113234311775255	0.073	0.047	9.39437901873726e-51	WT	GPR150
5.15275557463963e-55	0.111390641170384	0.068	0.038	1.01030078551959e-50	WT	SERPINI2
5.16516350302748e-55	0.0742468506579416	0.714	0.719	1.0127336080386e-50	WT	CACNA2D1
5.34060877829978e-55	0.0834209406455367	0.307	0.285	1.04713316316124e-50	WT	TBC1D30
5.35261926542615e-55	0.0937932027737273	0.202	0.172	1.04948805937211e-50	WT	ANGEL1
6.73986833986774e-55	0.0722175378837215	0.527	0.515	1.32148598539787e-50	WT	KRAS
7.80716939506649e-55	0.104964463929249	0.072	0.041	1.53075170329069e-50	WT	ABHD12B
7.8089147562637e-55	0.100391677827944	0.225	0.197	1.53109391626062e-50	WT	CINP
9.51243230893169e-55	0.0983651588848925	0.104	0.069	1.86510260281224e-50	WT	NHLRC1
1.00332504942941e-54	0.0680124192743213	0.357	0.34	1.96721942441624e-50	WT	HNMT
1.04158824829498e-54	0.074300108364723	0.259	0.251	2.04224207843197e-50	WT	P4HA3
1.12601459608818e-54	0.0815557638678891	0.256	0.24	2.2077768185501e-50	WT	PRPF39
1.17627417048687e-54	0.0903471256848981	0.301	0.27	2.3063207660736e-50	WT	FUT9
1.17741965758491e-54	0.0811308273185303	0.187	0.163	2.30856672262674e-50	WT	CHRDL1
1.38099020657344e-54	0.0703636510170341	0.434	0.42	2.70770749802855e-50	WT	KIAA0368
1.4278403478579e-54	0.0869152634604166	0.334	0.309	2.79956657004499e-50	WT	POU2F2
1.65393260977295e-54	0.0913672052908463	0.091	0.064	3.24286566798183e-50	WT	MFRP
1.68864395754323e-54	0.0838319950650105	0.417	0.395	3.310924207555e-50	WT	DIRAS2
1.89515949697554e-54	0.0725187688223614	0.352	0.345	3.71583922571995e-50	WT	FKBP3
1.92976876458512e-54	0.0859143655712071	0.401	0.365	3.78369761672205e-50	WT	GSG1L
1.98460793984179e-54	0.0762581714554393	0.475	0.463	3.89122078764779e-50	WT	RAB3C
2.09182657216797e-54	0.0688310329013654	0.422	0.418	4.10144436004973e-50	WT	EXPH5
2.54563843758619e-54	0.0507945697051507	0.555	0.57	4.99123328457525e-50	WT	PRH1-PRR4
2.58379174228555e-54	0.101078272171124	0.097	0.067	5.06604046909927e-50	WT	LRRC53
2.6174142036954e-54	0.0507849499127606	0.555	0.57	5.13196402918557e-50	WT	PRR4
2.76545910309363e-54	0.052013534126597	0.49	0.501	5.42223566343569e-50	WT	PGK1
2.95146872764092e-54	0.0690830117327367	0.387	0.381	5.78694473428556e-50	WT	IL12RB2
3.5865305502291e-54	0.08920068578896	0.248	0.225	7.0321104498342e-50	WT	REXO2
3.62213066113054e-54	0.111032842493808	0.185	0.137	7.10191158727864e-50	WT	ELMOD1
3.8114782424258e-54	0.0877354337605028	0.261	0.244	7.47316538992428e-50	WT	FOXJ1
4.100667361495e-54	0.0659058426821783	0.252	0.241	8.04017849568325e-50	WT	CYTIP
4.52345366265456e-54	0.0746290174019369	0.447	0.441	8.86913559636679e-50	WT	LRRC14
4.85430392904469e-54	0.0700205716387882	0.293	0.285	9.51783371367793e-50	WT	PIGK
5.08786328914186e-54	0.0884052494319806	0.105	0.081	9.97577355102045e-50	WT	DIRC1
5.09995761316991e-54	0.0865571705395311	0.196	0.17	9.99948689214225e-50	WT	SLC13A4
5.2074620739591e-54	0.0875415792843784	0.458	0.444	1.02102708884116e-49	WT	COL26A1
5.85242390092585e-54	0.071337677023373	0.388	0.377	1.14748475425453e-49	WT	SLC35B4
5.96803662408868e-54	0.107764394107303	0.396	0.385	1.17015294088507e-49	WT	HEY2
6.35616516680138e-54	0.0737640672340021	0.416	0.414	1.24625330425475e-49	WT	SPEF2
6.58003385306677e-54	0.0780580015342653	0.316	0.309	1.2901472375708e-49	WT	TMUB1
6.68631930629893e-54	0.0638598538012623	0.625	0.62	1.31098662638603e-49	WT	GRB2
6.73015242488677e-54	0.107880316801138	0.086	0.054	1.31958098594755e-49	WT	HOXC8
7.24325385039246e-54	0.0656624678093552	0.397	0.391	1.42018478244645e-49	WT	SCAMP5
8.38195472344026e-54	0.0671242222140215	0.761	0.794	1.64344986262493e-49	WT	FRMD3
1.01876417028056e-53	0.0611858685953847	0.453	0.454	1.99749090866909e-49	WT	KMO
1.07867752143691e-53	0.0615427944533164	0.584	0.579	2.11496301628134e-49	WT	NUCB2
1.11741178442128e-53	0.071950355913954	0.274	0.265	2.19090928571481e-49	WT	RSPH6A
1.13135200367353e-53	0.098439441174313	0.056	0.03	2.21824187360268e-49	WT	TXNDC8
1.22205077489555e-53	0.0592400464840974	0.521	0.522	2.39607495433771e-49	WT	PHLDA1
1.35271786401596e-53	0.0873510134547967	0.328	0.313	2.65227391597609e-49	WT	AKT1
1.55472225898558e-53	0.0740402783058604	0.325	0.314	3.04834393319303e-49	WT	PCSK7
1.85624287205038e-53	0.0657734686400558	0.374	0.369	3.63953539922917e-49	WT	RAVER2
1.93117810700994e-53	0.0820505694646982	0.332	0.317	3.7864609144144e-49	WT	NOXO1
2.28138344940424e-53	0.118691181683023	0.226	0.154	4.4731085292469e-49	WT	HIST1H2AG
2.36656901683e-53	0.101420487701756	0.053	0.027	4.64013187129857e-49	WT	PPP1R17
2.3814330298075e-53	0.0770050463178019	0.319	0.303	4.66927574154356e-49	WT	RBM7
2.61005126509995e-53	0.102037266753188	0.085	0.054	5.11752751548147e-49	WT	PIK3CG
2.76735572353278e-53	0.0978779517202751	0.194	0.162	5.42595436713072e-49	WT	CRHR1.1
3.27228392778648e-53	0.0826062557396352	0.119	0.101	6.41596709721095e-49	WT	GSTM3
3.56532494177458e-53	0.104847859069986	0.184	0.149	6.99053261333742e-49	WT	SNX31
3.82658930152659e-53	0.0810754953906053	0.257	0.23	7.50279364350318e-49	WT	SLC36A4
4.096499059838e-53	0.0560606195507828	0.578	0.581	8.03200570662436e-49	WT	NFATC3
4.11445274367137e-53	0.0650273528686624	0.605	0.594	8.06720749451646e-49	WT	ACIN1
4.23427647781215e-53	0.0660227758141171	0.567	0.575	8.30214589004628e-49	WT	RP1-179P9.3
4.35681438542194e-53	0.070226018957569	0.265	0.258	8.54240596549681e-49	WT	IGFBP6
4.63046328318999e-53	0.113070807311625	0.074	0.036	9.07894935935061e-49	WT	C5orf38
4.68858936652845e-53	0.10761992596311	0.112	0.079	9.19291717095234e-49	WT	ZC2HC1B
5.19423113690883e-53	0.0610566735847337	0.465	0.461	1.01843289901371e-48	WT	RP11-111M22.2
5.44627645906119e-53	0.101707059941875	0.055	0.028	1.06785142532813e-48	WT	NOXRED1
5.50004676919484e-53	0.0905391447895151	0.091	0.058	1.07839417003603e-48	WT	GPC2
6.10746420025566e-53	0.112626011333504	0.109	0.075	1.19749050574413e-48	WT	LURAP1
6.18893742490594e-53	0.0616084430304201	0.537	0.535	1.21346496090131e-48	WT	ZDHHC17
6.25332155991279e-53	0.0888459382609139	0.399	0.37	1.2260887582521e-48	WT	NAA35
6.34229298401429e-53	0.0826886994854118	0.459	0.441	1.24353338537568e-48	WT	NMRK1
7.7822884566882e-53	0.0674953366201368	0.353	0.354	1.52587329770285e-48	WT	NOP9
7.87007226796118e-53	0.0638232303799928	0.427	0.418	1.54308506957915e-48	WT	SYDE2
9.45647243215379e-53	0.113011273060288	0.114	0.075	1.85413054977239e-48	WT	MCHR2
1.00096792475186e-52	0.0737919261885864	0.344	0.338	1.96259781006098e-48	WT	FAM83H-AS1
1.02563726108564e-52	0.105167116774588	0.055	0.029	2.01096697781062e-48	WT	OR52A1
1.18951392628524e-52	0.0536774166341746	0.811	0.802	2.33227995526748e-48	WT	KRT8
1.23650693671166e-52	0.071354522288439	0.338	0.335	2.42441915081054e-48	WT	TM7SF2
1.302138850568e-52	0.0999805941697953	0.532	0.499	2.55310364430867e-48	WT	RANBP17
1.3352058136848e-52	0.103408666181866	0.169	0.136	2.61793803889179e-48	WT	TAS2R1
1.3745674366158e-52	0.0692315596750842	0.723	0.719	2.69511437297259e-48	WT	SLC4A2
1.3853360799777e-52	0.088103653755627	0.251	0.221	2.71622845201227e-48	WT	DMRT1
1.4536935276077e-52	0.0775411085643801	0.463	0.443	2.85025689958041e-48	WT	ITGA7
1.57228904695164e-52	0.0596355131444499	0.631	0.643	3.08278713435807e-48	WT	KCTD1
1.77748046292987e-52	0.108248224308692	0.308	0.248	3.4851059436666e-48	WT	HIST1H2BJ
1.8224629755096e-52	0.0696279704073661	0.391	0.389	3.57330315608168e-48	WT	LRRC24
2.11764302193592e-52	0.0779004080830429	0.278	0.267	4.15206267310975e-48	WT	MGAT2
2.18192842255872e-52	0.100321637391569	0.121	0.089	4.27810705811088e-48	WT	LYVE1
2.26650438216977e-52	0.113943297856128	0.205	0.162	4.44393514212027e-48	WT	RAMP1
2.380910531906e-52	0.0802195785454037	0.186	0.161	4.6682512799081e-48	WT	MBIP
2.60578744969866e-52	0.0925524492000069	0.138	0.112	5.10916745262417e-48	WT	C7orf72
2.79962773753774e-52	0.104043888384403	0.113	0.08	5.48923010499025e-48	WT	ATP5L2
2.83963804279249e-52	0.0647208594628253	0.214	0.199	5.56767831050323e-48	WT	SLC22A8
2.88213132197041e-52	0.0978158843189801	0.109	0.074	5.65099488298739e-48	WT	CRIP1
3.06066043875567e-52	0.102784115993753	0.109	0.08	6.00103692226823e-48	WT	ANKRD45
3.26141817206613e-52	0.0779179023696705	0.372	0.366	6.39466260997005e-48	WT	CYTH3
3.40221706800418e-52	0.115514826053363	0.081	0.045	6.67072700523579e-48	WT	SERPINA12
3.60144902922974e-52	0.0620678447865987	0.555	0.562	7.06136111161076e-48	WT	COA1
3.67042915714553e-52	0.0845757183331578	0.192	0.169	7.19661044841524e-48	WT	C9orf40
3.77416702320635e-52	0.0758844113048759	0.326	0.313	7.40000928240069e-48	WT	RGS17
4.00040874677275e-52	0.0617142091470367	0.293	0.293	7.84360142979733e-48	WT	TMED3
4.48900956878496e-52	0.0922387308005004	0.332	0.318	8.80160106151666e-48	WT	C7orf25
5.42932532728485e-52	0.0632265841985646	0.493	0.5	1.06452781692074e-47	WT	FAM227B
5.47281530886074e-52	0.0684724488331878	0.26	0.249	1.07305489760833e-47	WT	SLC39A9
6.16378467499381e-52	0.0990871610446146	0.104	0.067	1.20853326122604e-47	WT	LHX6
6.17107760109851e-52	0.0763783564624887	0.314	0.302	1.20996318524738e-47	WT	DCAF4
6.26950221653841e-52	0.0761993759102381	0.343	0.329	1.22926129959669e-47	WT	TEX22
6.33664817678537e-52	0.050076043006299	0.647	0.665	1.24242660802231e-47	WT	METTL15
6.43501031312456e-52	0.0800309333223266	0.229	0.209	1.26171247209433e-47	WT	TEX10
6.64217844726447e-52	0.104484613942902	0.19	0.142	1.30233192815515e-47	WT	TMC2
6.82788675020161e-52	0.0784937073849001	0.462	0.46	1.33874375511203e-47	WT	SSC4D
7.07627438684773e-52	0.0830526432997302	0.225	0.211	1.38744511902923e-47	WT	TSPAN13
7.55861780135997e-52	0.0852518202523796	0.199	0.169	1.48201819231265e-47	WT	TMC5
7.89856030569499e-52	0.100057582738396	0.09	0.061	1.54867071913762e-47	WT	CCDC81
8.38810258851708e-52	0.101068253112613	0.092	0.063	1.64465527453054e-47	WT	HEPACAM2
8.94520531485701e-52	0.103851464813469	0.087	0.054	1.75388640608401e-47	WT	GPR139
9.07224782521431e-52	0.0890879375052118	0.347	0.319	1.77879563108977e-47	WT	KIF27
1.06670080678762e-51	0.0756062824052171	0.245	0.23	2.09148027186848e-47	WT	DSG4
1.14625371301614e-51	0.0621354222162979	0.501	0.494	2.24745965511075e-47	WT	LAMA4
1.19694553495778e-51	0.0684209257542437	0.505	0.529	2.34685111039172e-47	WT	CD36
1.30302685594283e-51	0.100706854948625	0.131	0.098	2.5548447564471e-47	WT	HTR1E
1.52646963980958e-51	0.0794955789720571	0.375	0.356	2.99294902277465e-47	WT	SFTPD
1.57295301591779e-51	0.0785546627523525	0.453	0.44	3.08408897831001e-47	WT	SPRYD3
1.75520092735612e-51	0.0747402134786547	0.349	0.341	3.44142245826715e-47	WT	MTERF2
1.80369520260724e-51	0.0810274393770902	0.148	0.122	3.53650518375202e-47	WT	MEIOB
1.83985179060141e-51	0.0990823016085007	0.358	0.322	3.60739740583219e-47	WT	TMEM161A
2.1376513468142e-51	0.0624222593362845	0.579	0.582	4.19129299569861e-47	WT	SEPT7
2.20482988657456e-51	0.0846301917213454	0.255	0.229	4.32300995860674e-47	WT	CAPN14
2.37302891988592e-51	0.0783021003540148	0.177	0.16	4.65279780322033e-47	WT	C14orf166
2.56671426126594e-51	0.109036207523199	0.099	0.065	5.03255665206413e-47	WT	RFX6
2.61282002840216e-51	0.0540858181646928	0.511	0.527	5.12295622968811e-47	WT	TLK1
2.65606042997858e-51	0.0680165414908191	0.402	0.4	5.20773768505901e-47	WT	SMARCC1
3.09523156533154e-51	0.091915877397431	0.294	0.282	6.06882053014555e-47	WT	KIF21B
3.12973561601251e-51	0.0870886153980331	0.231	0.204	6.13647262231574e-47	WT	SNAP91
3.13410161611029e-51	0.0713644407098688	0.251	0.233	6.14503303870745e-47	WT	CEP78
3.47951288769072e-51	0.0792064939020393	0.471	0.449	6.82228091889519e-47	WT	NTMT1
3.6067372151646e-51	0.0750764838543071	0.064	0.044	7.07172965777322e-47	WT	C3orf14
3.73186776870815e-51	0.0643238802378107	0.237	0.229	7.31707313410606e-47	WT	PAX6
3.76155983925677e-51	0.0626407106982478	0.619	0.615	7.37529037683074e-47	WT	CDS2
4.04260715591299e-51	0.0815522518846852	0.402	0.393	7.9263398505986e-47	WT	EMCN
4.1385886371622e-51	0.0882583985815558	0.095	0.065	8.11453074088393e-47	WT	HEPACAM
4.5134083552294e-51	0.0771753565259379	0.276	0.265	8.84943976209829e-47	WT	RPL36AL
4.52949446098243e-51	0.108337822498464	0.119	0.079	8.88097978964825e-47	WT	PZP
4.71117061932925e-51	0.0768617123988952	0.276	0.266	9.23719223331886e-47	WT	CCDC126
5.18133612773305e-51	0.0715095511604277	0.391	0.376	1.01590457456462e-46	WT	PTGR1
5.48531091381354e-51	0.073407576797917	0.362	0.352	1.07550491087142e-46	WT	CBLN3
6.62688840297259e-51	0.0561085454485612	0.368	0.378	1.29933400917084e-46	WT	ATRX
6.66450649596536e-51	0.0635211364566616	0.653	0.649	1.30670978866393e-46	WT	SNX25
6.88169229799162e-51	0.0921954301233569	0.081	0.058	1.34929340886722e-46	WT	MILR1
7.66593884986424e-51	0.0666316514036644	0.323	0.32	1.50306063029288e-46	WT	C14orf105
7.78952195899522e-51	0.0658907804063025	0.452	0.449	1.52729157050019e-46	WT	DNM1L
7.79673716744891e-51	0.0781305896869179	0.223	0.2	1.52870625642171e-46	WT	P2RY14
8.0535019437733e-51	0.102493495730268	0.074	0.044	1.57905012611563e-46	WT	LAT
8.05366432171924e-51	0.104475746525234	0.249	0.21	1.57908196355949e-46	WT	PKHD1L1
8.12152426024071e-51	0.0873738458528809	0.281	0.251	1.5923872617054e-46	WT	PPM1E
8.46871175844732e-51	0.0852684385233058	0.24	0.204	1.66046031447877e-46	WT	SYT17
8.58826086665794e-51	0.0995332044327615	0.072	0.041	1.68390030812562e-46	WT	RGR
8.79126441504715e-51	0.0662661085891856	0.378	0.369	1.7237032138583e-46	WT	ARHGAP8
9.01863864372034e-51	0.053785431567582	0.485	0.499	1.76828447887425e-46	WT	UGGT2
9.44576297501522e-51	0.0585758799768359	0.648	0.641	1.85203074651123e-46	WT	PTPN12
1.01000640208716e-50	0.0763152214386286	0.501	0.464	1.98031955257229e-46	WT	MGAM
1.02553316353088e-50	0.0624628840049534	0.502	0.506	2.010762873735e-46	WT	CTNNBL1
1.05451098428439e-50	0.0683801869865682	0.663	0.644	2.06757968688641e-46	WT	CCM2
1.08650442661566e-50	0.0615467383548136	0.36	0.362	2.13030922926532e-46	WT	SRP54
1.12133994690779e-50	0.0602375408111449	0.507	0.5	2.1986112339021e-46	WT	UBXN2A
1.31024539084376e-50	0.063853503194679	0.507	0.495	2.56899813782737e-46	WT	HECTD1
1.36809574486857e-50	0.0712596467549488	0.218	0.204	2.68242532696381e-46	WT	CPSF2
1.40584559407009e-50	0.0719454739283021	0.416	0.408	2.75644145629323e-46	WT	AMFR
1.41090866842928e-50	0.107466696820687	0.109	0.069	2.76636862618929e-46	WT	HSD17B3
1.72734608963109e-50	0.0628429999249634	0.737	0.737	3.38680747793968e-46	WT	MLLT10
1.75874834678626e-50	0.0553653800875458	0.642	0.639	3.44837788354382e-46	WT	FBXO17
1.85758719713407e-50	0.0559859107949573	0.572	0.573	3.64217121742077e-46	WT	ZFP36L1
1.90440493379569e-50	0.0839311500404233	0.117	0.098	3.73396675369322e-46	WT	ACOT4
1.92623850450139e-50	0.0769514864343068	0.393	0.388	3.77677583577588e-46	WT	NPC2
1.96617241722362e-50	0.0882181991971898	0.099	0.072	3.85507425845036e-46	WT	DCN
1.98717177758589e-50	0.0966836931736695	0.073	0.046	3.89624770431265e-46	WT	CLEC1B
1.99918268718855e-50	0.0917557407201736	0.138	0.112	3.91979749477059e-46	WT	HSF5
2.04932073435918e-50	0.0718341607414583	0.286	0.271	4.01810316385804e-46	WT	VWC2
2.34497874907365e-50	0.0954903194533732	0.099	0.069	4.59779983330871e-46	WT	GJA1
2.36773908115796e-50	0.0789205138354851	0.317	0.311	4.64242601642642e-46	WT	AL022397.1
2.62660633348761e-50	0.102626432240936	0.071	0.042	5.14998703806915e-46	WT	MS4A14
2.92721726841086e-50	0.100734042715134	0.132	0.102	5.73939489817317e-46	WT	ARL4D
2.94905600797909e-50	0.0819842845450631	0.345	0.326	5.78221411484461e-46	WT	ENTPD2
3.38592727559336e-50	0.0771491714606697	0.314	0.301	6.63878760925589e-46	WT	AHSA1
3.81589371444634e-50	0.0640111837436285	0.444	0.448	7.48182280591493e-46	WT	TTC27
3.83679772912381e-50	0.0622901292189267	0.708	0.708	7.52280930749306e-46	WT	SSBP2
3.99686296218218e-50	0.0797848773172742	0.172	0.148	7.83664920995059e-46	WT	BCHE
4.17505399721463e-50	0.0541638176665833	0.708	0.703	8.18602837233872e-46	WT	RNLS
4.19642763231433e-50	0.0707575740547517	0.359	0.353	8.22793565867871e-46	WT	TRAPPC4
4.29432182690865e-50	0.0801294765389719	0.214	0.196	8.41987680601979e-46	WT	CNIH1
4.7587691581079e-50	0.0891395864190206	0.161	0.137	9.33051868830217e-46	WT	GALNTL5
4.88609613647241e-50	0.0649116978282545	0.711	0.729	9.58016869478146e-46	WT	COMMD10
5.40818460001804e-50	0.0688339452063403	0.202	0.184	1.06038275452554e-45	WT	CCER1
5.55240156380016e-50	0.0945615376315793	0.078	0.051	1.0886593746143e-45	WT	OR2A14
5.81720548824888e-50	0.063584403874669	0.502	0.5	1.14057948008096e-45	WT	MARCH8
6.2194114009037e-50	0.0800255532114278	0.387	0.37	1.21943999337519e-45	WT	PABPN1
6.30741545840214e-50	0.0973744103583412	0.054	0.029	1.23669494892891e-45	WT	RGS18
7.22894561527759e-50	0.0751912021466749	0.203	0.186	1.41737936678748e-45	WT	ABHD4
7.41439760154395e-50	0.0990849104241832	0.203	0.173	1.45374093773472e-45	WT	CAV3
7.49347974130429e-50	0.0616955981785926	0.508	0.525	1.46924657287753e-45	WT	WDR7
7.55202911385595e-50	0.0717353098892102	0.456	0.435	1.48072634835374e-45	WT	SETX
7.65994324754043e-50	0.0680724839058114	0.441	0.446	1.50188507254525e-45	WT	ZNF425
7.80332405611974e-50	0.0819830166208759	0.188	0.145	1.5299977476834e-45	WT	MARVELD3
7.89015758282942e-50	0.106413485366802	0.071	0.043	1.54702319726536e-45	WT	CD200R1
8.0227229768981e-50	0.0883221537354782	0.206	0.184	1.57301529408041e-45	WT	VPS11
8.38034494136393e-50	0.0802503122810655	0.222	0.206	1.64313423265323e-45	WT	ATG14
8.47156962558182e-50	0.0670664973075649	0.428	0.422	1.66102065648783e-45	WT	LRRC8B
8.62988045093625e-50	0.0613056470814308	0.49	0.488	1.69206066001507e-45	WT	AMOT
8.7150679082214e-50	0.0849467449988979	0.272	0.246	1.70876336476497e-45	WT	HDHD3
8.72368972793191e-50	0.0854648010909075	0.235	0.214	1.71045384495561e-45	WT	RPGRIP1
1.02406374424452e-49	0.0748058085415743	0.268	0.246	2.00788178334023e-45	WT	GALNT12
1.04288556014447e-49	0.0630231519011318	0.492	0.492	2.04478571777525e-45	WT	POLR3B
1.06231088011628e-49	0.0916275931924347	0.216	0.184	2.08287294264399e-45	WT	HTR7
1.09685711785692e-49	0.0742728119327455	0.442	0.434	2.15060775098205e-45	WT	CDCA7L
1.12476327289715e-49	0.0553315812090512	0.325	0.336	2.20532334916945e-45	WT	PTH1R
1.20478208620474e-49	0.0719031116543263	0.362	0.342	2.36221623642163e-45	WT	F2RL1
1.23371460829568e-49	0.0758019435551406	0.236	0.218	2.41894423248534e-45	WT	SLC12A1
1.23883662721807e-49	0.0562497237529798	0.607	0.612	2.42898697498646e-45	WT	RABGEF1
1.29968544364317e-49	0.0975537807547654	0.084	0.056	2.54829324935116e-45	WT	CLCA1
1.31414461242082e-49	0.0906336684018085	0.198	0.172	2.57664334157351e-45	WT	MYH7B
1.35586531322827e-49	0.0734304819632151	0.223	0.211	2.65844511964667e-45	WT	BUD13
1.36875285064764e-49	0.057886231156891	0.416	0.416	2.68371371426483e-45	WT	NOL10
1.41283879080441e-49	0.0877525108800742	0.258	0.242	2.77015301713021e-45	WT	EDARADD
1.47028428669941e-49	0.0664959492529753	0.213	0.201	2.88278640093153e-45	WT	ACVR1C
1.6221990629389e-49	0.0591567531120297	0.535	0.532	3.18064570270429e-45	WT	RP11-475E11.9
1.67030106687519e-49	0.0638701972818931	0.463	0.454	3.27495930182218e-45	WT	HOXA9
1.70187190798549e-49	0.0591320757369858	0.215	0.209	3.33686024998716e-45	WT	GABRA5
1.76671147324667e-49	0.0876224296557304	0.359	0.342	3.46399118559476e-45	WT	RXFP1
1.78575948353204e-49	0.110498383263965	0.145	0.107	3.50133861936126e-45	WT	RP11-249L12.1
1.95286863397413e-49	0.0954219330248169	0.117	0.089	3.82898953063308e-45	WT	MCF2
1.99668198891886e-49	0.0798784082313516	0.368	0.354	3.91489437567322e-45	WT	ZFAND4
2.06954868904409e-49	0.0634220351514131	0.471	0.463	4.05776411460875e-45	WT	MTHFD1
2.41018962051568e-49	0.0561270012842868	0.522	0.53	4.72565878894509e-45	WT	PUM2
2.6674408582018e-49	0.0579265052933469	0.743	0.728	5.23005129067627e-45	WT	PNPLA8
3.23816762896766e-49	0.0902170442411327	0.252	0.247	6.3490752701169e-45	WT	VEGFC
3.40337103178244e-49	0.0982529166553418	0.066	0.039	6.67298958201582e-45	WT	WEE2
3.48558962439949e-49	0.0548580274313945	0.569	0.576	6.83419557656008e-45	WT	TRIM37
3.58923202912074e-49	0.0937096271544983	0.255	0.214	7.03740723949703e-45	WT	CFAP77
3.67838049345455e-49	0.0714276628644596	0.308	0.301	7.21220063351633e-45	WT	MYO1H
3.70264537330954e-49	0.0594611799841304	0.203	0.192	7.25977678344801e-45	WT	PLCD4
4.09103538964953e-49	0.061132512936667	0.316	0.321	8.02129308848582e-45	WT	CASD1
4.92869549700662e-49	0.10793963263456	0.15	0.11	9.66369326098088e-45	WT	TUNAR
5.25314808502423e-49	0.0698634480611888	0.362	0.351	1.0299847450307e-44	WT	METAP2
5.48899635799218e-49	0.0585871560793761	0.537	0.537	1.07622751591153e-44	WT	USP15
5.70755548050314e-49	0.0825529581925146	0.184	0.16	1.11908040306225e-44	WT	WDR76
6.25608984355187e-49	0.0790291209917948	0.325	0.315	1.22663153562521e-44	WT	SLC31A1
6.5975900262257e-49	0.0790395554072634	0.308	0.295	1.29358947644207e-44	WT	GFER
6.73275503068551e-49	0.0615000608479411	0.538	0.523	1.32009127886651e-44	WT	HNF1A
6.87170073690844e-49	0.103964894799321	0.262	0.227	1.34733436348564e-44	WT	ARHGEF26
7.03980699507504e-49	0.0879675861790308	0.473	0.447	1.38029495752436e-44	WT	LRRC8A
7.15053096499917e-49	0.052940329146817	0.699	0.705	1.40200460630739e-44	WT	CDK19
7.56408415171865e-49	0.0749551057819375	0.238	0.216	1.48308997962748e-44	WT	CD163L1
7.87451412932721e-49	0.0669274257224237	0.232	0.221	1.54395598533719e-44	WT	SLC22A15
7.89459728861543e-49	0.108768201213542	0.101	0.069	1.54789369037883e-44	WT	HOXA11
7.95953313324271e-49	0.0797565245728407	0.216	0.193	1.5606256614349e-44	WT	AL161905.1
8.08496535383013e-49	0.0668439040543123	0.507	0.52	1.58521915692547e-44	WT	CWC27
8.17209778049522e-49	0.0803409059462652	0.231	0.208	1.6023032118217e-44	WT	TMPRSS4
9.15217353005325e-49	0.0633714264398355	0.285	0.288	1.79446666403754e-44	WT	YAE1D1
9.37894755697596e-49	0.100230028524664	0.135	0.106	1.83893024749628e-44	WT	ACPP
9.64529559257089e-49	0.0913479106435878	0.064	0.036	1.89115310683537e-44	WT	CCDC116
9.78036300997939e-49	0.0665307154116605	0.36	0.357	1.91763577536666e-44	WT	SCYL1
1.09198474222685e-48	0.0708828869257265	0.316	0.305	2.14105448408418e-44	WT	C11orf71
1.16059685989251e-48	0.0863950733480446	0.273	0.261	2.27558226319125e-44	WT	RUNX1T1
1.1868750612249e-48	0.0533442268677781	0.5	0.517	2.32710593254367e-44	WT	ITFG1
1.25504347748295e-48	0.098121486909001	0.081	0.051	2.46076374630082e-44	WT	TM6SF1
1.35390442215128e-48	0.0849243073502154	0.169	0.15	2.65460040051202e-44	WT	SLC2A12
1.59248748051572e-48	0.0857964544027435	0.061	0.034	3.12239020304717e-44	WT	A1BG
1.60394903219359e-48	0.0668369535292516	0.442	0.44	3.14486286742197e-44	WT	ORAI1
1.66821152037717e-48	0.1036582155188	0.089	0.058	3.27086232800352e-44	WT	FHL5
1.70953140308051e-48	0.0899729522640786	0.221	0.197	3.35187822201995e-44	WT	TRMT61A
1.76697192291678e-48	0.0923495224371509	0.148	0.115	3.46450184926294e-44	WT	C5
1.79972455496197e-48	0.100067097064175	0.105	0.075	3.52871993491393e-44	WT	CHRNA6
1.82938331847191e-48	0.0572080836896008	0.591	0.59	3.58687187252787e-44	WT	EPC2
1.87305694311825e-48	0.0928626714653475	0.268	0.229	3.67250274837196e-44	WT	KCNE4
1.91563822760082e-48	0.0809783698231922	0.318	0.3	3.75599187285693e-44	WT	NELFB
1.94547066146261e-48	0.0694886396543034	0.183	0.172	3.81448432592974e-44	WT	GS1-114I9.3
2.04550612960137e-48	0.11426705944024	0.104	0.068	4.0106238683094e-44	WT	ZNF454
2.23666634877607e-48	0.0590893613170523	0.354	0.359	4.38543171004525e-44	WT	PRKD3
2.42381932384797e-48	0.0544130170061611	0.502	0.513	4.75238254826871e-44	WT	TAOK1
2.518381902967e-48	0.0599537823853349	0.55	0.556	4.9377913971474e-44	WT	METTL25
2.64480702905049e-48	0.0578808854241948	0.378	0.386	5.1856731418593e-44	WT	MTPN
2.83601557658448e-48	0.0726180008613084	0.51	0.496	5.56057574100919e-44	WT	PHPT1
2.87702488082143e-48	0.0975586962810656	0.094	0.063	5.64098268382657e-44	WT	CLEC1A
3.18197395606921e-48	0.0530280539160952	0.35	0.355	6.23889633566491e-44	WT	ANKRD13C
3.33247414593477e-48	0.0657811773452618	0.355	0.355	6.5339820579343e-44	WT	SOCS7
3.65454746680575e-48	0.0640322221370268	0.256	0.245	7.16547121816604e-44	WT	C1QTNF8
3.92117961234106e-48	0.0628626599979246	0.387	0.377	7.68825686591711e-44	WT	CALCB
4.0667515367566e-48	0.0805747003784141	0.244	0.225	7.97367973811867e-44	WT	RP11-468E2.2
4.07655528160158e-48	0.0640141066117565	0.493	0.499	7.99290194063622e-44	WT	PRTFDC1
4.25002649199069e-48	0.12717868008923	0.052	0.023	8.33302694284615e-44	WT	POLR2J2
4.38169352859082e-48	0.0823886075918797	0.238	0.211	8.59118650150802e-44	WT	FER1L5
4.52788685194723e-48	0.0863259759870431	0.18	0.157	8.87782775061294e-44	WT	HHIPL1
4.97179400014203e-48	0.0661472761081079	0.516	0.514	9.74819649607848e-44	WT	AAAS
5.9177058177362e-48	0.0756104311625972	0.138	0.117	1.16028457968354e-43	WT	CXCL1
6.85037607310636e-48	0.066061858159122	0.355	0.357	1.34315323665396e-43	WT	ZNF783
7.03848234412156e-48	0.0963727205652964	0.212	0.167	1.38003523321191e-43	WT	SYK
7.28792938303422e-48	0.0701222420129283	0.342	0.34	1.42894431413152e-43	WT	ITGB7
7.52661238110189e-48	0.0946031674300054	0.182	0.144	1.47574288956265e-43	WT	GAD2
7.56512514362291e-48	0.0616293968328316	0.473	0.471	1.48329408691014e-43	WT	ARID4A
9.21231759511496e-48	0.105096989232567	0.165	0.128	1.80625911087419e-43	WT	SLC6A11
9.37414018635269e-48	0.0532128744628658	0.702	0.711	1.83798766633817e-43	WT	MAP4K4
9.73858449995891e-48	0.110457950445519	0.155	0.111	1.90944426290694e-43	WT	TEX36
9.90794670829237e-48	0.095700448086295	0.086	0.058	1.94265111109489e-43	WT	PLPPR4
1.06821243564401e-47	0.0835177339023062	0.243	0.228	2.0944441225672e-43	WT	PRKAR2A
1.15216173681215e-47	0.0760678209283001	0.514	0.507	2.25904351736759e-43	WT	RP11-111K18.1
1.17178444874978e-47	0.07408014457004	0.185	0.161	2.29751776866369e-43	WT	MRLN
1.18708594140007e-47	0.0771591135610021	0.395	0.38	2.32751940530311e-43	WT	PRMT8
1.18911368549087e-47	0.0544699177984003	0.594	0.621	2.33149520314194e-43	WT	MED12L
1.19054145444884e-47	0.0954904809069808	0.074	0.046	2.33429462973784e-43	WT	CLEC9A
1.19571360567497e-47	0.0632718689347751	0.244	0.244	2.34443566664691e-43	WT	BCAP29
1.29550564456079e-47	0.0991017995062238	0.066	0.039	2.54009791729034e-43	WT	RBM44
1.37490244208425e-47	0.0532680051931738	0.477	0.485	2.6957712181946e-43	WT	PIAS1
1.46404959665674e-47	0.0703622350616219	0.234	0.223	2.87056204416488e-43	WT	DLST
1.66468957924893e-47	0.0974962753151469	0.069	0.043	3.26395685803337e-43	WT	IL33
1.79350662284921e-47	0.0964184175177231	0.162	0.127	3.51652843542044e-43	WT	RIMS4
1.99767222250971e-47	0.0639913241644086	0.442	0.451	3.91683592667478e-43	WT	CRIP2
2.00211263455329e-47	0.0645598911538062	0.367	0.372	3.92554224256863e-43	WT	RPAP2
2.11685062212678e-47	0.0801407457763254	0.213	0.189	4.15050901480397e-43	WT	PKP3
2.11886094897992e-47	0.0574332829347272	0.138	0.129	4.15445066266492e-43	WT	TOMM20L
2.27252486406056e-47	0.0807149635289421	0.398	0.37	4.45573950096354e-43	WT	MAP3K9
2.34561411098024e-47	0.084987196217884	0.264	0.246	4.59904558739895e-43	WT	GON7
2.5199712458742e-47	0.100062554663999	0.079	0.05	4.94090762178553e-43	WT	EMB
2.64585478366408e-47	0.0726984563073074	0.252	0.244	5.18772747433016e-43	WT	SUZ12
2.67967011220461e-47	0.0749863902464939	0.28	0.264	5.25402918899958e-43	WT	ERICH5
2.7425191338943e-47	0.0694520668433333	0.404	0.396	5.37725726582655e-43	WT	REEP3
2.83049298255922e-47	0.0544404371784922	0.436	0.46	5.54974759090386e-43	WT	TP63
2.94803119108463e-47	0.0702363302500421	0.329	0.319	5.78020475635964e-43	WT	SLC7A14
3.22629100348684e-47	0.0570223637629821	0.334	0.34	6.32578877053666e-43	WT	NDUFS4
3.25859874414376e-47	0.079811923505632	0.161	0.139	6.38913455764267e-43	WT	UBE4A
3.33701200407684e-47	0.0864224622388393	0.199	0.183	6.54287943639346e-43	WT	SIRT4
3.60399380427631e-47	0.0609792675254716	0.31	0.309	7.06635065204456e-43	WT	FKBP10
3.62389770300956e-47	0.0885793389236469	0.242	0.194	7.10537622629085e-43	WT	WT1
3.7160811517084e-47	0.0628863272177045	0.483	0.477	7.28612031415465e-43	WT	C2CD5
3.83316861252362e-47	0.0886938168751158	0.242	0.195	7.51569369857505e-43	WT	ELAVL2
4.23261989777203e-47	0.0856271541112974	0.232	0.208	8.29889783356162e-43	WT	GSKIP
4.49273132363943e-47	0.0822431613471229	0.107	0.087	8.80889830625984e-43	WT	XK
4.6074356110081e-47	0.063913334225469	0.338	0.332	9.03379900250358e-43	WT	PPP2R3C
5.40374401508193e-47	0.0669669767323569	0.635	0.642	1.05951208903711e-42	WT	TMEM132C
5.51784839731479e-47	0.0960417000070315	0.12	0.089	1.08188453526151e-42	WT	GAPDHS
5.55442163853331e-47	0.0869196680089051	0.166	0.134	1.08905545066723e-42	WT	GRIN1
5.93758635631519e-47	0.0680960204988613	0.418	0.422	1.16418255688272e-42	WT	SEPP1
6.97683356801494e-47	0.0593125244195301	0.48	0.48	1.36794775768069e-42	WT	ZC3HAV1
7.37520740406516e-47	0.0953377087810958	0.109	0.08	1.44605691571506e-42	WT	MPP4
7.40409370696149e-47	0.0720129147253297	0.375	0.357	1.45172065312394e-42	WT	GOLGA1
7.78736327269021e-47	0.0598790067265516	0.545	0.543	1.52686831687637e-42	WT	APLF
7.90352985465369e-47	0.0911602717934358	0.253	0.203	1.54964509860195e-42	WT	RAD21L1
8.5725443460418e-47	0.0885616946478129	0.099	0.075	1.68081876992842e-42	WT	AC096949.1
8.89005148104043e-47	0.0788149869069312	0.155	0.132	1.7430723938876e-42	WT	MUC17
9.13864536894097e-47	0.0662347294987402	0.278	0.269	1.79181419748826e-42	WT	CHMP4A
9.16663456425623e-47	0.065130325541812	0.499	0.515	1.79730203901372e-42	WT	UBE3C
9.60774207465653e-47	0.0807105589088052	0.169	0.147	1.88378998857791e-42	WT	VSX2
9.67300177767961e-47	0.0895330440252639	0.386	0.377	1.89658545854964e-42	WT	NPSR1
9.73267801583483e-47	0.0620629617683882	0.23	0.217	1.90828617856474e-42	WT	OSR1
9.9963002229181e-47	0.0529929585921379	0.673	0.675	1.95997458470755e-42	WT	SLC25A13
1.00424822722614e-46	0.0620925030302146	0.304	0.304	1.9690294991223e-42	WT	PSMA3
1.15794734330917e-46	0.0714842100156173	0.391	0.388	2.27038735602629e-42	WT	CROT
1.22476697971383e-46	0.0884729197720722	0.117	0.09	2.40140061712492e-42	WT	CYBRD1
1.32515204759885e-46	0.0738516914312353	0.272	0.262	2.59822561972707e-42	WT	IPO4
1.44142267141645e-46	0.0715394587962475	0.425	0.427	2.82619743184623e-42	WT	PAK5
1.54750034155438e-46	0.0691409032217964	0.189	0.175	3.03418391968568e-42	WT	SAMD15
1.56726984506455e-46	0.0716595983056511	0.322	0.315	3.07294598521807e-42	WT	SDR39U1
1.57306685059637e-46	0.103443983950026	0.088	0.057	3.0843121739643e-42	WT	NMUR2
1.74336222677884e-46	0.0637405735195371	0.728	0.72	3.41821031804527e-42	WT	CCDC146
1.78913194271955e-46	0.085986548419504	0.248	0.23	3.50795100009022e-42	WT	DHRS4L2
1.86159950505959e-46	0.0812197994644304	0.066	0.045	3.65003814957033e-42	WT	C1QTNF5
1.86933479328183e-46	0.0692511784021665	0.417	0.41	3.66520472918768e-42	WT	SLC16A2
1.91926645029358e-46	0.0781898473910711	0.144	0.123	3.76310572909062e-42	WT	PSMC1
1.92422411609305e-46	0.0823618712474554	0.22	0.203	3.77282622442364e-42	WT	RINL
1.98408761948528e-46	0.0696635027128789	0.27	0.255	3.89020059552478e-42	WT	RABEP1
1.9868209737897e-46	0.103241469104006	0.069	0.04	3.89555988330947e-42	WT	MS4A4E
2.131507419284e-46	0.0919810254428517	0.091	0.066	4.17924659699013e-42	WT	SHCBP1L
2.15843397454629e-46	0.0533980065779721	0.579	0.589	4.2320414938929e-42	WT	RIMKLB
2.19481867772059e-46	0.0555680406346625	0.658	0.652	4.30338098140676e-42	WT	PHF20
2.26214044348284e-46	0.0870323362809442	0.414	0.386	4.43537876753681e-42	WT	RYR1
2.57789757347638e-46	0.0732787666897543	0.228	0.213	5.05448377231514e-42	WT	NUP37
2.59114869140137e-46	0.0701086629050836	0.516	0.508	5.08046523923067e-42	WT	CERS5
2.67621880876213e-46	0.0718535967723721	0.423	0.414	5.2472622183399e-42	WT	ABI2
2.77691161883444e-46	0.0742568691079704	0.199	0.184	5.44469061104869e-42	WT	ZSCAN25
3.2589076739592e-46	0.0693974364563172	0.457	0.452	6.3897402763318e-42	WT	PGBD2
3.44685016574233e-46	0.0848375804397964	0.285	0.269	6.75823911997099e-42	WT	IRF9
3.60793729133522e-46	0.0558931682489452	0.705	0.698	7.07408264712096e-42	WT	MAP3K12
4.31131097203074e-46	0.0805961794973676	0.276	0.258	8.45318742286067e-42	WT	NGDN
4.35790901799801e-46	0.0661824845629181	0.153	0.141	8.5445522115887e-42	WT	SLC22A12
4.53557983972543e-46	0.0834092656470769	0.186	0.161	8.89291139174964e-42	WT	A2ML1
4.85450855295844e-46	0.068291572584523	0.461	0.458	9.51823491978561e-42	WT	TMEM123
5.34784945129663e-46	0.0634656944517872	0.529	0.526	1.04855284191573e-41	WT	KIZ
5.523479163805e-46	0.146124661131857	0.201	0.145	1.08298855964725e-41	WT	NDNF
5.60404064697155e-46	0.0865755540023819	0.337	0.316	1.09878424965171e-41	WT	PLEKHG4B
5.82071450197645e-46	0.0538168683284049	0.409	0.419	1.14126749240252e-41	WT	CCNT1
6.71034933636829e-46	0.0610969172958494	0.217	0.212	1.31569819438173e-41	WT	LRR1
7.64933604489258e-46	0.0811326660779483	0.33	0.329	1.49980531832209e-41	WT	ZBTB42
8.08915609977352e-46	0.0573143767638759	0.274	0.279	1.58604083648259e-41	WT	SLC38A11
8.51538723680634e-46	0.0698921983306954	0.402	0.4	1.66961197552062e-41	WT	STX6
9.31104437107737e-46	0.0664410554559597	0.505	0.501	1.82561646983714e-41	WT	UBN2
1.13463466544709e-45	0.0578578081523711	0.324	0.33	2.2246781885421e-41	WT	LRRC6
1.18399108905896e-45	0.0723876924303823	0.376	0.369	2.32145132831789e-41	WT	RAB11FIP2
1.23059536769676e-45	0.0504017355967493	0.519	0.527	2.41282833744303e-41	WT	RICTOR
1.25593452574651e-45	0.0684876586654262	0.372	0.356	2.46251082463118e-41	WT	ANP32B
1.26002653303865e-45	0.0922388334180635	0.121	0.093	2.47053402332887e-41	WT	PTPN22
1.34407330164831e-45	0.0585379611576841	0.335	0.337	2.63532452254184e-41	WT	BRIP1
1.35415128539392e-45	0.0608981487888554	0.422	0.414	2.65508442527186e-41	WT	KCNJ1
1.46987964662454e-45	0.0841504097054561	0.361	0.349	2.88199302313674e-41	WT	PRKAR2B
1.67320311784208e-45	0.0588684921325112	0.549	0.545	3.28064935315296e-41	WT	STRN
1.74614644661849e-45	0.072745183680167	0.22	0.196	3.42366933788487e-41	WT	ALKBH8
1.80367565892124e-45	0.059167088699795	0.422	0.423	3.53646686444688e-41	WT	IQCA1
1.81019354850996e-45	0.0883938923505482	0.102	0.076	3.54924649056349e-41	WT	EFCAB3
1.93655063513537e-45	0.0904718635856483	0.089	0.062	3.79699483030992e-41	WT	MEP1A
1.96023697299456e-45	0.0582622376155594	0.531	0.534	3.84343663295044e-41	WT	AAMDC
2.04460419330033e-45	0.0725526995578863	0.48	0.514	4.00885544180396e-41	WT	LRRC41
2.13155228764991e-45	0.107338243339768	0.119	0.079	4.17933457039518e-41	WT	WNT7A
2.15688646111314e-45	0.0567877945654112	0.498	0.507	4.22900728430453e-41	WT	EFR3A
2.18576030077405e-45	0.0869098633806487	0.093	0.061	4.28562022172767e-41	WT	HTR5A
2.19440713061465e-45	0.0777634015815388	0.17	0.144	4.30257406099615e-41	WT	FAM171B
2.20709742608934e-45	0.092576187818403	0.135	0.095	4.32745592333338e-41	WT	C17orf51
2.33452860444623e-45	0.0636971769863142	0.377	0.38	4.57731023473771e-41	WT	ZNF786
2.38348500094018e-45	0.099925408703504	0.153	0.12	4.67329904134342e-41	WT	FOXD1
2.4632148814835e-45	0.0700111157920197	0.446	0.439	4.8296254181247e-41	WT	ZNF652
2.53146270365023e-45	0.0600376999787219	0.611	0.611	4.963438923047e-41	WT	INMT-FAM188B
2.53706089674696e-45	0.0702074721168035	0.331	0.32	4.97441530025176e-41	WT	MEX3A
2.70635520574406e-45	0.05872858535618	0.635	0.634	5.30635065190239e-41	WT	CHD6
2.71979148557099e-45	0.0813677288805143	0.283	0.253	5.33269516575904e-41	WT	SNCAIP
2.80360162917426e-45	0.0873275339344103	0.242	0.232	5.49702171432198e-41	WT	ADGRG2
2.86709349321295e-45	0.0959307877170062	0.131	0.1	5.62151021214263e-41	WT	TACR3
3.00086202394471e-45	0.0621400829493311	0.441	0.444	5.8837901703484e-41	WT	DGKA
3.19870375432868e-45	0.0948244165050205	0.086	0.056	6.27169845111223e-41	WT	TBX20
3.3454312784804e-45	0.0637433833706482	0.488	0.483	6.55938710771652e-41	WT	CEP250
3.63686810316569e-45	0.0786139155810542	0.354	0.349	7.13080728987697e-41	WT	ISCA2
3.68943275623792e-45	0.0628980340581339	0.623	0.607	7.23387080515568e-41	WT	FAM222A
4.06875527895823e-45	0.0533819542227404	0.534	0.527	7.9776084754534e-41	WT	METTL8
4.45815169840357e-45	0.0868572705356317	0.195	0.173	8.74109803505988e-41	WT	GABRA3
4.56299899784081e-45	0.0551600823593901	0.479	0.49	8.94667213506647e-41	WT	AHI1
4.61728810353656e-45	0.0893300591829387	0.121	0.097	9.05311678460413e-41	WT	ADGRG4
5.27494271328445e-45	0.0603426684263533	0.409	0.414	1.03425801779368e-40	WT	PQLC2L
5.91634251716616e-45	0.0900461822768396	0.409	0.379	1.16001727734077e-40	WT	CCDC183
6.22663595881551e-45	0.0682349255379822	0.389	0.384	1.22085651244496e-40	WT	HS3ST5
6.38729789076442e-45	0.0935723737272601	0.221	0.189	1.25235749744218e-40	WT	PPP1R42
6.50777011802514e-45	0.0829708774604779	0.105	0.08	1.27597848704119e-40	WT	USP44
6.55300233563906e-45	0.0748250811727432	0.17	0.145	1.28484716794875e-40	WT	ERICH6B
6.65627863802819e-45	0.0693214885456279	0.491	0.487	1.30509655255819e-40	WT	CRHR1
7.85163095302938e-45	0.10684956986097	0.105	0.072	1.53946928096047e-40	WT	GABRA1
8.53100178892276e-45	0.0556929287422627	0.551	0.559	1.67267352075408e-40	WT	CEP57L1
9.16346516691304e-45	0.0619328495030376	0.787	0.801	1.79668061527664e-40	WT	RAPGEF1
9.68788367313031e-45	0.0707183347210602	0.275	0.265	1.89950335179066e-40	WT	RTFDC1
9.79947229110971e-45	0.0782019563286105	0.229	0.219	1.92138253211788e-40	WT	RABGGTA
1.00968880957553e-44	0.0544203887600088	0.573	0.577	1.97969684893473e-40	WT	CDC73
1.01710050762205e-44	0.0982600260657556	0.091	0.062	1.99422896529455e-40	WT	SLC15A2
1.08979346581224e-44	0.0930880547596943	0.13	0.1	2.13675804841806e-40	WT	CDH19
1.11088424296412e-44	0.059166758249855	0.487	0.489	2.17811073517976e-40	WT	HSF4
1.12859396564147e-44	0.0619737950253776	0.727	0.729	2.21283418843323e-40	WT	DGKD
1.34203448693043e-44	0.0793097037446054	0.212	0.191	2.63132701852449e-40	WT	ASIC4
1.38001763063899e-44	0.0951120534588954	0.22	0.19	2.70580056839387e-40	WT	MEIKIN
1.42169286115475e-44	0.0951034759705119	0.078	0.05	2.78751319286612e-40	WT	IQCA1L
1.45260226053564e-44	0.0974943437855642	0.161	0.126	2.84811725223222e-40	WT	IFITM1
1.82942472660651e-44	0.0537722759179755	0.564	0.571	3.58695306145739e-40	WT	UGDH
1.90840975682833e-44	0.0795775269750837	0.272	0.262	3.7418190102133e-40	WT	TMEM55A
2.10203031105062e-44	0.089133415917078	0.114	0.084	4.12145083087694e-40	WT	SLC2A10
2.17829708904016e-44	0.0668031474381194	0.342	0.339	4.27098710248104e-40	WT	KIDINS220
2.17945369852429e-44	0.098246010614467	0.116	0.083	4.27325486669658e-40	WT	USP6
2.21520545074846e-44	0.0932300171169296	0.084	0.057	4.3433533272825e-40	WT	GIMAP5
2.50490175798821e-44	0.0621636127190497	0.533	0.528	4.91136087688748e-40	WT	TAF4
2.81562540544549e-44	0.0650931528185923	0.498	0.492	5.52059673245697e-40	WT	ABCD1
2.87700084479572e-44	0.0666074288020373	0.278	0.264	5.64093555639098e-40	WT	IFIT5
2.91581260377655e-44	0.0945163744416199	0.279	0.247	5.71703377222467e-40	WT	C9orf16
3.04502500847396e-44	0.0705440753740262	0.358	0.344	5.97038053411489e-40	WT	FSD1L
3.27404943485642e-44	0.079542616586708	0.589	0.59	6.41942872692298e-40	WT	TNR
3.36440612511326e-44	0.0761099099342649	0.262	0.254	6.59659108950957e-40	WT	NUP210L
3.85762529403119e-44	0.0585134998810273	0.532	0.528	7.56364591400696e-40	WT	WLS
4.70258061361495e-44	0.0931137610138809	0.08	0.055	9.22034980911484e-40	WT	SELE
4.85123053577421e-44	0.0934097688196078	0.486	0.464	9.51180771149249e-40	WT	SERPINF2
4.94080273085824e-44	0.0997020495524502	0.124	0.09	9.68743191439375e-40	WT	LHX2
4.95972286358473e-44	0.0660548610014777	0.44	0.435	9.72452861863059e-40	WT	ZNF320
5.03255766312361e-44	0.0585569612909713	0.564	0.572	9.86733581008646e-40	WT	NBEAL1
5.07230567377779e-44	0.117135905299492	0.059	0.031	9.94526973457612e-40	WT	RP11-577H5.5
5.10660362506582e-44	0.0542876312254696	0.556	0.57	1.00125177276665e-39	WT	LAMB1
5.12372834006839e-44	0.0651049685673196	0.404	0.407	1.00460941563721e-39	WT	RP11-15K19.2
5.12464769145235e-44	0.0878651849315025	0.195	0.167	1.00478967286306e-39	WT	DEGS2
6.08052093409719e-44	0.0938442076656834	0.113	0.085	1.19220773954844e-39	WT	ZDHHC15
6.46072115822147e-44	0.0580516418267251	0.423	0.43	1.26675359749248e-39	WT	OPA1
7.32279069685467e-44	0.0731320035927496	0.448	0.46	1.4357795719323e-39	WT	BMPR1B
7.54695163236773e-44	0.0543160575940552	0.416	0.432	1.47973080655834e-39	WT	EXOC2
7.88370732053722e-44	0.0603823570229776	0.516	0.513	1.54575849433773e-39	WT	NADK2
7.99542062345607e-44	0.0929282726683969	0.078	0.051	1.56766212164103e-39	WT	GIMAP1-GIMAP5
8.18061223122248e-44	0.0560932258977352	0.538	0.544	1.60397264017579e-39	WT	BZW2
8.81874032631754e-44	0.101212866831342	0.095	0.061	1.72909041578108e-39	WT	NR5A1
9.48831726234266e-44	0.0660495942175034	0.349	0.346	1.86037436562752e-39	WT	MMP26
9.52876343837184e-44	0.0608956624012993	0.537	0.552	1.86830464736157e-39	WT	TMEM65
1.0261353334857e-43	0.0835970538925946	0.198	0.18	2.01194354836541e-39	WT	IL5RA
1.1833470272604e-43	0.075019773628214	0.255	0.254	2.32018851634946e-39	WT	CNTN3
1.18464324505076e-43	0.0746096765674259	0.326	0.319	2.32273001057102e-39	WT	CPSF4
1.3010861493257e-43	0.0758795819458942	0.224	0.188	2.55103961298289e-39	WT	FAM24B
1.42081246941642e-43	0.0591612109594206	0.32	0.317	2.78578700878478e-39	WT	RAB38
1.48122820552456e-43	0.0575033844786518	0.51	0.512	2.90424414257201e-39	WT	ANKMY2
1.62498337566785e-43	0.0764236803982341	0.422	0.424	3.18610490467195e-39	WT	PUF60
1.73525699532946e-43	0.0885476394356575	0.164	0.138	3.40231839074248e-39	WT	SP7
1.82374945332679e-43	0.0778484323856873	0.181	0.164	3.57582555313784e-39	WT	WNK3
1.90862057914759e-43	0.0653753890724738	0.174	0.161	3.74223236953468e-39	WT	SLC10A2
2.0098258203147e-43	0.0644230517066317	0.369	0.372	3.94066548589103e-39	WT	SGTB
2.01068548173583e-43	0.0646459461868213	0.233	0.223	3.94235102403945e-39	WT	TMEM168
2.02575082336035e-43	0.0922237271786094	0.096	0.069	3.97188963936263e-39	WT	GPR1
2.03995810896123e-43	0.0780028037549307	0.424	0.403	3.99974586424028e-39	WT	EDA
2.09913342939922e-43	0.0923478788196239	0.241	0.209	4.11577091502305e-39	WT	RPL39L
2.17563223858527e-43	0.0766896411535392	0.289	0.262	4.26576213019413e-39	WT	RABEPK
2.25523744346349e-43	0.0662920796127057	0.386	0.387	4.42184405539886e-39	WT	PRMT5
2.3098813557458e-43	0.0893600046105399	0.166	0.141	4.52898437421079e-39	WT	TPPP2
2.39875849687497e-43	0.0697260330741241	0.184	0.173	4.70324578482276e-39	WT	HAUS4
2.51111162513616e-43	0.0937177149173701	0.14	0.116	4.92353656340448e-39	WT	PARP15
2.54031274224776e-43	0.0668373232377363	0.245	0.24	4.98079119372518e-39	WT	DHRS7
2.95524729917121e-43	0.0577765092031397	0.45	0.46	5.794353379485e-39	WT	RALA
2.97882654201985e-43	0.0776218296914957	0.49	0.496	5.84058520093832e-39	WT	TPRN
3.12296409004118e-43	0.0759556354448235	0.405	0.407	6.12319569134374e-39	WT	AMPH
3.1982238200394e-43	0.097036572648245	0.094	0.061	6.27075744395124e-39	WT	LRRC74A
3.4579510723501e-43	0.070323351645911	0.093	0.071	6.78000466755684e-39	WT	DNAJA4
3.68737350993426e-43	0.0714242167736568	0.296	0.282	7.22983324092811e-39	WT	NUP188
3.83990063313904e-43	0.0758684011115942	0.352	0.331	7.52889317139572e-39	WT	TMEM63C
3.92641871861165e-43	0.0852193771080032	0.176	0.141	7.69852918158187e-39	WT	MAJIN
4.17016864308186e-43	0.07240460828605	0.336	0.332	8.1764496584906e-39	WT	IRF2BPL
4.40828881167299e-43	0.0818798655994452	0.171	0.146	8.64333187304723e-39	WT	SCPEP1
4.48368134681057e-43	0.0928984514288597	0.056	0.033	8.79115401669149e-39	WT	LRRC39
4.87655054123667e-43	0.0936839331799392	0.325	0.281	9.56145264620274e-39	WT	MAP1B
5.44714462681722e-43	0.0595413565139267	0.359	0.356	1.06802164698005e-38	WT	GPSM2
5.64644955943213e-43	0.0889311686289263	0.104	0.078	1.10709936511786e-38	WT	RAMP3
5.69700626615342e-43	0.0782171628369642	0.077	0.055	1.1170120186047e-38	WT	TACSTD2
5.77737374776578e-43	0.0973721407182347	0.084	0.055	1.13276967072444e-38	WT	KEL
5.7923945627677e-43	0.0954401303756973	0.182	0.142	1.13571480192186e-38	WT	PLTP
6.01960346514873e-43	0.0530227611066419	0.757	0.754	1.18026365141171e-38	WT	WDR60
6.0707963331162e-43	0.0624120249220023	0.434	0.434	1.19030103703409e-38	WT	RTN3
6.22697951316472e-43	0.097947723260739	0.247	0.187	1.22092387314621e-38	WT	KCNT1
6.24362304228584e-43	0.0547532259470795	0.31	0.31	1.22418716990099e-38	WT	IPO8
6.28373380900766e-43	0.104170303158901	0.299	0.262	1.23205168793213e-38	WT	EPHB4
6.74276920564136e-43	0.0768999678186976	0.151	0.128	1.3220547581501e-38	WT	ASB18
6.83250255065383e-43	0.068728064254919	0.691	0.682	1.3396487751067e-38	WT	RALGDS
6.97800736400463e-43	0.106000183198011	0.064	0.036	1.36817790386039e-38	WT	LAMP5
7.25341829360212e-43	0.086763773509147	0.069	0.044	1.42217772482657e-38	WT	LECT1
7.60610472929252e-43	0.0528068926563363	0.222	0.219	1.49132895427238e-38	WT	CASS4
7.93782090051243e-43	0.083014388132057	0.302	0.298	1.55636854396347e-38	WT	ATP6V0D2
8.10425729096016e-43	0.0690516638391497	0.251	0.247	1.58900172703856e-38	WT	SIPA1
8.6633367693707e-43	0.0727380583050799	0.329	0.332	1.69862044037051e-38	WT	CNTN6
9.43252631593806e-43	0.0592420776709651	0.498	0.506	1.84943543476598e-38	WT	EIF4E3
1.0178486406122e-42	0.0639626623503696	0.438	0.441	1.99569582964834e-38	WT	SOAT1
1.07510652759566e-42	0.0550373989295374	0.552	0.555	2.10796136865681e-38	WT	ATP2A2
1.11226927713588e-42	0.0871289625957391	0.186	0.153	2.18082637168031e-38	WT	KANK4
1.18024882286246e-42	0.0896240026920576	0.058	0.033	2.31411386698643e-38	WT	ASB10
1.28040056223069e-42	0.0667751706766273	0.3	0.289	2.51048138236571e-38	WT	PRX
1.34612347070215e-42	0.0660307613232516	0.337	0.332	2.6393442890057e-38	WT	CYB5R4
1.51795419720703e-42	0.0749327795831961	0.246	0.23	2.97625279446382e-38	WT	PPP6C
1.52089277774226e-42	0.100471067907278	0.103	0.068	2.98201446931924e-38	WT	VSTM2B
1.67993847929946e-42	0.0928573610759328	0.071	0.043	3.29385537636246e-38	WT	ACTL6B
2.01519668865451e-42	0.0625165347434456	0.433	0.45	3.9511961474449e-38	WT	SMUG1
2.08876536751682e-42	0.058222671778588	0.212	0.206	4.09544225609023e-38	WT	RP11-14J7.7
2.13081143217624e-42	0.0952373666151743	0.09	0.065	4.17788197506795e-38	WT	TEX15
2.17264144970502e-42	0.0691192688128996	0.255	0.244	4.25989809043663e-38	WT	PHF6
2.21205719208854e-42	0.0629289823629781	0.217	0.209	4.337180536528e-38	WT	DHRS1
2.21561266305987e-42	0.0857037285934359	0.087	0.059	4.34415174846149e-38	WT	CCDC144NL
2.30530153659228e-42	0.0666069766741037	0.405	0.4	4.52000472279648e-38	WT	BTBD3
2.35024687259475e-42	0.0583742295138731	0.212	0.205	4.60812904309653e-38	WT	RNASE11
2.39641700432161e-42	0.0688960954684357	0.51	0.51	4.69865482037339e-38	WT	ARL4A
2.51248191846748e-42	0.0778594469431623	0.234	0.217	4.92622329753919e-38	WT	EAPP
2.51924534139129e-42	0.0646402198709904	0.215	0.205	4.93948434086589e-38	WT	PSMC6
2.64331707308732e-42	0.0678794704740326	0.141	0.126	5.1827517852023e-38	WT	CDKL4
2.71895976146062e-42	0.0703594942821542	0.436	0.432	5.33106440429583e-38	WT	PTGFR
2.72892394354673e-42	0.0639717159967558	0.189	0.167	5.35060117611208e-38	WT	SIM2
2.77210119618127e-42	0.0795121081756999	0.458	0.467	5.43525881535262e-38	WT	HCN1
2.79032159023351e-42	0.094649050236538	0.231	0.163	5.47098354197085e-38	WT	PSMD5
2.92115219394383e-42	0.0630954754007927	0.369	0.371	5.72750310666567e-38	WT	KIF11
2.92508448510276e-42	0.0715477191473419	0.292	0.271	5.73521314994098e-38	WT	ABCC9
2.93623255897331e-42	0.07073120653103	0.243	0.239	5.75707117837896e-38	WT	TMEM97
2.94079534909898e-42	0.0848851089587316	0.054	0.033	5.76601744097837e-38	WT	SLC24A5
2.97854991856081e-42	0.096954867050888	0.056	0.029	5.84004282532217e-38	WT	EPO
3.20254862145218e-42	0.0697903159142546	0.391	0.375	6.2792370820813e-38	WT	BCAT1
3.85703695134958e-42	0.0833720073584843	0.078	0.054	7.56249235051112e-38	WT	C9orf153
3.93384589830114e-42	0.0661092930094823	0.142	0.131	7.71309165279905e-38	WT	AZGP1
3.94173469480489e-42	0.0928726923081588	0.07	0.044	7.72855921610396e-38	WT	NLRP13
3.9440560776255e-42	0.0531106744864489	0.671	0.666	7.73311075140032e-38	WT	MERTK
4.29013796400847e-42	0.0846691553909938	0.11	0.085	8.4116735060314e-38	WT	PNLIPRP3
4.71748370597061e-42	0.0737116615953115	0.228	0.217	9.24957030229657e-38	WT	OTUB2
4.93591058198603e-42	0.0528617796616774	0.533	0.553	9.6778398781e-38	WT	STX8
5.00625666555504e-42	0.0546890149317414	0.549	0.555	9.81576744415377e-38	WT	DYNLL1
5.17593219976395e-42	0.0902734280336275	0.074	0.049	1.01484502640772e-37	WT	MUC7
5.42213235860748e-42	0.0518744309202573	0.341	0.344	1.06311749155217e-37	WT	NEDD8-MDP1
5.93587929647999e-42	0.0571155420850286	0.407	0.417	1.16384785366083e-37	WT	TXN
6.47626531932668e-42	0.0712124833035406	0.247	0.233	1.26980134116038e-37	WT	FBXW2
7.51379874921977e-42	0.052634898364524	0.387	0.388	1.47323052075952e-37	WT	RP11-506B6.7
7.967659597248e-42	0.0767137977166882	0.253	0.242	1.56221901723242e-37	WT	KCTD6
8.31155629675591e-42	0.0851175738178364	0.327	0.307	1.62964684310493e-37	WT	CACNA2D2
8.89063199908493e-42	0.0532436030734539	0.403	0.418	1.74318621606058e-37	WT	LTB4R2
9.10765786935872e-42	0.0571411959335001	0.6	0.598	1.78573847844516e-37	WT	MRPS27
9.20768670529238e-42	0.0926843193827186	0.056	0.034	1.80535113230668e-37	WT	TMEM207
9.36694193338351e-42	0.0715643829410236	0.339	0.339	1.8365763048785e-37	WT	SRRT
9.46095035677569e-42	0.0753014940383783	0.467	0.459	1.85500853645301e-37	WT	HSD17B4
9.59401859381921e-42	0.0574994612345554	0.073	0.058	1.88109922569013e-37	WT	VMO1
1.0049657653769e-41	0.0752791863207853	0.109	0.09	1.97043637617449e-37	WT	CEBPE
1.03189329003703e-41	0.0722277073000678	0.086	0.065	2.02323317377561e-37	WT	PYGO1
1.03320443033689e-41	0.0902389306210052	0.115	0.089	2.02580392656154e-37	WT	RP11-166N6.3
1.03336736074149e-41	0.0726432583697948	0.282	0.27	2.02612338420583e-37	WT	RAD18
1.03565547763937e-41	0.0547375310203386	0.362	0.367	2.03060969500751e-37	WT	LEMD3
1.10526197022395e-41	0.0817168684114355	0.117	0.094	2.1670871450181e-37	WT	C11orf70
1.12648399919937e-41	0.0770247467556342	0.22	0.198	2.20869717723021e-37	WT	FKTN
1.27549647788543e-41	0.0897450902814174	0.216	0.178	2.50086594418997e-37	WT	HOXB8
1.3881534697308e-41	0.0682186305024935	0.397	0.394	2.72175250810118e-37	WT	IER5L
1.39310641359711e-41	0.0682531061088456	0.149	0.133	2.73146374513986e-37	WT	ZRANB1
1.59687149958177e-41	0.0865220573575237	0.218	0.192	3.13098594922997e-37	WT	HLTF
1.64610994874039e-41	0.0733574659981676	0.198	0.178	3.22752777649528e-37	WT	KCNMB3
1.66200893067252e-41	0.0807935350274497	0.11	0.083	3.2587009103696e-37	WT	CEACAM19
1.67883484331866e-41	0.060576586301725	0.244	0.25	3.2916914772949e-37	WT	AIM2
1.68540249395545e-41	0.0501272250703733	0.379	0.393	3.30456866989844e-37	WT	RP11-58C22.1
1.7821565332341e-41	0.0521003571372977	0.425	0.43	3.4942743147121e-37	WT	SWAP70
1.90280070754805e-41	0.0510564461329363	0.782	0.77	3.73082134728946e-37	WT	TNS2
2.03496664230534e-41	0.0691334761382566	0.237	0.231	3.98995909556808e-37	WT	C14orf28
2.08040724797301e-41	0.0895117837112492	0.054	0.03	4.07905449110068e-37	WT	LDHAL6A
2.14700333399597e-41	0.0704097411396153	0.176	0.162	4.2096294369659e-37	WT	WDR48
2.16528767993831e-41	0.0661089734477067	0.299	0.294	4.24547955405504e-37	WT	EIF2AK1
2.23563373076454e-41	0.0579448198690625	0.417	0.416	4.38340705591004e-37	WT	URB1
2.29089886366253e-41	0.0515317200408973	0.622	0.648	4.49176540198312e-37	WT	WDR70
2.60976344859401e-41	0.0869443780505024	0.174	0.147	5.11696319365828e-37	WT	AC026348.1
2.64677373458464e-41	0.0645043179321519	0.482	0.493	5.1895292614001e-37	WT	SRGAP3
2.6502305440644e-41	0.111469522125101	0.091	0.058	5.19630702774706e-37	WT	BATF
2.74513646571031e-41	0.0516665986087267	0.634	0.646	5.38238906831821e-37	WT	NRXN2
2.87154400504138e-41	0.083153005223878	0.229	0.21	5.63023633068463e-37	WT	RP11-298A10.1
2.88072897373036e-41	0.0686879442673356	0.231	0.215	5.64824529879311e-37	WT	C2orf68
3.09308347126662e-41	0.0818369634427092	0.367	0.334	6.06460876211247e-37	WT	VAT1L
3.3444448085441e-41	0.0894946437139755	0.224	0.188	6.55745293611242e-37	WT	EFCAB8
3.78196663194893e-41	0.0659021863337051	0.584	0.606	7.41530197526227e-37	WT	FILIP1L
3.92359123402877e-41	0.072071933796071	0.36	0.342	7.69298533256021e-37	WT	TDRD7
3.96288759547602e-41	0.0809212372752329	0.251	0.243	7.77003370844982e-37	WT	APOL1
4.17956061542501e-41	0.0887974753379828	0.054	0.031	8.19486449866381e-37	WT	CLEC4C
4.36298791800146e-41	0.0554394667944696	0.195	0.19	8.55451041082547e-37	WT	TRAPPC6B
4.58215636769259e-41	0.0595161744848561	0.268	0.265	8.98423399013487e-37	WT	SUPT16H
4.76735069155963e-41	0.0710135589311432	0.173	0.15	9.34734450094097e-37	WT	VWA3A
5.39438842352194e-41	0.0798732451705601	0.126	0.099	1.05767773819995e-36	WT	KCNV1
5.48320344858745e-41	0.084887882180695	0.441	0.443	1.07509170016454e-36	WT	LGI4
5.49926917893438e-41	0.0851653089875582	0.225	0.202	1.07824170791366e-36	WT	CCDC158
5.69953810440744e-41	0.0638547889287472	0.577	0.59	1.11750843613117e-36	WT	KLF9
5.86096780914552e-41	0.0520475134811038	0.491	0.498	1.14915995833916e-36	WT	PRMT3
5.95178095304277e-41	0.0517132606927001	0.531	0.542	1.1669656914631e-36	WT	FCHO2
6.11397948196614e-41	0.0637622581457123	0.7	0.692	1.1987679570291e-36	WT	UBTD1
6.23974572061745e-41	0.0508851942940513	0.413	0.419	1.22342694344146e-36	WT	SMARCC2
6.48825389481668e-41	0.0683778031364642	0.374	0.36	1.27215194115671e-36	WT	NCBP1
6.9051161602955e-41	0.0901051997115385	0.062	0.035	1.35388612554914e-36	WT	LAIR1
7.60433488782946e-41	0.0911197916464115	0.1	0.071	1.49098194145672e-36	WT	RP11-216L13.16
7.93661505582276e-41	0.0763175063727591	0.08	0.059	1.55613211399517e-36	WT	GPX2
8.22115557452864e-41	0.0667345575388613	0.187	0.174	1.61192197349783e-36	WT	EDNRA
8.31641263510873e-41	0.0714080224387946	0.39	0.387	1.63059902536577e-36	WT	FKBP9
8.95896268506392e-41	0.0845959133204148	0.272	0.26	1.75658381366048e-36	WT	GLRX5
9.5771165452469e-41	0.0692065337089871	0.327	0.326	1.87778524102656e-36	WT	FBXO4
9.70432867885272e-41	0.0629128078635451	0.65	0.657	1.90272772406265e-36	WT	SLC25A25
1.05029242736127e-40	0.0534574434012171	0.764	0.761	2.05930836232724e-36	WT	FAM101A
1.10829965077347e-40	0.0822796955320072	0.054	0.033	2.17304312527155e-36	WT	WFDC8
1.15315254100686e-40	0.0764473900491671	0.303	0.291	2.26098618715215e-36	WT	JAML
1.31061431314049e-40	0.0753354285592113	0.149	0.128	2.56972148377455e-36	WT	JAM2
1.55059394132984e-40	0.0653230964575188	0.339	0.336	3.04024954076541e-36	WT	MBLAC2
1.55663935969323e-40	0.0580567846031226	0.546	0.555	3.05210279255051e-36	WT	C10orf76
1.63476816165665e-40	0.0512079287186194	0.43	0.44	3.20528993456019e-36	WT	ZNF91
1.6402488637412e-40	0.0660697090890298	0.294	0.297	3.21603594713737e-36	WT	PTPRB
1.73090837335105e-40	0.0805429617788508	0.326	0.299	3.39379204762941e-36	WT	SLC4A8
1.80495970779282e-40	0.088226949341532	0.24	0.217	3.53898449906939e-36	WT	C9orf142
1.95896964499828e-40	0.0855298499700974	0.08	0.057	3.84095178294813e-36	WT	CR2
2.0527830779413e-40	0.0748866943029617	0.263	0.241	4.0248917809195e-36	WT	DPH7
2.24664312165212e-40	0.0834172230763103	0.171	0.144	4.4049931686233e-36	WT	EPHA1
2.27743576020676e-40	0.0579705240751011	0.539	0.526	4.4653682950374e-36	WT	MALL
2.37278548158089e-40	0.0650859462335113	0.498	0.496	4.65232049373565e-36	WT	BRSK2
2.47206095252867e-40	0.0649581133084778	0.445	0.456	4.84696990962296e-36	WT	DGAT1
2.90853557327657e-40	0.0531308766098695	0.285	0.287	5.70276569852337e-36	WT	KIAA1549L
2.9585599751458e-40	0.0967170328347352	0.059	0.033	5.80084854326837e-36	WT	FUT2
3.03182932392705e-40	0.0546185900010392	0.368	0.374	5.94450775542376e-36	WT	FKBP14
3.03764187966989e-40	0.0588859794564578	0.319	0.327	5.95590443346876e-36	WT	MLKL
3.06952908689675e-40	0.058358047762806	0.426	0.432	6.01842568067846e-36	WT	STT3B
3.07743398208821e-40	0.0728226286578354	0.1	0.081	6.03392480868036e-36	WT	PTPMT1
3.10091842965351e-40	0.0709688578439536	0.52	0.513	6.07997076502164e-36	WT	CEP120
3.20086314768317e-40	0.0528467377766232	0.483	0.493	6.27593237366239e-36	WT	ZNF503
3.207450349581e-40	0.0756064723199915	0.38	0.368	6.28884790042347e-36	WT	IFT81
3.32847163935207e-40	0.0679446453236842	0.236	0.225	6.52613434327761e-36	WT	CCDC63
3.38396005504089e-40	0.0598412334653982	0.235	0.231	6.63493047991867e-36	WT	ALDH3A1
3.41852314418272e-40	0.0916409670176896	0.085	0.058	6.70269832879905e-36	WT	OLAH
3.72756656561674e-40	0.0513133397461137	0.369	0.378	7.30863976520473e-36	WT	ZCCHC4
3.76333347242487e-40	0.0899024564066287	0.068	0.045	7.37876793938345e-36	WT	CARD6
4.10513741950004e-40	0.0665521916942816	0.415	0.426	8.04894293841373e-36	WT	ZNF251
4.13087329197747e-40	0.0519087969479518	0.345	0.353	8.09940326358023e-36	WT	MAPK1IP1L
4.2705204669936e-40	0.0505262827894897	0.476	0.487	8.37320947963435e-36	WT	ANKS6
4.46158112160777e-40	0.0534249442134198	0.536	0.542	8.74782210513635e-36	WT	WEE1
4.64352961836588e-40	0.0713436164730621	0.218	0.198	9.10456852272998e-36	WT	CFAP70
4.77325515648952e-40	0.0834482864423431	0.065	0.039	9.35892138532901e-36	WT	CD19
4.77686521745446e-40	0.0520856011677041	0.533	0.543	9.36599963186296e-36	WT	WDR90
5.03806750665445e-40	0.0526898271370193	0.542	0.548	9.87813896029738e-36	WT	WIPI1
5.07727873842317e-40	0.057769564767045	0.564	0.571	9.95502042242631e-36	WT	FAM188B
5.41603051977873e-40	0.0873358645937618	0.127	0.094	1.06192110401302e-35	WT	ZNF578
5.4843820857163e-40	0.0535590013084444	0.2	0.194	1.07532279554639e-35	WT	DLEU7
5.57949267507365e-40	0.104557599325451	0.163	0.119	1.09397112880169e-35	WT	HIST1H3E
6.46032892663412e-40	0.0624870208800507	0.165	0.155	1.26667669264515e-35	WT	MIA2
6.78180813627496e-40	0.0952024009402716	0.098	0.069	1.32970912127943e-35	WT	EDN3
6.89299211233245e-40	0.0608952737607149	0.577	0.57	1.35150896346502e-35	WT	RARG
7.74544594536235e-40	0.0789852494156146	0.192	0.177	1.5186495865072e-35	WT	NUDT14
8.19697966378168e-40	0.0825910299875016	0.089	0.067	1.60718180267767e-35	WT	DCLK3
8.79699392472933e-40	0.0750163871322966	0.091	0.072	1.72482659882168e-35	WT	CRISP1
1.03928772624441e-39	0.0660330700372455	0.289	0.289	2.03773144484741e-35	WT	SPTSSA
1.1558231072214e-39	0.0704587501210002	0.237	0.221	2.266222366329e-35	WT	FUBP3
1.30195296346397e-39	0.0785214924203089	0.124	0.096	2.5527391754638e-35	WT	GBGT1
1.37473437732329e-39	0.0897757937593622	0.093	0.07	2.69544169361777e-35	WT	TRPV5
1.46132141384481e-39	0.0596285791129835	0.398	0.398	2.86521289612553e-35	WT	RNF41
1.53052469938018e-39	0.0633920276268695	0.582	0.585	3.00089977807472e-35	WT	NECTIN2
1.72409647746894e-39	0.0610542329706684	0.371	0.352	3.38043596337334e-35	WT	GAPVD1
1.77559065009637e-39	0.0840087096080785	0.071	0.049	3.48140058764396e-35	WT	RGS13
1.95776486529743e-39	0.0726031142521754	0.096	0.078	3.83858957138866e-35	WT	CCDC153
1.96367279702763e-39	0.0857570635200063	0.072	0.047	3.85017325313208e-35	WT	OTOP1
2.09755625923131e-39	0.0933666291370038	0.054	0.032	4.11267855747482e-35	WT	CLECL1
2.22612895040663e-39	0.0655485118044364	0.17	0.164	4.36477103306229e-35	WT	CFL2
2.33147954558173e-39	0.0514023106822006	0.526	0.548	4.5713319450221e-35	WT	NRF1
2.33536713633714e-39	0.0813071119944765	0.147	0.123	4.57895434421623e-35	WT	MUC6
2.7525028663626e-39	0.0525704804849478	0.552	0.566	5.39683237007715e-35	WT	MTA3
2.83973272256264e-39	0.0934710425133033	0.075	0.043	5.56786394912858e-35	WT	ZNF671
2.85832112261256e-39	0.0549619344946022	0.527	0.53	5.60431022510644e-35	WT	TMTC3
2.89165475195088e-39	0.0538065341272169	0.211	0.207	5.66966747215009e-35	WT	ANKRD36C
3.04681848144628e-39	0.0920901119245983	0.123	0.095	5.97389699657173e-35	WT	IMPG2
3.10896140015886e-39	0.055214039898435	0.66	0.674	6.09574061729147e-35	WT	ZRANB3
3.15223785921001e-39	0.0753810772851412	0.356	0.333	6.18059277055307e-35	WT	RABL6
3.20819951360626e-39	0.0748055658900008	0.198	0.173	6.2903167863278e-35	WT	CACNG4
3.57942597594452e-39	0.0720539206101727	0.181	0.163	7.01818051103442e-35	WT	TOR4A
3.63564987204997e-39	0.0894663061021699	0.065	0.04	7.12841870412839e-35	WT	FRRS1L
3.65720012011708e-39	0.0697869657415198	0.395	0.391	7.17067227551356e-35	WT	E4F1
3.76678317616893e-39	0.076852735507668	0.271	0.254	7.38553177351442e-35	WT	BEGAIN
3.82952092805656e-39	0.0728409391855419	0.093	0.077	7.50854168364049e-35	WT	OTOR
3.89203456021887e-39	0.0649465392133823	0.343	0.347	7.63111216222115e-35	WT	ZNF282
3.99813848463246e-39	0.0833529439123913	0.109	0.083	7.83915012681886e-35	WT	ALLC
4.06074014214944e-39	0.0513491070419729	0.486	0.493	7.9618931967124e-35	WT	CASC1
4.14835995669743e-39	0.0626361183632083	0.568	0.614	8.13368936709666e-35	WT	NCALD
4.68092369443293e-39	0.0547339789507821	0.508	0.516	9.17788708767464e-35	WT	SLC38A9
5.09435692617639e-39	0.0532362498698434	0.417	0.428	9.98850562515405e-35	WT	TRPC4AP
5.1827846397516e-39	0.0836385700269848	0.354	0.314	1.0161885843161e-34	WT	C10orf90
6.98937922303088e-39	0.0541270806727202	0.422	0.425	1.37040758425966e-34	WT	GNS
7.07366451340319e-39	0.079180928983545	0.198	0.17	1.38693340114296e-34	WT	DTX1
7.0918389265935e-39	0.0555240677632056	0.256	0.251	1.39049685833719e-34	WT	MTBP
7.32639544822839e-39	0.0604176041168603	0.622	0.623	1.43648635553414e-34	WT	TYW1B
7.36991195476931e-39	0.0654102718572911	0.504	0.493	1.44501863697162e-34	WT	PTBP3
8.24604019003253e-39	0.0500048750695012	0.498	0.508	1.61680110005968e-34	WT	HERPUD2
8.7280334200853e-39	0.075348728865254	0.412	0.39	1.71130551267613e-34	WT	ARPC5L
8.99854036423723e-39	0.0640002486525978	0.354	0.357	1.76434380921599e-34	WT	RNF32
9.11000121933664e-39	0.0830149170400502	0.078	0.052	1.78619793907534e-34	WT	MSLN
9.72875249586879e-39	0.0634888901848077	0.404	0.407	1.90751650186499e-34	WT	TMEM94
9.96645241655656e-39	0.06473600386214	0.311	0.306	1.95412232531425e-34	WT	TBC1D8B
1.09855842001935e-38	0.0697180493477159	0.074	0.053	2.15394349413194e-34	WT	ZNF280B
1.12419377233235e-38	0.0815261829468514	0.096	0.074	2.20420672941204e-34	WT	FAM46D
1.13537905401448e-38	0.0635647390146459	0.405	0.396	2.22613771120618e-34	WT	LMBR1L
1.17789803322408e-38	0.0762237031617691	0.326	0.341	2.30950467374246e-34	WT	JRK
1.25598866887491e-38	0.0650986286154258	0.385	0.389	2.46261698306304e-34	WT	ANKRD31
1.25947785254994e-38	0.0749265463052365	0.397	0.376	2.46945822549466e-34	WT	PGM5
1.55553927413376e-38	0.0603314464735822	0.217	0.209	3.04994585479407e-34	WT	CES5A
1.57608638221529e-38	0.0515565556386136	0.411	0.428	3.09023256960952e-34	WT	SPATA16
1.80411767161444e-38	0.0825166406809862	0.072	0.052	3.53733351873443e-34	WT	MYH7
1.81958735185855e-38	0.0612195722170571	0.195	0.183	3.56766492078906e-34	WT	ZNF705A
1.86851789794787e-38	0.0727806951970366	0.067	0.051	3.6636030425064e-34	WT	C7orf77
1.9083556446472e-38	0.0790545530106266	0.125	0.105	3.74171291245976e-34	WT	MATN4
1.9441824447958e-38	0.0503498770282684	0.476	0.482	3.81195851951113e-34	WT	VPS53
2.06354668146904e-38	0.0779376309518562	0.171	0.15	4.04599597835635e-34	WT	KIF5A
2.46193233045042e-38	0.0566517801054418	0.623	0.618	4.82711072031413e-34	WT	FARP2
2.66925099000712e-38	0.0703201105270038	0.315	0.299	5.23360041610695e-34	WT	ANAPC2
3.23133176559111e-38	0.079723246571087	0.113	0.087	6.33567219279448e-34	WT	TM4SF19
3.25566247501721e-38	0.0706000889293122	0.181	0.161	6.38337741476625e-34	WT	TPTE
3.31258335343584e-38	0.0762863658055989	0.338	0.32	6.49498218108166e-34	WT	MEGF10
3.58186567005631e-38	0.0632813164285088	0.511	0.517	7.0229640192794e-34	WT	NCAPG2
3.59656128036417e-38	0.0559321827356866	0.489	0.503	7.05177770241002e-34	WT	TMEM184A
3.81806067988577e-38	0.0638925690441229	0.519	0.542	7.48607157505203e-34	WT	PLD5
4.05612317778036e-38	0.0684511309614869	0.375	0.352	7.95284071467395e-34	WT	ELFN1
4.54292119065844e-38	0.0755900083132728	0.103	0.082	8.907305578524e-34	WT	GCNT7
4.79034337505377e-38	0.0591455881068071	0.518	0.532	9.39242625546792e-34	WT	C16orf95
4.82179645242933e-38	0.0920689019028189	0.059	0.035	9.45409630427818e-34	WT	CLCA4
4.85178793635253e-38	0.0959721700933309	0.081	0.052	9.51290060680641e-34	WT	SPATA3
4.85563602165209e-38	0.0886287073521962	0.142	0.111	9.52044554765325e-34	WT	MUC5AC
5.07137932878123e-38	0.0702773103694644	0.234	0.223	9.94345344994135e-34	WT	MOAP1
5.11105088528193e-38	0.0679371200055588	0.112	0.095	1.00212374707723e-33	WT	CRTAM
5.37903142391923e-38	0.0667656624004179	0.09	0.066	1.05466669128784e-33	WT	PLEK
5.6640499075726e-38	0.0692163308064511	0.484	0.485	1.11055026537776e-33	WT	OSBPL11
5.74069675427616e-38	0.0648062840630039	0.165	0.152	1.12557841261093e-33	WT	C11orf57
7.21290647584686e-38	0.0702176153097115	0.328	0.32	1.41423457271929e-33	WT	FAM45A
7.74171439926809e-38	0.0779565849178787	0.24	0.23	1.51791794226449e-33	WT	DNAH1
7.96951458319103e-38	0.0605197682124371	0.157	0.145	1.56258272432626e-33	WT	NME8
8.14444600788588e-38	0.055307515510631	0.329	0.327	1.59688152876618e-33	WT	CNNM1
8.67309892224337e-38	0.0609588046420935	0.327	0.332	1.70053450568426e-33	WT	ACTR3B
8.96286184392113e-38	0.0752087608100196	0.205	0.185	1.75734832173762e-33	WT	ADAM32
9.23642240987504e-38	0.0801970149202317	0.321	0.303	1.8109853419042e-33	WT	MIGA2
9.7090003793042e-38	0.087892528228241	0.086	0.062	1.90364370437018e-33	WT	MOBP
1.0095302353183e-37	0.0575717588439749	0.316	0.324	1.97938593238859e-33	WT	IARS2
1.10689612821957e-37	0.0516198498277582	0.267	0.274	2.17029123860012e-33	WT	AGL
1.10905314273266e-37	0.0816760002604194	0.08	0.057	2.17452049695592e-33	WT	SLC17A6
1.12740196156938e-37	0.0694521908352263	0.095	0.078	2.21049702604909e-33	WT	EN1
1.19627315858154e-37	0.0718872715601326	0.106	0.089	2.34553278203082e-33	WT	CCDC181
1.21676231271632e-37	0.0502208177049056	0.384	0.397	2.38570586654289e-33	WT	ASIC1
1.23831127873975e-37	0.052554700144318	0.271	0.278	2.42795692422502e-33	WT	SMIM8
1.24281902516313e-37	0.0730966742773191	0.081	0.063	2.43679526263736e-33	WT	VSTM2A
1.3323724479508e-37	0.0751489691177367	0.139	0.114	2.61238265869714e-33	WT	SLC6A2
1.50928085199532e-37	0.0581464485067865	0.364	0.366	2.95924696650722e-33	WT	TMEM17
1.58677169183586e-37	0.086198658280126	0.143	0.115	3.11118325618258e-33	WT	C1orf87
1.6216056059369e-37	0.0624342714019206	0.148	0.134	3.17948211156047e-33	WT	RPS6KA6
1.63216976903174e-37	0.0506631364518075	0.73	0.743	3.20019526614053e-33	WT	NEBL
1.72571407379181e-37	0.066024825995599	0.36	0.359	3.3836075844836e-33	WT	PI4K2A
1.78548550216826e-37	0.0775262560951803	0.115	0.095	3.50080142410131e-33	WT	ZC3H12B
1.98065978513728e-37	0.0598584043608207	0.436	0.438	3.88347964071866e-33	WT	KRT18
2.09643802890501e-37	0.059874044204409	0.463	0.479	4.11048604327404e-33	WT	STK17A
2.22471142094403e-37	0.0817125448354656	0.119	0.095	4.36199168304496e-33	WT	ANKRD30B
2.52722219521532e-37	0.0843501228891542	0.153	0.126	4.95512455815867e-33	WT	MUC13
2.81098968228391e-37	0.0885457335145041	0.059	0.036	5.51150747005407e-33	WT	CD53
3.15703078684511e-37	0.0707397077161091	0.194	0.181	6.1899902637672e-33	WT	IFI27L1
3.28624852726497e-37	0.0558353538539813	0.548	0.545	6.44334748740844e-33	WT	TMEM120B
3.3449510815215e-37	0.0858354691959831	0.089	0.065	6.5584455855392e-33	WT	CLDN18
3.49282354681668e-37	0.0514632462671994	0.185	0.185	6.84837912824347e-33	WT	CCNB1IP1
3.51408001053366e-37	0.0555774872763143	0.259	0.258	6.89005667665334e-33	WT	MSH4
3.63079829658427e-37	0.0507626070571436	0.458	0.462	7.11890622011278e-33	WT	STXBP3
3.93589134604898e-37	0.0620440305828892	0.542	0.545	7.71710216219824e-33	WT	ZNF367
4.06108841054102e-37	0.102498091304896	0.096	0.065	7.96257604654779e-33	WT	HIST1H1D
4.13521111350924e-37	0.0591488691841696	0.509	0.522	8.10790843025757e-33	WT	KLHDC10
4.52295205563538e-37	0.0946825029305904	0.062	0.039	8.86815209548429e-33	WT	SCGB3A2
5.121000598368e-37	0.0593894438857658	0.458	0.461	1.00407458732201e-32	WT	RNF43
5.67799289739779e-37	0.0647463041517795	0.583	0.579	1.11328406739278e-32	WT	NAMPT
5.77439227099743e-37	0.0560563445571364	0.397	0.402	1.13218509257447e-32	WT	TMEM106B
6.58686822790227e-37	0.0808614213411954	0.068	0.048	1.2914872534448e-32	WT	TMEM244
6.72656972693344e-37	0.0689110442748564	0.134	0.12	1.31887852635984e-32	WT	MS4A6E
7.16258626836023e-37	0.0716487804931152	0.134	0.115	1.40436828963739e-32	WT	ATP2A1
7.28051432797979e-37	0.096410874043985	0.068	0.039	1.427490444287e-32	WT	OPRK1
8.00313653725957e-37	0.0685670880201575	0.285	0.272	1.56917498086048e-32	WT	SLC2A14
8.499689787891e-37	0.0664839274600561	0.186	0.185	1.66653417671179e-32	WT	PRRX1
1.02142732985288e-36	0.0642785328303112	0.406	0.395	2.00271256564254e-32	WT	PRKAA1
1.04333069775702e-36	0.058110250837854	0.651	0.683	2.04565849909219e-32	WT	CMSS1
1.08470669288188e-36	0.0653456072022325	0.241	0.235	2.12678441273351e-32	WT	CNOT10
1.11008479733106e-36	0.0505805104704967	0.26	0.264	2.17654326212702e-32	WT	NEDD1
1.26192896961355e-36	0.067068995123352	0.11	0.093	2.47426413072129e-32	WT	TBX19
1.29739542406103e-36	0.0615923852639279	0.581	0.581	2.54380320795646e-32	WT	MMS19
1.30412904796793e-36	0.0594749995650831	0.371	0.377	2.55700582435071e-32	WT	EXOC3L4
1.37175957600831e-36	0.0878761612891401	0.219	0.182	2.6896090006795e-32	WT	FXYD1
1.49847152913355e-36	0.0750549141659697	0.133	0.111	2.93805312717216e-32	WT	IGSF10
1.77607587350749e-36	0.0791645395922093	0.34	0.328	3.48235196518614e-32	WT	TMEM55B
1.98864205496421e-36	0.0746194864117829	0.331	0.32	3.89913047716834e-32	WT	TCFL5
2.01661903197365e-36	0.0700336281022388	0.184	0.166	3.95398493599074e-32	WT	TNFRSF11A
2.08949442953142e-36	0.0825291417909448	0.092	0.07	4.09687172798225e-32	WT	LHFPL4
2.12594211078107e-36	0.0589584861159382	0.842	0.832	4.16833469660844e-32	WT	HIP1
2.13660462444535e-36	0.0520032591762162	0.618	0.648	4.18924068715e-32	WT	ZNF536
2.2056713972963e-36	0.0854034165525065	0.103	0.077	4.32465990867885e-32	WT	TNNT3
2.216715790142e-36	0.0720642565284609	0.091	0.074	4.34631464973142e-32	WT	UGT2A1
2.37183290093534e-36	0.0763540615538713	0.089	0.068	4.65045276886392e-32	WT	ADGRE1
2.37239027316354e-36	0.0645383725334167	0.494	0.489	4.65154560859174e-32	WT	SEC14L5
2.80126436904737e-36	0.0764345038579796	0.223	0.208	5.49243904839119e-32	WT	ECT2L
2.98636602653074e-36	0.078234665541158	0.098	0.076	5.85536786821881e-32	WT	TMPRSS11F
3.01411300002791e-36	0.0521265487834515	0.216	0.216	5.90977135915473e-32	WT	SP140L
3.17698166296971e-36	0.059607264681484	0.301	0.297	6.22910794658472e-32	WT	CDC26
3.34487650282349e-36	0.068865229476138	0.247	0.235	6.55829935908601e-32	WT	IMPG1
3.51105712195932e-36	0.064779422600279	0.162	0.156	6.88412969902564e-32	WT	PCYT1B
3.57711528608383e-36	0.0530042736769702	0.286	0.294	7.01364994142456e-32	WT	MIER3
3.69249589615e-36	0.0575819926416439	0.439	0.429	7.23987670358131e-32	WT	CUL5
3.88552531845072e-36	0.058447552123305	0.172	0.153	7.61834949188632e-32	WT	RUBCNL
3.93874362870147e-36	0.0537121944227847	0.317	0.325	7.72269463279497e-32	WT	RBAK-RBAKDN
4.01057395444117e-36	0.063961973337498	0.074	0.061	7.8635323524728e-32	WT	FEZF1
4.15374212700315e-36	0.0843912118359303	0.108	0.086	8.14424218841508e-32	WT	LCN8
4.20851628372852e-36	0.0534625958640639	0.138	0.132	8.25163787750651e-32	WT	MRPS21
4.48263827510852e-36	0.0875826272677291	0.108	0.081	8.78910886600528e-32	WT	HHLA1
4.54405301563652e-36	0.0635967257821851	0.521	0.541	8.90952474775853e-32	WT	PAPPA2
4.73967969146221e-36	0.0805995308037124	0.056	0.035	9.29308997104995e-32	WT	MT1M
5.48053589235979e-36	0.0774983405585447	0.06	0.04	1.07456867241498e-31	WT	MUCL1
5.82972304907713e-36	0.0617964643314492	0.371	0.356	1.14303379823255e-31	WT	CNTRL
7.24905513173412e-36	0.0533582859849273	0.232	0.234	1.42132223967911e-31	WT	KIF4A
7.29685452898524e-36	0.0667616085240094	0.13	0.116	1.43069426749814e-31	WT	NLRP11
7.61180132188865e-36	0.086716115418344	0.054	0.031	1.49244588518271e-31	WT	KCNA1
9.75696784079716e-36	0.06660215878934	0.419	0.416	1.9130486845451e-31	WT	BPGM
9.80202878782498e-36	0.0660888252883853	0.393	0.393	1.92188378442884e-31	WT	CHST12
1.11665173412666e-35	0.0663351691171026	0.225	0.219	2.18941905510214e-31	WT	IGSF1
1.18119930970456e-35	0.0833139033998587	0.055	0.035	2.31597748653773e-31	WT	TM4SF20
1.25717202879248e-35	0.0654082314807373	0.187	0.167	2.46493719685342e-31	WT	RFTN2
1.34133655978297e-35	0.0545901184733036	0.436	0.45	2.62995859276647e-31	WT	SYPL1
1.4223597059054e-35	0.0644120328234288	0.12	0.105	2.78882067536872e-31	WT	SYNJ2BP
1.53231300196799e-35	0.053408508101063	0.69	0.702	3.00440610295864e-31	WT	OPN3
1.5834720925392e-35	0.051429852346829	0.389	0.396	3.1047137318416e-31	WT	CRCP
1.60679038631671e-35	0.0544882389583278	0.33	0.333	3.15043391045117e-31	WT	SSBP1
1.70909126062117e-35	0.0624413992839505	0.483	0.483	3.35101523469993e-31	WT	SH2B2
1.87602682850992e-35	0.062423120049894	0.188	0.183	3.67832580265941e-31	WT	VCPKMT
1.89445860044523e-35	0.0720082341036321	0.203	0.185	3.71446497789297e-31	WT	CGREF1
1.93356643595996e-35	0.0760577434936904	0.264	0.242	3.7911437109867e-31	WT	RPL35
1.98240662933482e-35	0.0552602629523297	0.228	0.229	3.88690467813677e-31	WT	PSMB5
1.98344170602256e-35	0.0560231320239933	0.298	0.299	3.88893415299843e-31	WT	C12orf50
2.08800109806119e-35	0.0640721815621674	0.377	0.368	4.09394375296858e-31	WT	TSTD2
2.20535656547246e-35	0.0672827094522776	0.221	0.213	4.32404261792186e-31	WT	HMBS
2.24610959215222e-35	0.0717143883423776	0.111	0.097	4.40394707733286e-31	WT	SCN2B
2.27764155543189e-35	0.0626557259064356	0.48	0.478	4.46577179773531e-31	WT	PA2G4
2.29966391117031e-35	0.0813772528639655	0.389	0.39	4.50895103063163e-31	WT	NPEPL1
2.32525404292789e-35	0.0742881059918611	0.147	0.127	4.55912560196872e-31	WT	PYCR1
2.36678027301283e-35	0.0721086525467484	0.166	0.147	4.64054608129625e-31	WT	TPBGL
2.47612236800418e-35	0.0776644871193001	0.05	0.03	4.8549331269458e-31	WT	TRIM58
2.50835741138421e-35	0.0801867327428019	0.051	0.031	4.91813637650102e-31	WT	SERPINA10
2.70471288714183e-35	0.0652091031071986	0.263	0.257	5.30313055781898e-31	WT	CMC1
2.79737116228744e-35	0.0840263978906092	0.075	0.054	5.48480563789698e-31	WT	MGAT4D
2.84511877557922e-35	0.0614614090801658	0.201	0.182	5.57842438327819e-31	WT	ATG9B
2.85815748472721e-35	0.0503830058113736	0.423	0.422	5.60398938030465e-31	WT	DCAF17
3.18588922634465e-35	0.0546215779095935	0.202	0.203	6.24657300609395e-31	WT	EID3
3.20838862292516e-35	0.0625645562269337	0.607	0.611	6.29068757296936e-31	WT	RSU1
3.34715875108959e-35	0.0695669809391674	0.122	0.1	6.56277416326137e-31	WT	MCAM
3.34896405855909e-35	0.0755183692228922	0.08	0.061	6.56631382961681e-31	WT	SKOR2
3.46904428548903e-35	0.0528743183085412	0.591	0.593	6.80175513055834e-31	WT	PTCH1
3.60038760910692e-35	0.0765311401121658	0.06	0.041	7.05927998517595e-31	WT	MRGPRX4
3.65276461205141e-35	0.0529303230135926	0.303	0.304	7.1619755748492e-31	WT	SRSF9
3.67803362496749e-35	0.0828922779986022	0.051	0.03	7.21152052847375e-31	WT	MS4A4A
3.73391078405683e-35	0.0914282125635856	0.05	0.024	7.32107887430022e-31	WT	PAEP
3.81451777279569e-35	0.0730708468393522	0.337	0.314	7.47912499712051e-31	WT	JAK3
3.88731020349291e-35	0.0520428820519729	0.471	0.475	7.62184911598854e-31	WT	EXOC6
3.94390460398138e-35	0.062017768544774	0.336	0.329	7.73281375702629e-31	WT	DNAJC25-GNG10
5.02141279015644e-35	0.0670026250327536	0.681	0.671	9.84548405765974e-31	WT	ELL2
5.17802222087741e-35	0.0781679989304304	0.073	0.051	1.01525481684743e-30	WT	NLRP9
5.18484695953306e-35	0.0666133843248487	0.132	0.116	1.01659294335565e-30	WT	CD5L
5.25620903701524e-35	0.0562589558796036	0.207	0.198	1.03058490588758e-30	WT	CPEB1
5.72754237940434e-35	0.0540838751655914	0.306	0.304	1.12299923432981e-30	WT	PSEN1
5.81546543554213e-35	0.0536805550084138	0.294	0.307	1.14023830794674e-30	WT	NUP85
5.99735359069265e-35	0.0779542956308248	0.106	0.088	1.17590111852711e-30	WT	PAQR9
6.32420875372768e-35	0.0503955646846866	0.564	0.564	1.23998761034339e-30	WT	SORL1
7.67999394968162e-35	0.0621390368839575	0.481	0.479	1.50581641371407e-30	WT	RP11-603J24.9
7.90130265725636e-35	0.0515009014194031	0.553	0.561	1.54920841200826e-30	WT	WARS2
8.20449315811113e-35	0.0758628285762662	0.257	0.227	1.60865497351085e-30	WT	JAKMIP3
8.5560831784337e-35	0.0664619005340681	0.24	0.22	1.6775912287955e-30	WT	MFSD14B
8.94525128627983e-35	0.0578567051474593	0.45	0.43	1.75389541970089e-30	WT	ZNF800
9.44828470589434e-35	0.0645662512451803	0.172	0.159	1.8525251822847e-30	WT	GPR37L1
9.55021841072027e-35	0.053420503769228	0.452	0.457	1.87251132378992e-30	WT	SLC16A7
1.05227432529418e-34	0.0725120738961126	0.068	0.051	2.06319426960429e-30	WT	LRRC17
1.06568789769346e-34	0.0647132924067165	0.09	0.067	2.08949426100756e-30	WT	TMEM74B
1.08177521465236e-34	0.0529285466134408	0.645	0.653	2.12103666336888e-30	WT	PTPA
1.19080665476233e-34	0.0648615094805146	0.072	0.056	2.33481460799251e-30	WT	ZP2
1.22811852651678e-34	0.0581754930087939	0.239	0.24	2.40797199494145e-30	WT	AGAP2
1.28005593272866e-34	0.0557554050929657	0.404	0.405	2.50980566730107e-30	WT	WDR66
1.30194472368055e-34	0.0562359167187171	0.327	0.327	2.55272301972045e-30	WT	TINF2
1.55951949660813e-34	0.0643134011104222	0.172	0.16	3.05774987699956e-30	WT	PCGF6
1.61659786635907e-34	0.0590041680564203	0.261	0.256	3.16966343657023e-30	WT	MUSK
1.69490974611629e-34	0.066730248825663	0.355	0.344	3.3232095392102e-30	WT	DNAH8
1.79558582708178e-34	0.0691913577111991	0.089	0.067	3.52060513115925e-30	WT	ADGRE2
1.81830023875044e-34	0.0782120818071528	0.275	0.255	3.56514127811799e-30	WT	KCNQ2
1.82933090338373e-34	0.0784981786809226	0.146	0.119	3.58676910226448e-30	WT	WNT2
1.83691251214029e-34	0.0621993001490627	0.192	0.188	3.60163436255346e-30	WT	ALKBH2
1.84309023123076e-34	0.0510112528331607	0.161	0.158	3.61374701637415e-30	WT	AKR1C2
1.85105308737812e-34	0.0665859744643711	0.141	0.127	3.62935978842228e-30	WT	EXOG
1.86021032876276e-34	0.0840680324780706	0.053	0.032	3.64731439160515e-30	WT	HRG
1.86294613374036e-34	0.0517652704638725	0.315	0.316	3.65267848442472e-30	WT	RP11-507M3.1
2.05133158723913e-34	0.0677955375014118	0.138	0.117	4.02204584309977e-30	WT	REC114
2.07769601587149e-34	0.0812862401475911	0.083	0.059	4.07373857831923e-30	WT	KNG1
2.08469461866464e-34	0.0778603109124779	0.054	0.036	4.08746073881575e-30	WT	WISP3
2.16832491338082e-34	0.0605201618589424	0.433	0.44	4.25143465766576e-30	WT	ARHGEF4
2.21617597150729e-34	0.0885343632452728	0.095	0.07	4.34525622733435e-30	WT	PRTN3
2.31912178278689e-34	0.056053803509556	0.513	0.51	4.54710207951025e-30	WT	ALPL
2.36394757128218e-34	0.0798188492513442	0.059	0.038	4.63499200301297e-30	WT	LEP
2.3689177240444e-34	0.0560979108561889	0.255	0.257	4.64473698153386e-30	WT	INMT
2.50170382767009e-34	0.0803585041024293	0.062	0.043	4.90509069491275e-30	WT	SERPINB2
2.66150189114877e-34	0.0627929341390557	0.113	0.097	5.2184067579754e-30	WT	MKRN3
2.68504563918252e-34	0.068368100515995	0.448	0.47	5.26456898474516e-30	WT	KCNB2
2.79762644488097e-34	0.062014158023008	0.242	0.229	5.48530617047813e-30	WT	STX17
3.0891816956203e-34	0.0781743033677489	0.058	0.038	6.05695855060272e-30	WT	FAM124B
3.31455885365312e-34	0.0631707608732102	0.139	0.12	6.49885554435767e-30	WT	CYP3A7
3.80812306257882e-34	0.0651073109151299	0.227	0.22	7.46658688879829e-30	WT	TMEM251
3.88305671699742e-34	0.0622740278385412	0.266	0.261	7.61350930501685e-30	WT	G0S2
3.93824874142127e-34	0.0787327567218747	0.152	0.129	7.72172430730468e-30	WT	GRAP2
4.01312211577465e-34	0.0545850508777665	0.486	0.491	7.86852853239936e-30	WT	TUBA1B
4.07764358999857e-34	0.0555850077927913	0.293	0.297	7.9950357869102e-30	WT	POU2F3
4.15027986546652e-34	0.0523683289714296	0.212	0.207	8.13745373222021e-30	WT	DSCC1
4.23183333827665e-34	0.0522229585078688	0.499	0.508	8.29735562635903e-30	WT	NABP2
4.34434622135001e-34	0.0881543494761981	0.083	0.053	8.51795963620097e-30	WT	ADGRD2
4.46433255326528e-34	0.0502880185395388	0.209	0.209	8.75321683718723e-30	WT	TM9SF1
4.69467000910644e-34	0.0767951386054194	0.12	0.094	9.204839486855e-30	WT	ITIH2
4.78950750054221e-34	0.0831160915722221	0.05	0.029	9.39078735631311e-30	WT	GPR83
5.52770729723902e-34	0.0715902223037995	0.202	0.186	1.08381756976965e-29	WT	HIST1H2AI
5.60846780798733e-34	0.0556096509108903	0.426	0.439	1.09965228311208e-29	WT	TRIP6
6.09622700495166e-34	0.0808286525139774	0.079	0.054	1.19528722886087e-29	WT	SPACA7
6.9666466360842e-34	0.0912019376912582	0.076	0.053	1.36595040593703e-29	WT	ZIC4
8.02490372083016e-34	0.0543243135442776	0.158	0.15	1.57344287254317e-29	WT	SIX1
8.21596520942503e-34	0.0518507226640799	0.308	0.311	1.61090429861196e-29	WT	PAFAH1B2
8.50547899783013e-34	0.0546969476272275	0.17	0.167	1.66766926710455e-29	WT	TMEM136
8.65591310549263e-34	0.0828168259623008	0.065	0.039	1.69716488259394e-29	WT	C10orf53
9.40446407443598e-34	0.0733344117305446	0.058	0.039	1.84393327107466e-29	WT	SLC10A6
9.63271188954466e-34	0.0662750675551693	0.191	0.17	1.88868582018302e-29	WT	MRC1
1.0405238147644e-33	0.077560816300272	0.072	0.052	2.04015504360856e-29	WT	CFHR5
1.06625589815092e-33	0.0754714928890173	0.161	0.137	2.09060793950451e-29	WT	PRRX2
1.11824310138053e-33	0.0729212349747946	0.06	0.043	2.19253924887681e-29	WT	ENTPD3
1.17680932787302e-33	0.0747612532533227	0.319	0.288	2.30737004916063e-29	WT	ST6GALNAC5
1.20141071543764e-33	0.051269292485703	0.522	0.577	2.35560598975859e-29	WT	IGF2BP3
1.28970221963617e-33	0.0769286668471695	0.079	0.057	2.52871914204064e-29	WT	TERB1
1.35606439525991e-33	0.0575557880034422	0.265	0.266	2.65883545978611e-29	WT	PCMTD2
1.37934516244146e-33	0.0644892758538121	0.218	0.216	2.70448205999898e-29	WT	TMEM110-MUSTN1
1.38667425518389e-33	0.0509194935788922	0.411	0.412	2.71885221213905e-29	WT	PIGX
1.39999596729817e-33	0.0769834612226103	0.074	0.055	2.74497209308152e-29	WT	CD163
1.56487160288115e-33	0.0634452948593874	0.151	0.139	3.06824375176907e-29	WT	SDCCAG3
1.59507042464522e-33	0.0512600893918671	0.324	0.333	3.12745458160188e-29	WT	SENP5
1.68873762505338e-33	0.0657680152536385	0.234	0.219	3.31110786144216e-29	WT	VAV1
1.81050340895196e-33	0.0732507864541071	0.117	0.094	3.54985403393211e-29	WT	SLC1A6
1.83152386555464e-33	0.052801860095139	0.355	0.36	3.59106884319299e-29	WT	PRR26
1.88102847311913e-33	0.0556206265779855	0.38	0.388	3.68813252724467e-29	WT	GLTP
1.91530583478184e-33	0.053902632139512	0.271	0.279	3.75534015025676e-29	WT	RPS25
1.92777800642709e-33	0.104392257729071	0.053	0.029	3.7797943372016e-29	WT	ZNF835
2.1258122394513e-33	0.0520586882945061	0.462	0.474	4.16808005789216e-29	WT	POLE
2.25910406259389e-33	0.0659600481379395	0.272	0.267	4.42942533552784e-29	WT	ANGPTL5
2.61704574321144e-33	0.0786079349848491	0.061	0.042	5.13124158871467e-29	WT	RNASE8
2.8522751685302e-33	0.0519564389004958	0.567	0.573	5.59245592293716e-29	WT	LMF1
3.14480700314419e-33	0.0633066878403901	0.378	0.384	6.16602309106482e-29	WT	ASL
3.15169148076853e-33	0.0550476370906331	0.333	0.34	6.17952148634286e-29	WT	UBXN7
3.33355925580762e-33	0.0548885141783658	0.336	0.346	6.53610963286199e-29	WT	EIF2S1
3.54551298685009e-33	0.052726515513503	0.195	0.201	6.95168731331697e-29	WT	FAM221A
3.64419069704057e-33	0.0662386033516331	0.171	0.148	7.14516469968745e-29	WT	ANO5
3.66945514591734e-33	0.0723460933874618	0.328	0.289	7.19470070460013e-29	WT	HOXB6
4.02722630872667e-33	0.0555936325579279	0.442	0.44	7.89618262352039e-29	WT	NEK10
4.07702790719287e-33	0.0744978927528137	0.07	0.052	7.99382861763305e-29	WT	DSG1
4.12582804954628e-33	0.0519062831513703	0.261	0.261	8.08951105674538e-29	WT	PAPOLG
4.32864325999994e-33	0.0511149761393633	0.67	0.698	8.48717083988188e-29	WT	HHAT
4.46929424979605e-33	0.05308772935242	0.1	0.093	8.76294523557511e-29	WT	COL10A1
4.5186920074927e-33	0.0736809450419431	0.46	0.442	8.85979941909094e-29	WT	KLHL26
4.66809173961261e-33	0.0817202005797637	0.086	0.063	9.15272747385844e-29	WT	SLC13A5
4.8544719441501e-33	0.0828597739198353	0.055	0.034	9.5181631408951e-29	WT	PP2D1
5.12151018212486e-33	0.0745715834146072	0.26	0.248	1.00417450140922e-28	WT	KCNN2
5.14495398059396e-33	0.051636522255396	0.419	0.43	1.00877112697506e-28	WT	AK9
5.41282077992471e-33	0.0665248265879133	0.183	0.172	1.06129177031984e-28	WT	WDR31
5.4398862873442e-33	0.0534502673491363	0.173	0.168	1.06659850435958e-28	WT	SLC18B1
5.60176601593627e-33	0.0524345313766038	0.243	0.245	1.09833826274462e-28	WT	NPHP1
5.78323491157135e-33	0.0503161951358951	0.403	0.41	1.13391886911179e-28	WT	SUOX
5.86709953222335e-33	0.0711174446386771	0.058	0.043	1.15036220528303e-28	WT	C3orf49
5.88046022650316e-33	0.0559360022065065	0.367	0.374	1.15298183661047e-28	WT	GLT8D2
6.70749531027256e-33	0.0657582509252638	0.068	0.054	1.31513860548514e-28	WT	FMO3
7.31892747621402e-33	0.0531734455913355	0.535	0.543	1.43502211026128e-28	WT	ATP13A4
7.58842296373773e-33	0.0508493294604158	0.365	0.378	1.48786209050006e-28	WT	SETD2
7.81785091458732e-33	0.075940526563217	0.064	0.043	1.53284602882314e-28	WT	EXOC3L2.1
8.09474737020649e-33	0.0530107142606633	0.132	0.122	1.58713711687639e-28	WT	FCF1
8.48088570855964e-33	0.0511199533370756	0.423	0.435	1.66284726087729e-28	WT	APOO
9.17806230549082e-33	0.0590354597257282	0.15	0.139	1.79954267623759e-28	WT	ITGA4
9.41060077444513e-33	0.0519093435684595	0.435	0.455	1.84513649384546e-28	WT	C3orf67
9.4227363174085e-33	0.0703367250884775	0.053	0.037	1.84751590975429e-28	WT	CXCL6
9.75277082689032e-33	0.0836505717399785	0.062	0.039	1.91222577602838e-28	WT	EPHX4
1.00785989911746e-32	0.0519335911603494	0.319	0.326	1.97611090419961e-28	WT	PAK3
1.06272570791282e-32	0.0760587648472713	0.068	0.049	2.08368629550466e-28	WT	RP11-638I8.1
1.17660885734875e-32	0.080623432407565	0.123	0.103	2.3069769866037e-28	WT	C9orf50
1.26234516810134e-32	0.0724180682768803	0.062	0.045	2.47508017109631e-28	WT	DPPA2
1.28109425822719e-32	0.0616510985073375	0.076	0.067	2.51184151210605e-28	WT	SLC22A9
1.291703401138e-32	0.0662067551197654	0.068	0.054	2.53264285861128e-28	WT	TCTEX1D1
1.30781911793056e-32	0.0752474608048569	0.055	0.035	2.56424094452645e-28	WT	DHRS7C
1.32101653193948e-32	0.0510290715453023	0.135	0.128	2.59011711417374e-28	WT	COX16
1.57852276890809e-32	0.0811385718740788	0.079	0.055	3.09500959299809e-28	WT	C4BPA
1.71248499890518e-32	0.100418720762565	0.359	0.321	3.35766933735339e-28	WT	GPRIN3
1.79087561535162e-32	0.0792377126282263	0.163	0.142	3.51136981901991e-28	WT	RAB3B
1.877914890835e-32	0.0522058404003666	0.29	0.3	3.68202772646019e-28	WT	GTPBP10
2.04983931062074e-32	0.0538310132499154	0.474	0.482	4.01911993633408e-28	WT	KAT2B
2.08831879915665e-32	0.0581002104886892	0.213	0.213	4.09456666950645e-28	WT	FBXL2
2.67881483415904e-32	0.0611275363313959	0.529	0.531	5.25235224533564e-28	WT	SEC16A
2.79076829063075e-32	0.055526677006891	0.329	0.332	5.4718593874397e-28	WT	MYH11
2.90861366783841e-32	0.057870904933455	0.163	0.157	5.70291881853077e-28	WT	C18orf54
2.9911994756323e-32	0.0687932422798765	0.051	0.031	5.86484481187225e-28	WT	KLK13
3.00952833385087e-32	0.0543739032681271	0.223	0.218	5.90078220418139e-28	WT	PGGT1B
3.05239497260995e-32	0.0629239359245953	0.297	0.282	5.98483082279633e-28	WT	FAM65B
3.16536392903518e-32	0.0695950590084818	0.065	0.047	6.20632905565927e-28	WT	NOBOX
3.34067098733346e-32	0.0646225532807561	0.184	0.181	6.55005360486471e-28	WT	RNF26
3.61258844954272e-32	0.0633293752302511	0.093	0.076	7.08320217301841e-28	WT	F2R
3.95804212173902e-32	0.0628937676030751	0.147	0.131	7.7605331880937e-28	WT	OSTN
4.0029188100454e-32	0.0785760921427182	0.085	0.065	7.84852291085601e-28	WT	SLC38A5
4.18660672431896e-32	0.0645036347336939	0.196	0.185	8.20867980437219e-28	WT	TRIM54
4.79612718285471e-32	0.0759174444298233	0.092	0.069	9.40376656742322e-28	WT	TTPA
4.92598327430952e-32	0.0554595402996166	0.296	0.306	9.65837540593867e-28	WT	ZNF517
5.00840870676806e-32	0.0500174659346042	0.236	0.24	9.81998695136013e-28	WT	SIDT2
5.19058858330972e-32	0.0660086094840825	0.361	0.366	1.01771870352954e-27	WT	UNG
5.31390272186615e-32	0.0598474451260206	0.387	0.387	1.0418969066763e-27	WT	LMBRD2
5.44466494605502e-32	0.055059292036596	0.376	0.382	1.06753545597301e-27	WT	LRGUK
5.55103847559684e-32	0.073689354675514	0.085	0.067	1.08839211391027e-27	WT	SELP
5.67293531733154e-32	0.0521045781313331	0.244	0.249	1.1122924276692e-27	WT	DYNC1LI1
5.69901513875054e-32	0.066084869699303	0.112	0.092	1.11740589825482e-27	WT	ZDBF2
5.73114925795626e-32	0.0718609072448715	0.404	0.387	1.12370643500748e-27	WT	TUBB4B
5.80291718687034e-32	0.0729913843218633	0.095	0.079	1.13777797282967e-27	WT	TOPAZ1
5.88249499767232e-32	0.0615038564845019	0.21	0.211	1.15338079419361e-27	WT	TMEM110
6.1057702424523e-32	0.0771387285330414	0.051	0.032	1.19715837143762e-27	WT	CCL24
6.32506229764277e-32	0.0629664095426418	0.17	0.153	1.24015496469882e-27	WT	ACAN
6.42718720176777e-32	0.0778318032143554	0.059	0.04	1.26017859465061e-27	WT	PRSS38
7.86491045220957e-32	0.0546663521103612	0.153	0.146	1.54207299236473e-27	WT	PIH1D2
8.39576647079269e-32	0.0531845652641175	0.189	0.19	1.64615793192832e-27	WT	ZDHHC4
8.43001187748503e-32	0.0516280752181341	0.246	0.246	1.65287242881849e-27	WT	SMO
8.55490811600161e-32	0.0577899286786885	0.288	0.284	1.67736083430444e-27	WT	SP140
9.64956597038908e-32	0.0685243445717598	0.204	0.189	1.89199039981419e-27	WT	RP4-608O15.3
9.99199711516823e-32	0.0551957538371168	0.44	0.449	1.95913087437104e-27	WT	ARHGEF1
1.01175047340888e-31	0.0788304175162504	0.218	0.193	1.98373915321278e-27	WT	PAX7
1.08777030861545e-31	0.0777840043014165	0.071	0.052	2.13279124410231e-27	WT	ADH4
1.09980987568758e-31	0.0767598041645407	0.075	0.053	2.15639722326063e-27	WT	LCN10
1.13024569806345e-31	0.0562693457652609	0.095	0.085	2.21607274019301e-27	WT	TNFSF11
1.15033342978995e-31	0.0515612336155523	0.231	0.229	2.25545875578915e-27	WT	ZNF749
1.28708496246335e-31	0.0763101331130345	0.118	0.095	2.5235874859019e-27	WT	FAM198A
1.30494386733044e-31	0.0625407033731613	0.337	0.337	2.55860344067479e-27	WT	CECR2
1.31717918847609e-31	0.071809312366455	0.147	0.127	2.58259323484508e-27	WT	PKD2L2
1.37376269769432e-31	0.0560052419706765	0.58	0.588	2.69353652136925e-27	WT	BARD1
1.37772586499985e-31	0.0748364278879822	0.053	0.034	2.7013071035052e-27	WT	CD300LF
1.42477355777395e-31	0.0669400569209503	0.077	0.053	2.79355351472738e-27	WT	FAM166A
1.44267514517742e-31	0.0576266140496715	0.283	0.275	2.82865315714936e-27	WT	PRPF4
1.5709236980718e-31	0.0529455144236552	0.484	0.486	3.08011009480938e-27	WT	DNAJC22
1.62338969610786e-31	0.0773368032681492	0.061	0.038	3.18298017715867e-27	WT	SUN5
1.92747855763129e-31	0.0668016408046809	0.136	0.12	3.77920720794767e-27	WT	ABCG8
2.00055374488351e-31	0.0722865816089585	0.056	0.041	3.9224857275931e-27	WT	DSC1
2.2220237678806e-31	0.0564695432893417	0.335	0.341	4.35672200168349e-27	WT	PRKAG1
2.60238348399688e-31	0.0586070211854464	0.264	0.254	5.10249329707267e-27	WT	MROH2A
2.8134370158742e-31	0.0735306022287896	0.08	0.061	5.51630595702453e-27	WT	KDR
2.82143301492861e-31	0.0571837039875767	0.146	0.131	5.53198371237052e-27	WT	ACSBG2
2.86592438789355e-31	0.0566013085948692	0.311	0.312	5.61921794734289e-27	WT	ARHGEF40
2.89664624466216e-31	0.0718777534745383	0.108	0.091	5.6794542919091e-27	WT	RHOH
3.02325007628931e-31	0.0820680138337554	0.122	0.096	5.92768642458045e-27	WT	LPAR5
3.19927320591257e-31	0.0524699008861224	0.827	0.825	6.27281497483277e-27	WT	MAML3
3.34137791063531e-31	0.0751587950585728	0.103	0.079	6.55143966938266e-27	WT	EXOC3L2
3.4072981898828e-31	0.0668446306322682	0.287	0.268	6.68068956090321e-27	WT	PHF21B
3.66768597758432e-31	0.0687477686477612	0.101	0.078	7.19123189624958e-27	WT	CYP4F22
3.91584488019251e-31	0.0705057919784139	0.111	0.09	7.67779705659345e-27	WT	FAM186B
3.96981326614381e-31	0.0765329921644373	0.094	0.073	7.78361287092817e-27	WT	PDE6C
4.19073371527854e-31	0.0714128206290618	0.282	0.269	8.21677159554664e-27	WT	PRDM6
4.26076508483372e-31	0.0517514202038193	0.472	0.485	8.35408210183347e-27	WT	FAM20B
4.37257772303998e-31	0.058670160421124	0.102	0.088	8.57331314156449e-27	WT	TGFBR3L
4.9691341966462e-31	0.0693384412243664	0.095	0.074	9.74298141936421e-27	WT	NLRP5
5.20409784259942e-31	0.0618021667889657	0.112	0.097	1.02036746399847e-26	WT	TMEM178A
5.40858164236945e-31	0.0772191449783276	0.213	0.205	1.06046060261938e-26	WT	PROX1
5.45083486553872e-31	0.0529933847949716	0.138	0.132	1.06874519208618e-26	WT	SAAL1
5.48792076324411e-31	0.0766445701500055	0.315	0.31	1.07601662404927e-26	WT	CKB
6.10669340011835e-31	0.0659007559941363	0.239	0.227	1.19733937496121e-26	WT	GCNT1
6.26180677152205e-31	0.0770781593874778	0.182	0.16	1.22775245369233e-26	WT	TERT
6.5444383306776e-31	0.0536163276364867	0.25	0.239	1.28316802349596e-26	WT	GUCY2C
6.74586026027622e-31	0.0561504292945096	0.403	0.406	1.32266082123236e-26	WT	EHD3
6.86294948640291e-31	0.0585423430335916	0.205	0.193	1.34561850579902e-26	WT	MAP3K19
6.86704151682777e-31	0.0604188249180476	0.329	0.325	1.34642083020442e-26	WT	DNAH2
6.91879047408132e-31	0.0539032658389647	0.099	0.087	1.35656724825312e-26	WT	FGF7
7.04638093766151e-31	0.0510107946740188	0.275	0.277	1.38158391044729e-26	WT	KIAA0319
7.07146666613798e-31	0.0519369097506118	0.795	0.793	1.38650246922967e-26	WT	CRADD
8.05555288990041e-31	0.050553104751633	0.362	0.376	1.57945225512277e-26	WT	FASTK
8.53798320238673e-31	0.0701198632260537	0.085	0.067	1.67404236649197e-26	WT	AATK-AS1
8.87541150021782e-31	0.0509288639947147	0.586	0.598	1.74020193284771e-26	WT	CNNM2
8.99310216580528e-31	0.05914561729596	0.399	0.41	1.76327754164944e-26	WT	SLC30A5
9.03456216086012e-31	0.0798777357690047	0.06	0.038	1.77140660287984e-26	WT	C9orf152
9.37239755201604e-31	0.0510083351573434	0.518	0.516	1.83764598802378e-26	WT	FAM120A
9.70684576868405e-31	0.0604930104211687	0.211	0.191	1.90322124986588e-26	WT	RFX8
1.08705802110267e-30	0.0545302248245474	0.229	0.231	2.13139466197601e-26	WT	ARIH2
1.22008746007163e-30	0.0702910295153057	0.367	0.358	2.39222548296244e-26	WT	CAND2
1.31836898462327e-30	0.0527901348679074	0.128	0.124	2.58492606815084e-26	WT	FTSJ1
1.3742916167205e-30	0.0580397349181688	0.442	0.487	2.69457357290389e-26	WT	PREX2
1.4239751254203e-30	0.0595815253912811	0.505	0.514	2.79198802841159e-26	WT	INSIG1
1.45334381607565e-30	0.0640737726193076	0.663	0.668	2.84957122017952e-26	WT	NR3C2
1.67876157297923e-30	0.0623133706034642	0.107	0.093	3.29154781614037e-26	WT	ADAMTS5
1.76165698248978e-30	0.0525399968920244	0.45	0.455	3.4540808455677e-26	WT	C9orf85
1.94148897100671e-30	0.0700340330237275	0.109	0.093	3.80667742545286e-26	WT	ADAM2
2.01553753264898e-30	0.054576193769754	0.269	0.27	3.95186444026486e-26	WT	C11orf71.1
2.06531970061446e-30	0.0749131138327239	0.213	0.195	4.04947233699477e-26	WT	FCGBP
2.12780696794116e-30	0.0693950093226974	0.129	0.108	4.17199112204223e-26	WT	AC004076.9
2.13605432099659e-30	0.0843444792184748	0.065	0.039	4.18816170717801e-26	WT	SYT3
2.38018460732965e-30	0.0641836726750941	0.067	0.053	4.66682795959124e-26	WT	OTC
2.38141859363305e-30	0.0666345446393335	0.079	0.061	4.66924743653632e-26	WT	FBP2
2.46300808723219e-30	0.0618966306255683	0.13	0.115	4.82921995663615e-26	WT	NLRC3
2.49719174040373e-30	0.0576453198870422	0.132	0.126	4.89624384540959e-26	WT	FABP5
2.59305177008916e-30	0.0532323944002583	0.417	0.425	5.08419660561381e-26	WT	EIF4H
2.65952774468039e-30	0.0538793748090419	0.585	0.599	5.21453604899484e-26	WT	CDK5
2.65953458895572e-30	0.0589805594271847	0.345	0.35	5.21454946856549e-26	WT	ADCK2
2.67314720694541e-30	0.069196884821785	0.076	0.057	5.24123972865787e-26	WT	ZNF679
2.68131897275065e-30	0.0614859747548056	0.155	0.146	5.25726210987221e-26	WT	MED6
2.7767837160847e-30	0.0723922343388932	0.289	0.29	5.44443983212727e-26	WT	CD274
2.85026292968043e-30	0.0566061531715406	0.323	0.324	5.58851052622442e-26	WT	PNN
2.88136438101696e-30	0.0764819015814373	0.201	0.188	5.64949114185994e-26	WT	SCNN1G
3.13410685875401e-30	0.0890040710052408	0.11	0.075	6.145043317959e-26	WT	HHEX
3.60038729102068e-30	0.0661858411305717	0.175	0.164	7.05927936150424e-26	WT	HYAL1
3.60432951484136e-30	0.0514906981446057	0.473	0.476	7.06700887974946e-26	WT	HEBP1
3.80683212847248e-30	0.0739424134473148	0.07	0.05	7.464055754296e-26	WT	CPA3
3.85567157168552e-30	0.0826637554889887	0.16	0.113	7.5598152506038e-26	WT	C14orf132
3.95753174983634e-30	0.0693787272646643	0.205	0.185	7.75953250190412e-26	WT	RP11-400G3.5
4.32645671279355e-30	0.072242502087962	0.187	0.162	8.4828836767743e-26	WT	MUC16
4.38555009182022e-30	0.0701276688837331	0.092	0.074	8.59874806503191e-26	WT	UNC45B
4.39201656568098e-30	0.0588306664644331	0.151	0.131	8.6114268803307e-26	WT	ACTRT3
4.62047486845322e-30	0.0613124203561058	0.208	0.198	9.05936507457623e-26	WT	HIST1H2BL
4.66854466305568e-30	0.0743412564928448	0.471	0.457	9.15361552085328e-26	WT	TMEM141
4.81384906082274e-30	0.0624405535803246	0.131	0.12	9.43851385355514e-26	WT	FAM109B
4.89473982834625e-30	0.0713383744565679	0.067	0.047	9.59711638143849e-26	WT	SLAMF6
5.28803300860885e-30	0.0505027255326888	0.298	0.306	1.03682463199794e-25	WT	CDK1
5.71749095671427e-30	0.0504869881668868	0.226	0.233	1.12102845188297e-25	WT	GDPD1
5.82707792207075e-30	0.0605939181961681	0.072	0.06	1.14251516818041e-25	WT	UGT2A2
5.86619439910438e-30	0.0510167748913107	0.071	0.056	1.1501847358324e-25	WT	GOLGA6L2
5.8662347114717e-30	0.0643079539717553	0.072	0.055	1.15019263987826e-25	WT	C16orf89
6.25321146543538e-30	0.075296320466114	0.093	0.07	1.22606717202792e-25	WT	MYO1A
7.04178832798736e-30	0.0753217310308302	0.122	0.101	1.38068343746848e-25	WT	RCN3
8.21937417722518e-30	0.0665027746267323	0.085	0.071	1.61157269492854e-25	WT	LINC00083
8.65204927939237e-30	0.0706372197595948	0.171	0.159	1.69640730221046e-25	WT	ACVRL1
9.46533851455746e-30	0.0636576402932224	0.071	0.049	1.85586892254928e-25	WT	ZNF732
1.00411862422586e-29	0.0586462525064653	0.259	0.245	1.96877538651964e-25	WT	DSCR4
1.02223054405488e-29	0.0552420152779478	0.218	0.224	2.0042874277284e-25	WT	USP4
1.08694372469148e-29	0.0682107007195649	0.064	0.046	2.13117056100259e-25	WT	ABCG4
1.09158942158512e-29	0.0611307302317488	0.563	0.578	2.14027937890194e-25	WT	WDYHV1
1.2511758492459e-29	0.0552697235204409	0.255	0.254	2.45318048761643e-25	WT	ADGRL1
1.44786786571227e-29	0.0503267594314512	0.245	0.241	2.83883452430205e-25	WT	NIPSNAP3A
1.73932085407429e-29	0.0818596801371346	0.088	0.063	3.41028639858345e-25	WT	BTNL8
1.83102366242468e-29	0.0785797800791483	0.331	0.308	3.59008809491607e-25	WT	SH3GLB2
1.843966752147e-29	0.061620886993243	0.234	0.221	3.61546561093463e-25	WT	TEK
1.854770522578e-29	0.0596495494600324	0.077	0.062	3.63664856361868e-25	WT	FSCN3
1.89845766741005e-29	0.0720574413347604	0.33	0.311	3.72230594849089e-25	WT	ASB6
1.91455282011485e-29	0.0636764633803569	0.313	0.295	3.75386371439919e-25	WT	ODF2
1.92376897930953e-29	0.0556810520099589	0.329	0.336	3.77193383773219e-25	WT	WIPI2
2.16658419958433e-29	0.0692655228805488	0.116	0.099	4.24802164012499e-25	WT	DSC3
2.20368453387256e-29	0.0680618694931728	0.295	0.277	4.32076426556393e-25	WT	KCTD8
2.7048359595877e-29	0.0615630160232788	0.358	0.354	5.30337186596361e-25	WT	CTB-127M13.1
2.7534969512414e-29	0.0811971756447741	0.071	0.047	5.39878147229901e-25	WT	TXNRD3NB
3.03130502964233e-29	0.050807214357234	0.339	0.351	5.94347977161972e-25	WT	SUSD3
3.14246724474921e-29	0.0513195637034224	0.169	0.167	6.16143552677977e-25	WT	STARD6
3.20757100904651e-29	0.0652650905485314	0.184	0.171	6.28908447743749e-25	WT	SLC6A18
3.52573700524708e-29	0.0615845118384958	0.171	0.159	6.91291254618796e-25	WT	FXYD6
3.61445758999279e-29	0.0740170326445584	0.068	0.05	7.08686699669887e-25	WT	CALB1
3.80965612585456e-29	0.0809051148351161	0.15	0.127	7.46959276596303e-25	WT	FBXO47
4.00694329853838e-29	0.0556347772458371	0.056	0.037	7.8564137254442e-25	WT	SLC22A31
4.19198524886356e-29	0.0762533482821401	0.057	0.037	8.21922547744678e-25	WT	CD28
4.23495974501977e-29	0.0628546983775556	0.416	0.425	8.30348557206026e-25	WT	TBL2
4.88203237285941e-29	0.0514250468680575	0.457	0.452	9.57220087346544e-25	WT	ARSG
5.23845184300661e-29	0.06296202338849	0.091	0.073	1.02710325285831e-24	WT	ST6GALNAC1
5.71369236384429e-29	0.062712074865687	0.094	0.075	1.12028366177895e-24	WT	ECM2
5.98340647365619e-29	0.0562295156559894	0.203	0.196	1.17316650728977e-24	WT	RP11-101E3.5
6.27296671693187e-29	0.0599870858822837	0.561	0.566	1.22994058418883e-24	WT	EEF2KMT
7.09458648685102e-29	0.0500349811508168	0.308	0.319	1.39103557247688e-24	WT	EP400NL
7.93529714318401e-29	0.0569870168897809	0.168	0.153	1.55587371086409e-24	WT	HOXA1
8.00730548088792e-29	0.0795337703780884	0.1	0.075	1.56999238563769e-24	WT	EPHA8
8.14322199440672e-29	0.0672472060306105	0.085	0.065	1.59664153644333e-24	WT	NLRC4
8.24866031290674e-29	0.0502589159078279	0.293	0.308	1.61731482755162e-24	WT	ZNF696
8.82486866745702e-29	0.0512966769886873	0.268	0.272	1.7302919996283e-24	WT	CCS
8.97511433905719e-29	0.0641749178682145	0.426	0.432	1.75975066845894e-24	WT	AVPI1
9.06803165823118e-29	0.0698675469274297	0.203	0.179	1.77796896722939e-24	WT	FBN3
9.66995378253044e-29	0.0581110827255923	0.356	0.362	1.89598783814074e-24	WT	CCNF
1.00616781062054e-28	0.0707111334057117	0.15	0.135	1.9727932262837e-24	WT	CA3
1.04550829656243e-28	0.0525634509209683	0.521	0.529	2.04992811706997e-24	WT	PTPRS
1.10129420434873e-28	0.052996747028297	0.344	0.353	2.15930754646656e-24	WT	WARS
1.14366003059353e-28	0.0536741806641179	0.134	0.124	2.24237422198473e-24	WT	GDAP1L1
1.20300846054723e-28	0.0647467576907552	0.262	0.248	2.35873868859496e-24	WT	TBC1D26
1.20617461337206e-28	0.0528743713425748	0.259	0.258	2.36494656443861e-24	WT	HVCN1
1.32020489983979e-28	0.0692864652839908	0.061	0.042	2.58852574711587e-24	WT	HIGD1C
1.32379809414163e-28	0.0567266453740948	0.258	0.253	2.59557092318349e-24	WT	SSNA1
1.49404237389093e-28	0.0620700762391358	0.097	0.085	2.92936888248794e-24	WT	KCNS1
1.54512217698103e-28	0.0657015117162221	0.052	0.035	3.02952105240671e-24	WT	C11orf16
1.61230885835445e-28	0.0538233889653543	0.093	0.081	3.16125397857558e-24	WT	USP50
1.81475600792798e-28	0.0721869740293957	0.11	0.086	3.55819210474439e-24	WT	CD4
1.82850758534219e-28	0.0518396642742654	0.326	0.327	3.58515482258043e-24	WT	CCAR1
1.99544739444556e-28	0.0698541050931192	0.075	0.057	3.91247370628941e-24	WT	KIAA1024
2.36625607456602e-28	0.0501743222951242	0.382	0.392	4.63951828540159e-24	WT	STUB1
2.41049443222198e-28	0.0565085287648328	0.32	0.332	4.72625643325764e-24	WT	CYC1
2.44450656314299e-28	0.0603359679379945	0.055	0.037	4.79294401835445e-24	WT	TCN1
2.60431536865065e-28	0.0590041707285276	0.123	0.112	5.10628114331333e-24	WT	PHYHD1
2.63316195058093e-28	0.0563649242827741	0.168	0.163	5.16284063650403e-24	WT	PRKG2
2.7230662364116e-28	0.0712793973840445	0.105	0.085	5.33911596973222e-24	WT	STMN2
2.754833870176e-28	0.0521333095811565	0.482	0.501	5.40140276925408e-24	WT	RP4-777O23.3
2.98355843492071e-28	0.055910553909045	0.145	0.138	5.84986302334903e-24	WT	RANBP3L
3.06993491790626e-28	0.0559338614083152	0.541	0.541	6.0192213935388e-24	WT	NMT2
3.26522097560196e-28	0.0513580787150953	0.207	0.211	6.40211876686276e-24	WT	WNK4
3.32024124144408e-28	0.0783624693008743	0.073	0.047	6.5099970020994e-24	WT	MT1A
3.77142041128619e-28	0.0688189979172089	0.112	0.097	7.39462400040884e-24	WT	ZNF658
3.94185994777376e-28	0.0535177748844033	0.115	0.103	7.72880479960002e-24	WT	C2orf80
4.14215723258939e-28	0.0608961435239646	0.243	0.231	8.12152768593802e-24	WT	MYBL2
4.19014400477142e-28	0.0710639863110043	0.066	0.047	8.21561535015533e-24	WT	ACER1
4.54158752842273e-28	0.0503836226270705	0.292	0.299	8.90469066697844e-24	WT	WBSCR27
4.79874485705353e-28	0.0515228044658441	0.306	0.309	9.40889904122485e-24	WT	DDX24
5.03008651733021e-28	0.055253338892817	0.051	0.04	9.86249063452935e-24	WT	FZD2
5.13533613210316e-28	0.0672140641539956	0.076	0.061	1.00688535542147e-23	WT	DHH
5.26340622725885e-28	0.0506092184691522	0.063	0.054	1.03199605897864e-23	WT	AVPR2
5.35080113069009e-28	0.059173000438522	0.33	0.329	1.04913157769441e-23	WT	GLT1D1
5.74347780732016e-28	0.0513052963738114	0.195	0.186	1.12612369368126e-23	WT	MMP17
5.84634473712389e-28	0.0508896061434262	0.232	0.238	1.14629281260788e-23	WT	NDUFB10
6.25095787646925e-28	0.0640118173240638	0.12	0.109	1.22562531083932e-23	WT	LRCH2
6.94397169606534e-28	0.059653461734833	0.209	0.197	1.36150453044753e-23	WT	ZNF169
6.95993036647463e-28	0.0622640200170653	0.335	0.313	1.36463354695468e-23	WT	RAB39A
7.35575084051365e-28	0.0522354678840775	0.381	0.393	1.44224206729951e-23	WT	IQCE
7.94493771158421e-28	0.0520282654217977	0.266	0.275	1.55776393711032e-23	WT	RGS2
1.05096980692424e-27	0.0598025163640473	0.055	0.041	2.06063650043636e-23	WT	TMEM239
1.11497032587286e-27	0.0692581203769349	0.062	0.044	2.18612231793891e-23	WT	GLYATL3
1.26623169104109e-27	0.0642690150065287	0.085	0.069	2.48270047662426e-23	WT	PSKH2
1.37927071270464e-27	0.0517635809560368	0.501	0.51	2.70433608639998e-23	WT	SARNP
1.42316425709914e-27	0.0715344243308913	0.077	0.056	2.79039815889427e-23	WT	SLC52A1
1.48458317938175e-27	0.0548617957959096	0.17	0.162	2.9108222398138e-23	WT	ZNF445
1.48959610855319e-27	0.0557817599012478	0.071	0.06	2.92065109004023e-23	WT	EVX1
1.54315485797462e-27	0.0602620172550964	0.093	0.077	3.02566373003084e-23	WT	MSLNL
1.62744568467448e-27	0.0696825769802196	0.085	0.066	3.19093275394126e-23	WT	RBP2
1.64212411859554e-27	0.0510498028622663	0.211	0.209	3.21971275933028e-23	WT	HIST1H3H
1.689916894363e-27	0.0644674709201851	0.306	0.295	3.31342005477754e-23	WT	TET1
1.69857400145907e-27	0.0612125299995467	0.132	0.115	3.3303940446608e-23	WT	BHMG1
1.74630514888977e-27	0.0749077730556029	0.197	0.186	3.42398050542817e-23	WT	GATA4
1.76349745290303e-27	0.0514465436203341	0.376	0.389	3.45768945590696e-23	WT	VPS28
1.78963824224193e-27	0.0575216979541657	0.517	0.528	3.50894370156374e-23	WT	B3GNTL1
1.83660376358119e-27	0.0679836487188147	0.073	0.052	3.60102899925364e-23	WT	MC2R
1.84564824600843e-27	0.0691201702575083	0.057	0.041	3.61876251594874e-23	WT	C1orf185
1.84981660870105e-27	0.0638153445285983	0.066	0.048	3.62693542468014e-23	WT	SALL4
1.88064974718236e-27	0.0552798124082605	0.149	0.139	3.68738995930045e-23	WT	EIF5A2
1.9331469332388e-27	0.0610314244789268	0.061	0.043	3.79032119200131e-23	WT	SLC10A1
1.94512143629509e-27	0.0514006602447628	0.158	0.136	3.81379960014379e-23	WT	ZDHHC11B
2.10848876098374e-27	0.0528187423906543	0.107	0.096	4.13411391366081e-23	WT	NYNRIN
2.16543697419975e-27	0.0701904569170437	0.059	0.041	4.24577227531344e-23	WT	OTOP3
2.18532817756552e-27	0.0598966706315487	0.078	0.067	4.28477295775272e-23	WT	ZIC5
2.2499352252559e-27	0.0574885676077243	0.337	0.325	4.41144799615925e-23	WT	STKLD1
2.26423688439815e-27	0.0546480931514034	0.177	0.17	4.43948925923946e-23	WT	PLEKHG7
2.33395764141521e-27	0.0632237845348342	0.064	0.048	4.5761907475228e-23	WT	GTSF1
2.45207934465322e-27	0.0603560202980099	0.102	0.087	4.80779197106156e-23	WT	B4GALNT1
2.65624737945901e-27	0.0508889431922951	0.122	0.114	5.20810423690528e-23	WT	FAM169B
3.1990798262755e-27	0.0631431181631956	0.105	0.088	6.27243581537837e-23	WT	TBX1
3.21664445697116e-27	0.0572280685354274	0.272	0.28	6.30687478678336e-23	WT	RINT1
3.80852361685437e-27	0.0514271649902413	0.075	0.065	7.46737225556636e-23	WT	COCH
4.06834228726763e-27	0.0635825016335562	0.06	0.046	7.97679872264565e-23	WT	F11
4.26936362541777e-27	0.0585755331375074	0.091	0.077	8.37094126035661e-23	WT	CLRN1
4.34335725340682e-27	0.050528248243864	0.082	0.072	8.51602056675474e-23	WT	SCG3
4.63703820226417e-27	0.064706734674199	0.092	0.077	9.09184080317935e-23	WT	ASAH2
4.64160908089893e-27	0.0662502655726295	0.445	0.406	9.10080292491854e-23	WT	COL5A1
4.95756502899771e-27	0.0724152040877324	0.051	0.035	9.7202977523558e-23	WT	ACP5
4.98421757577155e-27	0.0598950289090086	0.435	0.438	9.77255540081528e-23	WT	ZNF467
4.98800595950758e-27	0.0827565316526553	0.103	0.078	9.77998328480652e-23	WT	HK3
4.99950664939155e-27	0.0591996896190474	0.212	0.194	9.802532687462e-23	WT	ZNF391
6.23936170678113e-27	0.0506647404937327	0.84	0.841	1.22335164984858e-22	WT	SH3PXD2A
6.90436234142611e-27	0.0548192906755472	0.078	0.067	1.35373832428342e-22	WT	JPH4
6.99946375110701e-27	0.0696634501573001	0.084	0.066	1.37238485767955e-22	WT	CLEC2L
7.46175040693926e-27	0.0618913095075998	0.138	0.129	1.46302540228858e-22	WT	DCAF8L2
7.51236965532975e-27	0.058862459343039	0.127	0.115	1.4729503183205e-22	WT	ZNF287
7.78672263325968e-27	0.0817276520867026	0.202	0.155	1.52674270670322e-22	WT	HIST1H2AH
8.56454586648429e-27	0.0594512159813054	0.103	0.091	1.67925050804157e-22	WT	CNR1
9.66553457004935e-27	0.0546472074345383	0.098	0.09	1.89512136314958e-22	WT	TMPRSS11D
9.87104727482343e-27	0.0674167119369966	0.081	0.066	1.93541623917463e-22	WT	HOXB5
1.0400994510165e-26	0.0515287527708461	0.067	0.057	2.03932299360804e-22	WT	HPGDS
1.08607511860274e-26	0.0530876523614581	0.382	0.386	2.12946748504438e-22	WT	C20orf27
1.23955841762124e-26	0.0543580836543148	0.347	0.343	2.43040218942997e-22	WT	IPPK
1.24144971637615e-26	0.0661493113921245	0.053	0.037	2.43411045889872e-22	WT	MS4A8
1.26024197731673e-26	0.0666829442195209	0.235	0.213	2.47095644492492e-22	WT	DLGAP2.1
1.29290850421249e-26	0.0682736294415016	0.408	0.367	2.53500570420943e-22	WT	LOX
1.38691757763416e-26	0.06085716306886	0.259	0.255	2.71932929446731e-22	WT	CCDC112
1.44852340745878e-26	0.0715363783154842	0.09	0.071	2.84011984500443e-22	WT	C6orf118
1.53704531851034e-26	0.0603061506196688	0.589	0.581	3.01368475600323e-22	WT	CARD19
1.69409169406994e-26	0.0574027747086667	0.194	0.188	3.32160558456292e-22	WT	CFAP65
1.82849349193927e-26	0.0663132609318491	0.075	0.059	3.58512718964533e-22	WT	SBK3
1.8367753180887e-26	0.0519383905078107	0.259	0.267	3.60136536617651e-22	WT	RPL3L
1.98054505126913e-26	0.0568093219612703	0.14	0.128	3.88325468202339e-22	WT	KIAA2022
1.98885530132345e-26	0.0629355718552216	0.234	0.222	3.89954858930488e-22	WT	ZNF286A
2.13666174122598e-26	0.0562228614715815	0.235	0.241	4.18935267602178e-22	WT	YKT6
2.18470694815245e-26	0.0587367805688439	0.186	0.172	4.28355491324252e-22	WT	ANOS1
2.20989905613479e-26	0.0646812485164291	0.086	0.074	4.33294907936348e-22	WT	SUSD5
2.27990993728633e-26	0.0688828123576598	0.059	0.04	4.4702194140373e-22	WT	CEL
2.28398092627804e-26	0.0593844313272337	0.06	0.044	4.47820140215335e-22	WT	PIANP
2.58234351246846e-26	0.0654334061965988	0.073	0.057	5.0632009248969e-22	WT	FAM92B
2.68035919841483e-26	0.0657331002257814	0.055	0.04	5.25538028033195e-22	WT	SERPINB5
2.72563353478846e-26	0.0730860709489458	0.087	0.065	5.34414967165974e-22	WT	GRK7
3.19109765543154e-26	0.0512093953338041	0.372	0.385	6.25678517300461e-22	WT	TCTN1
3.2473706252842e-26	0.0707700011354791	0.117	0.094	6.36711958499472e-22	WT	KIF19
3.32503142051134e-26	0.0506239117362639	0.715	0.721	6.51938910619659e-22	WT	KAT6B
3.42729973958285e-26	0.0705962953886704	0.104	0.084	6.71990659940009e-22	WT	GABRR1
3.46424177130707e-26	0.0691453905930442	0.056	0.039	6.79233884100178e-22	WT	MYH8
3.48329425230983e-26	0.0738560574602509	0.178	0.159	6.82969504050388e-22	WT	SPDEF
3.52273125498502e-26	0.0700340922456562	0.157	0.147	6.90701917164913e-22	WT	C7orf61
3.54292229109614e-26	0.0518389826451602	0.11	0.104	6.9466077361522e-22	WT	SPAM1
3.74055353114751e-26	0.0578678095041941	0.127	0.115	7.33410330852093e-22	WT	CDH5
3.75959081624324e-26	0.0504428432302635	0.236	0.238	7.37142971340813e-22	WT	TELO2
3.77524378876453e-26	0.0533351958684482	0.433	0.427	7.40212049663062e-22	WT	SRFBP1
3.8388195280305e-26	0.0586366757941405	0.106	0.095	7.5267734486094e-22	WT	PSMA8
4.31565423370704e-26	0.0504340586080697	0.215	0.209	8.4617032560294e-22	WT	MAGEF1
4.39504462497326e-26	0.0614225390261854	0.221	0.21	8.61736399618508e-22	WT	SPSB4
4.95789746758952e-26	0.0600517202628568	0.059	0.043	9.72094956470277e-22	WT	CYP2B6
5.2951280931235e-26	0.054762001192046	0.574	0.573	1.03821576521873e-21	WT	STXBP1
5.49824113918964e-26	0.0569703410947377	0.376	0.388	1.07804014016091e-21	WT	FAM185A
5.76315850468594e-26	0.0568532948192605	0.251	0.237	1.12998248801377e-21	WT	SLCO6A1
5.82331910383467e-26	0.0711971752125446	0.117	0.089	1.14177817668886e-21	WT	NAPSA
5.95877449691461e-26	0.0551815723013558	0.322	0.33	1.16833691561005e-21	WT	LMX1A
6.12303419987153e-26	0.0545664129305198	0.101	0.086	1.20054331556881e-21	WT	FXYD5
7.08423878824104e-26	0.0551324393960874	0.373	0.393	1.38900669921042e-21	WT	IMPDH1
7.22152425622173e-26	0.0504836940200524	0.157	0.152	1.4159242609174e-21	WT	BIN2
9.53644457457051e-26	0.0753192302171974	0.139	0.127	1.86981068773604e-21	WT	HOXB9
9.90058409914958e-26	0.0641466889391488	0.12	0.109	1.94120752432026e-21	WT	TMEM154
1.00749757558456e-25	0.0529867715153542	0.579	0.578	1.97540049644864e-21	WT	APC
1.06806100949168e-25	0.0557933231566837	0.066	0.056	2.09414722131034e-21	WT	ANKRD62
1.09814965563175e-25	0.052016472461515	0.26	0.257	2.15314202979717e-21	WT	DNAJC25
1.13324648928048e-25	0.055682577602125	0.458	0.471	2.22195639153223e-21	WT	BAIAP3
1.14097861275506e-25	0.0612141511421307	0.082	0.063	2.23711676602884e-21	WT	COMP
1.20835273709341e-25	0.0594418580879244	0.113	0.102	2.36921721161905e-21	WT	KREMEN2
1.26918525227801e-25	0.0505247983902799	0.153	0.151	2.4884915241415e-21	WT	CNTNAP1
1.30031765183938e-25	0.0547104325319512	0.277	0.281	2.54953281996147e-21	WT	MOSPD2
1.33283522385023e-25	0.0696101121458713	0.059	0.041	2.61329002340315e-21	WT	C4orf17
1.3411239987976e-25	0.05379943845042	0.19	0.173	2.62954182444245e-21	WT	DGKE
1.37907047333912e-25	0.0549312251281822	0.543	0.555	2.70394347707602e-21	WT	MAMSTR
1.7437599919751e-25	0.0524571646706641	0.38	0.382	3.41899021626559e-21	WT	NR4A3
1.77432551830294e-25	0.0552832505557081	0.416	0.42	3.47892004373658e-21	WT	ARMC9
1.8448833055293e-25	0.0642033504091282	0.056	0.04	3.6172626971513e-21	WT	CRX
1.8546777528735e-25	0.0514554695822999	0.066	0.054	3.63646667005908e-21	WT	SLC16A8
1.95703097675415e-25	0.0570573380001326	0.183	0.168	3.83715063612186e-21	WT	MFSD14C
2.14295456193894e-25	0.050064526564151	0.183	0.184	4.20169100959368e-21	WT	UBL4A
2.17879515223233e-25	0.0680851795446205	0.072	0.052	4.27196365498193e-21	WT	TAC3
2.20753737667082e-25	0.0576679066701024	0.234	0.229	4.32831853443848e-21	WT	SPARC
2.25251304124088e-25	0.0641335109243604	0.051	0.036	4.41650231996099e-21	WT	CMTM1
2.40600872492346e-25	0.0519445445728968	0.085	0.073	4.71746130695744e-21	WT	DACT1
2.64113236518268e-25	0.0500611562990658	0.473	0.478	5.17846822841368e-21	WT	FRY
2.70101115649323e-25	0.0503849270644394	0.17	0.168	5.29587257453627e-21	WT	C14orf169
2.88289652042367e-25	0.0507989017058065	0.216	0.217	5.65249520759469e-21	WT	RASSF10
3.0729273372749e-25	0.0546750494416443	0.304	0.304	6.0250886301949e-21	WT	SAPCD2
3.86879783067963e-25	0.0576707947733563	0.067	0.054	7.58555190661356e-21	WT	NRIP3
4.01226080907721e-25	0.0675006528722203	0.086	0.067	7.86683976835768e-21	WT	OPN4
4.32548512381107e-25	0.066022565059088	0.126	0.101	8.48097868225637e-21	WT	ITM2C
4.37614712971868e-25	0.0667819615944507	0.33	0.316	8.58031167723941e-21	WT	INPP5D
4.61663651374014e-25	0.058355005303742	0.521	0.536	9.05183921249029e-21	WT	AGFG2
4.91587879039434e-25	0.0528321211739343	0.386	0.4	9.63856354432619e-21	WT	ABCF2
5.1152542671761e-25	0.0531283554132097	0.308	0.312	1.00294790416522e-20	WT	POC5
5.2735365182679e-25	0.0710364125102793	0.064	0.046	1.03398230513679e-20	WT	GNB3
5.27875875405487e-25	0.0594560255711765	0.091	0.073	1.03500622890754e-20	WT	TFAP2C
5.32306710939862e-25	0.0561328499437964	0.129	0.116	1.04369376813979e-20	WT	ARL17B
5.59033834121227e-25	0.0644935678576037	0.191	0.192	1.09609763856149e-20	WT	PTHLH
5.64318031620769e-25	0.0552019722048293	0.443	0.457	1.10645836459884e-20	WT	TSC22D4
6.66198538886609e-25	0.0643387332489682	0.111	0.097	1.30621547519497e-20	WT	LA16c-380H5.3
7.34096332466379e-25	0.0632075145495422	0.1	0.082	1.43934267906683e-20	WT	ATCAY
7.7987353810487e-25	0.0596251674208445	0.098	0.087	1.52909804616222e-20	WT	PASD1
1.03400247649891e-24	0.0661059965129426	0.168	0.153	2.02736865567141e-20	WT	ZSCAN10
1.03627774170632e-24	0.0555629303168663	0.175	0.165	2.03182976816357e-20	WT	ZNF484
1.04142833583187e-24	0.0550787591951008	0.078	0.064	2.04192853806556e-20	WT	C15orf59
1.15696154104326e-24	0.0514897560354667	0.095	0.086	2.26845449352352e-20	WT	CLEC2A
1.16197107966396e-24	0.069482680291005	0.051	0.034	2.27827669589713e-20	WT	APOD
1.21207541327573e-24	0.0539794979218806	0.117	0.1	2.37651626280972e-20	WT	AF165138.7
1.3742809517228e-24	0.0607963932223136	0.083	0.066	2.69455266204289e-20	WT	CSF2RA
1.68636212390948e-24	0.070871110745241	0.07	0.05	3.30645021634932e-20	WT	BPIFB2
1.70025522934635e-24	0.0555666519947952	0.336	0.331	3.33369042817938e-20	WT	RNF180
1.94370439806394e-24	0.0590642153559211	0.056	0.043	3.81102121328396e-20	WT	PRG4
1.972743461716e-24	0.0588718437247794	0.109	0.094	3.86795810538656e-20	WT	LAG3
1.99536567862813e-24	0.0548226763293362	0.208	0.2	3.91231348608618e-20	WT	SNAPC4
2.05323088714526e-24	0.054287143846639	0.051	0.039	4.02576980042571e-20	WT	RP5-860F19.8
2.12859871051538e-24	0.0589902090369097	0.061	0.047	4.17354349170751e-20	WT	SIRPD
2.15145351448364e-24	0.0529219502114362	0.091	0.083	4.21835490584806e-20	WT	HEPH
2.26711926047245e-24	0.0678248774749972	0.071	0.051	4.44514073400834e-20	WT	ATP4A
2.26752329694308e-24	0.0526666127642143	0.091	0.08	4.4459329283163e-20	WT	RHAG
2.27451076871171e-24	0.063581782079745	0.051	0.035	4.45963326421305e-20	WT	C16orf78
2.32534636714471e-24	0.0582692163844059	0.062	0.05	4.55930662206062e-20	WT	SERPINB10
2.41547005782295e-24	0.0571658315740124	0.054	0.042	4.73601214237347e-20	WT	PDCL2
2.42237124388828e-24	0.0597877968855787	0.485	0.488	4.74954329789175e-20	WT	ZNF846
2.45554335990219e-24	0.0531875230235896	0.364	0.346	4.81458386576022e-20	WT	MVB12B
2.97045807519949e-24	0.0557080034995479	0.612	0.601	5.82417714804365e-20	WT	GARNL3
3.01515239729976e-24	0.0603144448004694	0.379	0.374	5.91180930538565e-20	WT	NAIF1
4.0816966719246e-24	0.0555746059141468	0.265	0.26	8.00298266464256e-20	WT	C9orf43
4.11004229616267e-24	0.0574125972814599	0.119	0.107	8.05855993008615e-20	WT	C6orf10
4.38940652377961e-24	0.0654481682175714	0.141	0.124	8.60630937117468e-20	WT	C8orf88
4.69284093783581e-24	0.0513704947089362	0.072	0.059	9.20125322681467e-20	WT	OIT3
6.30634465132142e-24	0.0553251563214652	0.372	0.39	1.23648499578459e-19	WT	LAMTOR4
6.65439455486512e-24	0.0626129658959267	0.167	0.165	1.3047271403724e-19	WT	PLD4
9.14737450954341e-24	0.0500087586740515	0.111	0.103	1.79352572008618e-19	WT	KLHDC8B
9.72066655712233e-24	0.0654984072722157	0.112	0.097	1.90593109185497e-19	WT	MAG
1.05495497614848e-23	0.0560341634190261	0.067	0.055	2.06845022173432e-19	WT	CHRNG
1.15764009621187e-23	0.0574494425870661	0.089	0.072	2.26978493664262e-19	WT	GAB4
1.3306446447997e-23	0.051756868798107	0.058	0.046	2.60899495505877e-19	WT	LYL1
1.36007283554829e-23	0.0584484461593935	0.057	0.042	2.66669480865952e-19	WT	BLACE
1.47909911942937e-23	0.0550476046462907	0.206	0.21	2.90006964346516e-19	WT	TMPRSS13
1.47922641297932e-23	0.0538189580051063	0.096	0.082	2.90031922792855e-19	WT	CTD-2521M24.10
1.5721100208205e-23	0.0598698561227685	0.063	0.047	3.08243611782276e-19	WT	USP41
1.69401304591069e-23	0.0603807379787841	0.132	0.117	3.3214513791171e-19	WT	IGDCC3
1.88447561681384e-23	0.0667983283155549	0.052	0.035	3.6948913418869e-19	WT	KRT72
1.88726014118604e-23	0.0604802878407877	0.063	0.046	3.70035095882348e-19	WT	FETUB
2.024720979601e-23	0.0522731438126398	0.321	0.333	3.96987042470368e-19	WT	FAM220A
2.08697129570848e-23	0.0678499564391482	0.09	0.079	4.09192461949562e-19	WT	NCF1
2.32180821354016e-23	0.0502123492665618	0.252	0.242	4.55236936428818e-19	WT	F13A1
2.85691871740997e-23	0.0572600109693072	0.254	0.24	5.60156052922573e-19	WT	IFITM2
3.01084647122207e-23	0.0586179206742587	0.054	0.034	5.90336667612511e-19	WT	ZNF556
3.29788293982787e-23	0.0503575431613549	0.585	0.594	6.4661590801205e-19	WT	RAB5B
4.22948075873446e-23	0.0537652848446352	0.081	0.069	8.29274292365067e-19	WT	PRRT4
4.50624297271638e-23	0.0575160940543483	0.075	0.06	8.83539059660501e-19	WT	MDFI
4.69150043300471e-23	0.0525540934673961	0.42	0.431	9.19862489899234e-19	WT	ENTPD6
4.88473383121918e-23	0.0580594219587717	0.065	0.052	9.57749762287144e-19	WT	CACNG6
4.94915311802663e-23	0.0586858149460503	0.052	0.039	9.70380451851482e-19	WT	ICOS
4.97289635830431e-23	0.0589812692710706	0.12	0.107	9.75035788972726e-19	WT	RP11-40A7.2
5.01732599833417e-23	0.054649520661985	0.093	0.082	9.83747108493381e-19	WT	RP11-569D9.5
5.11338334943925e-23	0.058821612651297	0.217	0.199	1.00258107332455e-18	WT	LPAR3
5.13076001496241e-23	0.0549059606392982	0.116	0.105	1.00598811613368e-18	WT	GLP1R
5.52054210392258e-23	0.0638508715842925	0.093	0.081	1.0824126903161e-18	WT	FGL1
5.70049813029017e-23	0.0662412727165435	0.054	0.036	1.11769666840599e-18	WT	FGF6
5.85110591578792e-23	0.0545981363087482	0.068	0.057	1.14722633690854e-18	WT	CEND1
6.88241965728609e-23	0.0588874262370234	0.069	0.053	1.34943602220408e-18	WT	CCDC154
7.56539480349288e-23	0.0759698134963592	0.13	0.113	1.48334695912085e-18	WT	DDIT4L
7.62839515250521e-23	0.0539514615538399	0.071	0.06	1.4956994375517e-18	WT	ZNF134
8.37260257537797e-23	0.0549965366016165	0.107	0.093	1.64161618695436e-18	WT	CPT1C
8.98736882899914e-23	0.0586865957826792	0.091	0.074	1.76215340630186e-18	WT	ZAP70
9.2712063198836e-23	0.0586428910531925	0.261	0.257	1.81780542313958e-18	WT	HPS6
9.40726104403362e-23	0.060094394019257	0.074	0.06	1.84448167290367e-18	WT	HCLS1
1.07585923208512e-22	0.0593290496985874	0.135	0.118	2.10943719634929e-18	WT	FAM89A
1.07959427373175e-22	0.0597089296644204	0.07	0.054	2.11676049250584e-18	WT	KCNK6
1.08714595033641e-22	0.0577503906412623	0.257	0.247	2.1315670648246e-18	WT	EFCC1
1.0881445358938e-22	0.0704079030895944	0.125	0.106	2.13352499152697e-18	WT	SAG
1.19865375559763e-22	0.0522153047532664	0.377	0.379	2.35020041860027e-18	WT	CACFD1
1.22909217573329e-22	0.0577497002275273	0.057	0.041	2.40988102896026e-18	WT	CLEC17A
1.76282623992784e-22	0.0654849756605808	0.156	0.131	3.45637340862652e-18	WT	BDKRB2
1.96426218259427e-22	0.0532802508690571	0.097	0.084	3.85132886141258e-18	WT	AKAIN1
2.7967004101451e-22	0.0553015052263569	0.246	0.232	5.48349049417151e-18	WT	MARCH4
2.90185300940027e-22	0.0504266436282743	0.407	0.432	5.68966319553111e-18	WT	CHML
2.98032909342984e-22	0.0613893554535883	0.503	0.489	5.84353125348789e-18	WT	TLE4
3.55959515011288e-22	0.066772890880081	0.053	0.034	6.97929821082632e-18	WT	SDR16C5
3.87801065499677e-22	0.051711474882749	0.079	0.069	7.60361549125216e-18	WT	PRSS45
4.38135714194122e-22	0.0505985169148355	0.212	0.217	8.59052694820415e-18	WT	GRIP2
4.489370699337e-22	0.0569407781517859	0.066	0.053	8.80230913019006e-18	WT	TMEM59L
5.42435484605346e-22	0.0553000597468843	0.137	0.119	1.0635532546657e-17	WT	RAD54B.1
5.71849590737681e-22	0.0619581743984335	0.095	0.076	1.12122549255937e-17	WT	BSPRY
5.8275749786996e-22	0.0501670516757663	0.091	0.084	1.14261262607363e-17	WT	C1orf61
5.86868185228898e-22	0.0601875442220702	0.06	0.044	1.1506724507783e-17	WT	FAM150A
6.25800016532668e-22	0.0638217833869913	0.245	0.228	1.2270060924156e-17	WT	QSOX2
6.50997462686601e-22	0.0547907419123023	0.182	0.179	1.27641072508962e-17	WT	NOS3
7.11379845051097e-22	0.0596807508301501	0.133	0.115	1.39480246219169e-17	WT	AC011513.3
8.12320403107781e-22	0.0600782663111944	0.085	0.07	1.59271661437343e-17	WT	GDF6
9.5009162446734e-22	0.0529190957702299	0.394	0.447	1.86284464809311e-17	WT	PCED1B
1.31378918761312e-21	0.0593441014972542	0.213	0.194	2.57594646015305e-17	WT	ADGRA1
1.41657301175748e-21	0.0550519700292856	0.073	0.059	2.77747470415289e-17	WT	LY9
1.48612710061802e-21	0.0585231961691997	0.05	0.036	2.91384940618175e-17	WT	DUPD1
1.50612144983987e-21	0.0523873645006219	0.05	0.037	2.95305232670104e-17	WT	DQX1
1.7748787187411e-21	0.0594552415018086	0.102	0.088	3.48000470383568e-17	WT	KCNN4
2.00646617292629e-21	0.0574049342723991	0.057	0.043	3.93407822525658e-17	WT	CEACAM3
2.05114721454856e-21	0.0591897693811184	0.54	0.551	4.02168434356537e-17	WT	PCBP3
2.29299205309821e-21	0.0563296800772554	0.1	0.085	4.49586951850965e-17	WT	NOVA2
2.74105046186912e-21	0.0582946558392017	0.481	0.505	5.37437764058678e-17	WT	BAIAP2L1
3.24430286648281e-21	0.0562241198137879	0.055	0.042	6.36110463031285e-17	WT	RP11-77K12.7
3.8397833642447e-21	0.0501965707132882	0.13	0.123	7.52866324227459e-17	WT	RP11-229P13.27
4.2338122906567e-21	0.0554725679247311	0.55	0.576	8.30123575829059e-17	WT	SLC27A6
5.58578602149403e-21	0.0608662899634797	0.082	0.065	1.09520506523433e-16	WT	MLC1
6.32139902311878e-21	0.052156194312014	0.249	0.255	1.2394367064629e-16	WT	FANCB
6.79762880808062e-21	0.0506201532073861	0.265	0.268	1.33281108040037e-16	WT	CAPN13
7.51503202796513e-21	0.0560349425859839	0.105	0.095	1.47347232972312e-16	WT	TF
8.18047889197761e-21	0.0511193881980905	0.239	0.241	1.60394649635005e-16	WT	NYAP1
8.2429635372421e-21	0.0595418649969975	0.056	0.042	1.61619786074706e-16	WT	FUT7
8.6813051669552e-21	0.0519451140346266	0.341	0.334	1.70214350408491e-16	WT	FPGS
1.00435169837754e-20	0.0538269515328415	0.058	0.044	1.96923237500885e-16	WT	CNN1
1.11903638755201e-20	0.0599036601283282	0.2	0.171	2.19409464507322e-16	WT	RP11-404P21.8
1.19919803875637e-20	0.0540969986591842	0.13	0.121	2.35126759458962e-16	WT	FAM83A
1.29393588718872e-20	0.0638149789394397	0.193	0.185	2.53702009401092e-16	WT	TMEM173
1.86720330819234e-20	0.0520483820365678	0.054	0.044	3.66102552637272e-16	WT	FCER1G
2.22634009430629e-20	0.050253395729323	0.29	0.3	4.36518502290634e-16	WT	PPM1N
4.28738232692675e-20	0.0524214861364851	0.068	0.057	8.40627052840528e-16	WT	TREM1
4.38658057747686e-20	0.0553470771129566	0.488	0.424	8.60076853825889e-16	WT	SIM1
4.71965981660227e-20	0.0502667462465297	0.489	0.506	9.25383700241208e-16	WT	TMEM60
5.93342347749577e-20	0.0555186449121195	0.23	0.216	1.16336634123259e-15	WT	SLA
7.1731671878379e-20	0.0509491288267634	0.05	0.037	1.40644289051938e-15	WT	ISX
8.69339818823956e-20	0.0560821170437332	0.051	0.035	1.70451458276813e-15	WT	C9orf57
9.33840202189835e-20	0.052819324889514	0.059	0.045	1.83098048443361e-15	WT	CBWD1
1.30320216764738e-19	0.0549170892566049	0.089	0.08	2.55518849010622e-15	WT	TULP1
1.46803724810059e-19	0.0533740490004147	0.338	0.364	2.87838063235082e-15	WT	SMARCD3
1.51522083312987e-19	0.0544580016577086	0.31	0.286	2.97089348751773e-15	WT	WNK2
1.59983406523426e-19	0.0500917524449901	0.071	0.061	3.13679465170481e-15	WT	ALDH3B2
1.8181182616724e-19	0.0547400328371227	0.106	0.085	3.56478447566108e-15	WT	VASH1
2.73609901304861e-19	0.0523087467552917	0.412	0.424	5.36466933488442e-15	WT	SLC9A3
2.88674653892056e-19	0.0545079244912396	0.405	0.439	5.66004393886154e-15	WT	PLXND1
2.95030649649954e-19	0.051247044732893	0.586	0.59	5.78466594768664e-15	WT	PDCD6
3.52300799025516e-19	0.0511723514828802	0.079	0.061	6.90756176649329e-15	WT	PTGDS
3.76630094015299e-19	0.0517920742436225	0.115	0.1	7.38458625335796e-15	WT	CEACAM7
4.59019101565187e-19	0.0687733557867817	0.172	0.135	8.99998752438863e-15	WT	HIST1H2BK
4.96485647733928e-19	0.0531896829331625	0.117	0.107	9.73459409511913e-15	WT	SEMA6B
5.02798297146228e-19	0.051000539444294	0.052	0.04	9.8583662121461e-15	WT	KLK2
5.47155797420868e-19	0.0558469274516309	0.125	0.111	1.0728083720031e-14	WT	CTD-2287O16.3
7.22089936267063e-19	0.0553889698518419	0.064	0.051	1.41580173803883e-14	WT	BPIFB3
7.46134507785004e-19	0.0581526512226284	0.056	0.042	1.46294592941406e-14	WT	PLA2G2C
8.48680852456403e-19	0.0561702677147324	0.064	0.054	1.66400854741127e-14	WT	ANKRD20A4
8.67141314788818e-19	0.0560914884295372	0.066	0.056	1.70020397590644e-14	WT	CCNA1
8.74216294294647e-19	0.0599458544950421	0.5	0.503	1.71407588822352e-14	WT	ADGRB1
9.4755164553417e-19	0.0551715007218282	0.083	0.069	1.85786451139885e-14	WT	WNT10B
1.04374033447708e-18	0.0572619509327584	0.054	0.04	2.04646167380921e-14	WT	PNLIPRP1
1.23829375466164e-18	0.0588935078125765	0.141	0.13	2.42792256476508e-14	WT	CFAP100
1.31719177591651e-18	0.0500816678041732	0.069	0.058	2.58261791503951e-14	WT	ADAD1
1.62050773419887e-18	0.0510802347289076	0.078	0.069	3.17732951444373e-14	WT	NES
2.22690992605629e-18	0.0557037346986903	0.096	0.087	4.36630229201858e-14	WT	MUM1L1
3.13814633940997e-18	0.0541057938581133	0.336	0.344	6.15296352768114e-14	WT	WNT3A
3.90497654421865e-18	0.06844090320756	0.089	0.072	7.65648751024951e-14	WT	FAM153C
6.05075268322254e-18	0.0523133114204982	0.08	0.067	1.18637107859944e-13	WT	PLVAP
6.97480067254933e-18	0.0584066377988357	0.247	0.226	1.36754916786675e-13	WT	GABRA6
1.02493519861694e-17	0.0526023449821056	0.095	0.082	2.00959044392823e-13	WT	FOLH1
2.36433206832026e-17	0.0584443947988614	0.402	0.416	4.63574588635553e-13	WT	RASGEF1C
5.11763975889136e-17	0.0502374991959368	0.054	0.046	1.00341562752583e-12	WT	HIST1H1A
1.30826067363944e-16	0.051370564374719	0.198	0.195	2.56510670280486e-12	WT	SMIM10L2B
1.62903613175383e-16	0.0578294995510432	0.066	0.05	3.19405114352973e-12	WT	GRM6
2.35458567884227e-16	0.0502111819325223	0.082	0.07	4.61663614050604e-12	WT	ECSCR.1
2.65207271155182e-16	0.0556559136173914	0.124	0.103	5.19991896553965e-12	WT	ZDHHC11
5.23707505466668e-16	0.0519306023952074	0.056	0.045	1.0268333059685e-11	WT	SLITRK3
6.60050170076042e-16	0.0629240012423282	0.062	0.045	1.2941603684681e-11	WT	KCNMB1
8.3436277104852e-16	0.0514673978501051	0.726	0.727	1.63593508519483e-11	WT	SEMA4D
1.16482275643426e-15	0.0510714085254299	0.06	0.048	2.28386797854065e-11	WT	OLR1
1.35229698431365e-15	0.0589842126394847	0.426	0.454	2.65144869714378e-11	WT	SERPINE1
2.63027655824944e-15	0.0542763955701029	0.159	0.141	5.15718324775967e-11	WT	GABRG2
2.82573885492893e-13	0.0554263143010369	0.391	0.381	5.54042617285916e-09	WT	PLAUR
3.5698987307217e-11	0.0578826103997852	0.433	0.457	6.99950044132604e-07	WT	UNC5A
3.12934408740143e-10	0.0503544158931886	0.101	0.085	6.13570495216798e-06	WT	MT1E
9.67246281292432e-08	0.0624912000417594	0.11	0.082	0.00189647978373007	WT	HIST1H2BH
